"rep-file-drag"
"Time Step" "flow-time etc.."
("Time Step" "flow-time" "report-def-drag")
0 0 0
1 0.02 118.5869181658145
2 0.04 2.255944425947428
3 0.06 2.200772360985826
4 0.08 2.231476967846977
5 0.1 2.267228845563637
6 0.12 2.344182447989574
7 0.14 2.404728766904675
8 0.16 2.435792029440581
9 0.18 2.443702951600251
10 0.2 2.436444417804572
11 0.22 2.436428637120068
12 0.24 2.43081081083802
13 0.26 2.424166126497979
14 0.28 2.415765253807626
15 0.3 2.404941593758393
16 0.32 2.390999871961258
17 0.34 2.383704316236221
18 0.36 2.374814458736943
19 0.38 2.362008341591911
20 0.4 2.34703385029142
21 0.42 2.331227172383235
22 0.44 2.314122427289086
23 0.46 2.295229449671534
24 0.48 2.276407054324314
25 0.5 2.25790048443984
26 0.52 2.239788255764295
27 0.54 2.219274198298993
28 0.5600000000000001 2.198076992423567
29 0.58 2.175965224688693
30 0.6 2.155253828296556
31 0.62 2.134867576951085
32 0.64 2.114453077753935
33 0.66 2.095423061786748
34 0.68 2.073782598150484
35 0.7000000000000001 2.051953074475927
36 0.72 2.029930080429522
37 0.74 2.008719402587684
38 0.76 1.988536336771593
39 0.78 1.968640931605113
40 0.8 1.948829078335015
41 0.8200000000000001 1.92862864986518
42 0.84 1.908539146858843
43 0.86 1.888150167146597
44 0.88 1.86787803496428
45 0.9 1.84794606687613
46 0.92 1.827855619053098
47 0.9400000000000001 1.808550596282431
48 0.96 1.789580720949117
49 0.98 1.771264445057521
50 1 1.752426578828404
51 1.02 1.733468712755095
52 1.04 1.715386445845981
53 1.06 1.696685477837558
54 1.08 1.679496721626609
55 1.1 1.662346179471297
56 1.12 1.64607819087212
57 1.14 1.630327612721556
58 1.16 1.615464432702348
59 1.18 1.600520595591094
60 1.2 1.58579942896255
61 1.22 1.571236450189288
62 1.24 1.556849405231058
63 1.26 1.542821955897703
64 1.28 1.529012263493181
65 1.3 1.516239680219422
66 1.32 1.502800489327123
67 1.34 1.489781263839157
68 1.36 1.477112743430121
69 1.38 1.465098308125241
70 1.4 1.453643690175471
71 1.42 1.442633166021742
72 1.44 1.431649664862741
73 1.46 1.420291345312013
74 1.48 1.409090157446444
75 1.5 1.398023363054451
76 1.52 1.387461616694373
77 1.54 1.377360248464333
78 1.56 1.367758169168039
79 1.58 1.358043134132796
80 1.6 1.34810708328086
81 1.62 1.339082289176336
82 1.64 1.329519812064879
83 1.66 1.320433697810045
84 1.68 1.311772459479717
85 1.7 1.303578570378356
86 1.72 1.295232889491788
87 1.74 1.286901001331974
88 1.76 1.278961533728684
89 1.78 1.271346915085637
90 1.8 1.264281273255862
91 1.82 1.257738028512965
92 1.84 1.251674027764859
93 1.86 1.245389279273074
94 1.88 1.239102962929617
95 1.9 1.233065456395811
96 1.92 1.227331070544992
97 1.94 1.223020266563719
98 1.96 1.21758125067656
99 1.98 1.214173973195118
100 2 1.209851135503282
101 2.02 1.205539092341507
102 2.04 1.201575149951874
103 2.06 1.197941783324834
104 2.08 1.1950540385753
105 2.1 1.192717131670532
106 2.12 1.190882117488061
107 2.14 1.18889384779144
108 2.16 1.187045231241801
109 2.18 1.185565161170121
110 2.2 1.184506509670705
111 2.22 1.18430236346642
112 2.24 1.184753742195915
113 2.26 1.185698916493177
114 2.28 1.186401135541143
115 2.3 1.187367580093251
116 2.32 1.188823563797567
117 2.34 1.191332607932116
118 2.36 1.194241540503455
119 2.38 1.19809641749679
120 2.4 1.201728691725442
121 2.42 1.205583090785412
122 2.44 1.209708320944375
123 2.46 1.214498582540148
124 2.48 1.219522278441162
125 2.5 1.225109140247089
126 2.52 1.231301763126629
127 2.54 1.238009320060174
128 2.56 1.245053564728841
129 2.58 1.252348631545902
130 2.6 1.260258362342223
131 2.62 1.268195310505276
132 2.64 1.276837097369071
133 2.66 1.285395384283566
134 2.68 1.294461941675758
135 2.7 1.303903613083339
136 2.72 1.31367776642369
137 2.74 1.323731600024395
138 2.76 1.333945520564389
139 2.78 1.344342348494383
140 2.8 1.354900276228759
141 2.82 1.365596465174137
142 2.84 1.376448387832812
143 2.86 1.387427724903874
144 2.88 1.398527033692148
145 2.9 1.409729310461628
146 2.92 1.420998379846275
147 2.94 1.432353822151127
148 2.96 1.443662651611953
149 2.98 1.454991066022743
150 3 1.46630829574243
151 3.02 1.47758368318045
152 3.04 1.488806689290301
153 3.06 1.49993993160745
154 3.08 1.510971989653268
155 3.1 1.521850768609459
156 3.12 1.532572291952586
157 3.14 1.543144019615559
158 3.16 1.553545285060279
159 3.18 1.563723394166629
160 3.2 1.573807387481752
161 3.22 1.583562598773094
162 3.24 1.593237400975267
163 3.26 1.602645398642533
164 3.28 1.611799648698413
165 3.3 1.620665520967143
166 3.32 1.629359034269263
167 3.34 1.63786753700383
168 3.36 1.646128959944534
169 3.38 1.654128944098759
170 3.4 1.661934361027366
171 3.42 1.66943397046986
172 3.44 1.676825099319062
173 3.46 1.683925303370855
174 3.48 1.690757391694997
175 3.5 1.697398811412097
176 3.52 1.703750072749453
177 3.54 1.709966848988908
178 3.56 1.715971853491302
179 3.58 1.721691271843648
180 3.6 1.727147053917824
181 3.62 1.732383236422267
182 3.64 1.737309546763122
183 3.66 1.741938890888347
184 3.68 1.746558019571995
185 3.7 1.750721656422318
186 3.72 1.75453423940904
187 3.74 1.758458350393679
188 3.76 1.761972187395779
189 3.78 1.765523047831002
190 3.8 1.76872651799059
191 3.82 1.771861999065289
192 3.84 1.774717962152036
193 3.86 1.777448903276164
194 3.88 1.779875166016714
195 3.9 1.78220361278768
196 3.92 1.784398289163053
197 3.94 1.78638155411583
198 3.96 1.788374316083783
199 3.98 1.790260458034552
200 4 1.791799568500042
201 4.02 1.793159445214211
202 4.04 1.79426157639532
203 4.06 1.795453772744226
204 4.08 1.796073394007582
205 4.1 1.79673941885424
206 4.12 1.797359950293451
207 4.14 1.797807777983377
208 4.16 1.798740247633013
209 4.18 1.798974996506997
210 4.2 1.799609470571977
211 4.22 1.799572415246038
212 4.24 1.800009146247419
213 4.26 1.799696864220439
214 4.28 1.7999244412463
215 4.3 1.799219579610693
216 4.32 1.799216893231295
217 4.34 1.79883291131183
218 4.36 1.798693990616012
219 4.38 1.798662153519658
220 4.4 1.798530506761507
221 4.42 1.797878086623348
222 4.44 1.797827463662735
223 4.46 1.797438297991618
224 4.48 1.796846346047167
225 4.5 1.796135638732345
226 4.52 1.795392323404828
227 4.54 1.794560796461365
228 4.56 1.793709637708576
229 4.58 1.7928217271982
230 4.600000000000001 1.791901075908128
231 4.62 1.790957126870106
232 4.64 1.790023361627638
233 4.66 1.789041597494575
234 4.68 1.788055628959509
235 4.7 1.786999485822851
236 4.72 1.785925876049718
237 4.74 1.784727987005432
238 4.76 1.783538283500114
239 4.78 1.782287745212857
240 4.8 1.78105775513719
241 4.82 1.779868921738469
242 4.84 1.778484043326373
243 4.86 1.777194032615767
244 4.88 1.775875078537465
245 4.9 1.774498018506489
246 4.92 1.773128962396767
247 4.94 1.771729199995106
248 4.96 1.77033355332303
249 4.98 1.76889438494118
250 5 1.767470383430201
251 5.02 1.76602950223095
252 5.04 1.764577545182349
253 5.06 1.763063923161142
254 5.08 1.761499997363914
255 5.100000000000001 1.760244034692014
256 5.12 1.758738808928812
257 5.14 1.757098989365651
258 5.16 1.755682069929013
259 5.18 1.754139540336908
260 5.2 1.753372949707199
261 5.22 1.751259155008425
262 5.24 1.75232421941561
263 5.26 1.748748835545147
264 5.28 1.746929332193404
265 5.3 1.746070435294418
266 5.32 1.743964232693786
267 5.34 1.744999573530421
268 5.36 1.741439023271359
269 5.38 1.742284163769511
270 5.4 1.738693261101798
271 5.42 1.739501626181877
272 5.44 1.735935985559773
273 5.46 1.736733212813424
274 5.48 1.733178342468699
275 5.5 1.733971051786188
276 5.52 1.730482615894977
277 5.54 1.731225055035522
278 5.56 1.727745792776128
279 5.58 1.728472811835027
280 5.600000000000001 1.725073623291844
281 5.62 1.725786560786909
282 5.64 1.722454550149602
283 5.66 1.723172261601066
284 5.68 1.719822642411722
285 5.7 1.720573540499845
286 5.72 1.717333321879833
287 5.74 1.718030942339126
288 5.76 1.714759191577063
289 5.78 1.715447178977151
290 5.8 1.712326222366298
291 5.82 1.712946860829077
292 5.84 1.709756699586902
293 5.86 1.710389210400858
294 5.88 1.707382853233295
295 5.9 1.707944385929275
296 5.92 1.704919235181165
297 5.94 1.705541333765968
298 5.96 1.702461185074938
299 5.98 1.703016104524199
300 6 1.700148210995635
301 6.02 1.700700949824373
302 6.04 1.69779475199949
303 6.06 1.698348829262965
304 6.08 1.695544094980187
305 6.100000000000001 1.696029697499822
306 6.12 1.693365299781971
307 6.140000000000001 1.693789548640837
308 6.16 1.691223033598469
309 6.18 1.691601168000993
310 6.2 1.689080171863715
311 6.22 1.689429940130296
312 6.24 1.686943280320783
313 6.26 1.687280142934447
314 6.28 1.684856261611016
315 6.3 1.685299448605574
316 6.32 1.682677059744009
317 6.34 1.683067238050757
318 6.36 1.680879654049902
319 6.38 1.681143419840019
320 6.4 1.678765511161526
321 6.42 1.67909844790155
322 6.44 1.676814255018475
323 6.46 1.677044494944268
324 6.48 1.675060957194269
325 6.5 1.675179660395328
326 6.52 1.673165317701379
327 6.54 1.673283881456325
328 6.56 1.671302066779969
329 6.58 1.671442561853792
330 6.600000000000001 1.669493488144163
331 6.62 1.669601126770415
332 6.640000000000001 1.667763258346575
333 6.66 1.667869527833828
334 6.68 1.66579932033217
335 6.7 1.666062321870635
336 6.72 1.664526721901306
337 6.74 1.664545939046538
338 6.76 1.662490383901199
339 6.78 1.662615125130726
340 6.8 1.661337636574021
341 6.82 1.661198929459825
342 6.84 1.659274547384388
343 6.86 1.659360816164446
344 6.88 1.657982735592405
345 6.9 1.65791940288304
346 6.92 1.656038055502671
347 6.94 1.656180398088307
348 6.96 1.654847622804783
349 6.98 1.654786675989015
350 7 1.653040399124241
351 7.02 1.653132118870243
352 7.04 1.651883672723543
353 7.06 1.651782342192596
354 7.08 1.650069279758538
355 7.100000000000001 1.650126331619508
356 7.12 1.648933008414824
357 7.140000000000001 1.648840337498199
358 7.16 1.647203257416221
359 7.18 1.64726018255195
360 7.2 1.646056156415484
361 7.22 1.645972687420749
362 7.24 1.644728101988958
363 7.26 1.644593449162891
364 7.28 1.643084864049053
365 7.3 1.643093177447665
366 7.32 1.64200994280331
367 7.34 1.641888794563455
368 7.36 1.640388977258852
369 7.38 1.640444002407037
370 7.4 1.639439296343219
371 7.42 1.639324948855658
372 7.44 1.63791933785738
373 7.46 1.637928928025968
374 7.48 1.636887966659887
375 7.5 1.636777341306896
376 7.52 1.635693015510183
377 7.54 1.635585201239025
378 7.56 1.634496971461351
379 7.58 1.634375422119845
380 7.600000000000001 1.633309169482756
381 7.62 1.633118083103329
382 7.640000000000001 1.632101331423123
383 7.66 1.631949613929029
384 7.68 1.630909365850776
385 7.7 1.630759912410589
386 7.72 1.629736057100733
387 7.74 1.629564714844409
388 7.76 1.628560151904511
389 7.78 1.628437247411027
390 7.8 1.627447737047512
391 7.82 1.627290626210311
392 7.84 1.626294550348738
393 7.86 1.626173362868681
394 7.88 1.625202655863607
395 7.9 1.625065793813432
396 7.92 1.624115211715927
397 7.94 1.623964559035654
398 7.96 1.623027448435659
399 7.98 1.622878646517334
400 8 1.621974085840256
401 8.02 1.621812463846399
402 8.040000000000001 1.620874969686616
403 8.06 1.6207317381724
404 8.08 1.619798401143175
405 8.1 1.619692860607651
406 8.120000000000001 1.618787561400353
407 8.140000000000001 1.618642891985151
408 8.16 1.617771441271588
409 8.18 1.617612821941611
410 8.199999999999999 1.616740543341515
411 8.220000000000001 1.616606321327914
412 8.24 1.615770535889822
413 8.26 1.615632952070059
414 8.279999999999999 1.61476706809942
415 8.300000000000001 1.614626960438827
416 8.32 1.613829264120829
417 8.34 1.613645710828205
418 8.359999999999999 1.612858782351002
419 8.380000000000001 1.612679345183215
420 8.4 1.611911358591283
421 8.42 1.611729700955798
422 8.44 1.610990911685343
423 8.460000000000001 1.610809310132782
424 8.48 1.610110846075925
425 8.5 1.609918158751011
426 8.52 1.60918185326152
427 8.540000000000001 1.608980479100024
428 8.56 1.608302191495275
429 8.58 1.608066912534191
430 8.6 1.607817149126972
431 8.620000000000001 1.606986270919429
432 8.640000000000001 1.606750501255626
433 8.66 1.606195128529496
434 8.68 1.605936511739838
435 8.700000000000001 1.605298703812208
436 8.720000000000001 1.605102602596061
437 8.74 1.604811280121688
438 8.76 1.604079510771681
439 8.779999999999999 1.603805913444756
440 8.800000000000001 1.60356903858511
441 8.82 1.602904105827873
442 8.84 1.602613125368069
443 8.859999999999999 1.602421547097433
444 8.880000000000001 1.601697467811157
445 8.9 1.601420013785691
446 8.92 1.601319842062345
447 8.94 1.600556026129636
448 8.960000000000001 1.600302196147411
449 8.98 1.600111903689121
450 9 1.599445396625113
451 9.02 1.599173392764623
452 9.040000000000001 1.599051734459983
453 9.06 1.598322034097647
454 9.08 1.598126706170053
455 9.1 1.597895751405081
456 9.120000000000001 1.597309382913794
457 9.140000000000001 1.597072988417984
458 9.16 1.596818618867282
459 9.18 1.596218520202445
460 9.200000000000001 1.595975506566954
461 9.220000000000001 1.595748923913147
462 9.24 1.595222640806853
463 9.26 1.594928827607688
464 9.279999999999999 1.594712224842582
465 9.300000000000001 1.59422096584295
466 9.32 1.593900347350283
467 9.34 1.593706692839912
468 9.359999999999999 1.593210243181205
469 9.380000000000001 1.592894048809225
470 9.4 1.592760952056726
471 9.42 1.592254981611638
472 9.44 1.591954659535265
473 9.460000000000001 1.591731792673047
474 9.48 1.591322604946539
475 9.5 1.590965574126974
476 9.52 1.590807652724674
477 9.540000000000001 1.590382762720924
478 9.56 1.590044173876503
479 9.58 1.589815044383803
480 9.6 1.589490396195083
481 9.620000000000001 1.589115101628174
482 9.640000000000001 1.588896045421076
483 9.66 1.588550245771906
484 9.68 1.588178187437174
485 9.700000000000001 1.587999893189023
486 9.720000000000001 1.587650288309456
487 9.74 1.587329506615245
488 9.76 1.587086834814626
489 9.779999999999999 1.586851159913455
490 9.800000000000001 1.586383858790314
491 9.82 1.586192413975925
492 9.84 1.585916365269585
493 9.859999999999999 1.58560238574327
494 9.880000000000001 1.585261018131207
495 9.9 1.585088635472215
496 9.92 1.584849733162572
497 9.94 1.584443056873036
498 9.960000000000001 1.58423856716232
499 9.98 1.584003479524845
500 10 1.583638743793027
501 10.02 1.583446840249689
502 10.04 1.583138345072272
503 10.06 1.582943544091283
504 10.08 1.582574199175001
505 10.1 1.582354853594334
506 10.12 1.582055592203673
507 10.14 1.581933530093147
508 10.16 1.581570777111087
509 10.18 1.581305954325611
510 10.2 1.581066481970332
511 10.22 1.580890710164254
512 10.24 1.580540760519533
513 10.26 1.580237872153919
514 10.28 1.579993305248586
515 10.3 1.579970062929372
516 10.32 1.579500134545886
517 10.34 1.579282360568528
518 10.36 1.579007065123023
519 10.38 1.578951236959923
520 10.4 1.578553253430191
521 10.42 1.578283381809287
522 10.44 1.578034624345871
523 10.46 1.577943387726555
524 10.48 1.577550475531544
525 10.5 1.577326996408573
526 10.52 1.577040344256291
527 10.54 1.576824025723586
528 10.56 1.576557668346086
529 10.58 1.576343500342949
530 10.6 1.576149604235485
531 10.62 1.575957171029676
532 10.64 1.575799991662259
533 10.66 1.575628687425359
534 10.68 1.575466028979404
535 10.7 1.575302554261989
536 10.72 1.575150108835698
537 10.74 1.574994928312658
538 10.76 1.574846691375311
539 10.78 1.57469640763784
540 10.8 1.574551055510143
541 10.82 1.574404589432324
542 10.84 1.574263776534154
543 10.86 1.574118909121518
544 10.88 1.573976883368699
545 10.9 1.573832773832224
546 10.92 1.573692371153346
547 10.94 1.573541424612449
548 10.96 1.573404406420861
549 10.98 1.573265374057512
550 11 1.573134288486408
551 11.02 1.573976218523871
552 11.04 1.57335913101717
553 11.06 1.573042535568815
554 11.08 1.572813078831399
555 11.1 1.572580275741128
556 11.12 1.572354687504128
557 11.14 1.572178079797198
558 11.16 1.572013815753537
559 11.18 1.571859237047445
560 11.2 1.571720198445806
561 11.22 1.571581415207795
562 11.24 1.571456191177508
563 11.26 1.571326359092333
564 11.28 1.571207199074474
565 11.3 1.571083311945835
566 11.32 1.570971161485584
567 11.34 1.570852082718937
568 11.36 1.570740382619626
569 11.38 1.570621646508225
570 11.4 1.570510809062088
571 11.42 1.570382183879725
572 11.44 1.570278744583707
573 11.46 1.570170859850199
574 11.48 1.570061674849381
575 11.5 1.569938240687643
576 11.52 1.569830550621662
577 11.54 1.569720941031852
578 11.56 1.569613901403869
579 11.58 1.569506257518088
580 11.6 1.569398734822281
581 11.62 1.569273982847668
582 11.64 1.569170117952515
583 11.66 1.56907008202014
584 11.68 1.56896400616176
585 11.7 1.568855586694943
586 11.72 1.568750706879491
587 11.74 1.568640448061313
588 11.76 1.568531466269276
589 11.78 1.568422376660072
590 11.8 1.56831748974215
591 11.82 1.568212361939915
592 11.84 1.568114059645221
593 11.86 1.56801238406135
594 11.88 1.567905190667856
595 11.9 1.567800406518532
596 11.92 1.567697249240857
597 11.94 1.567589596700696
598 11.96 1.567490513896095
599 11.98 1.567385664852763
600 12 1.567287596351162
601 12.02 1.567181094897056
602 12.04 1.567084017533958
603 12.06 1.566978149185784
604 12.08 1.566876027464284
605 12.1 1.566773583234768
606 12.12 1.566674820573172
607 12.14 1.56656807205933
608 12.16 1.566463353838908
609 12.18 1.566355639697647
610 12.2 1.566246386234817
611 12.22 1.566135524968121
612 12.24 1.566023918251029
613 12.26 1.56591411568577
614 12.28 1.565803647643212
615 12.3 1.565686469828783
616 12.32 1.565574076983578
617 12.34 1.565454961224122
618 12.36 1.565336962798885
619 12.38 1.565222353468252
620 12.4 1.565108346710228
621 12.42 1.564993832482715
622 12.44 1.564881670413885
623 12.46 1.564765596589917
624 12.48 1.564654116175398
625 12.5 1.564537793702784
626 12.52 1.56441929422151
627 12.54 1.564304470587939
628 12.56 1.564190581938316
629 12.58 1.564078161588396
630 12.6 1.563962682030526
631 12.62 1.563842623539168
632 12.64 1.563729564042058
633 12.66 1.56360949349617
634 12.68 1.563498313999545
635 12.7 1.563377218123598
636 12.72 1.563268146263553
637 12.74 1.563155995493744
638 12.76 1.563046161371858
639 12.78 1.562934060490801
640 12.8 1.562823765070022
641 12.82 1.562712288219952
642 12.84 1.562602148353672
643 12.86 1.562487611866633
644 12.88 1.562373769574714
645 12.9 1.562262519148568
646 12.92 1.562150794135134
647 12.94 1.562038552484291
648 12.96 1.561928530956997
649 12.98 1.561817431668568
650 13 1.56170827730387
651 13.02 1.561598209353687
652 13.04 1.561490152508856
653 13.06 1.561380974533479
654 13.08 1.561274269786678
655 13.1 1.561165293247498
656 13.12 1.561057276406605
657 13.14 1.560949649580449
658 13.16 1.560842602510395
659 13.18 1.560735662383349
660 13.2 1.560629500029094
661 13.22 1.560526391624071
662 13.24 1.560419208578486
663 13.26 1.560311524630158
664 13.28 1.560209377851553
665 13.3 1.560104599281803
666 13.32 1.560004179328669
667 13.34 1.559901173340089
668 13.36 1.559797735006397
669 13.38 1.559693979398129
670 13.4 1.559591176096341
671 13.42 1.559488540455274
672 13.44 1.559389438819492
673 13.46 1.559288658947878
674 13.48 1.55919182747626
675 13.5 1.559090860993023
676 13.52 1.558993121379662
677 13.54 1.558890898229912
678 13.56 1.558793839188226
679 13.58 1.558693371531571
680 13.6 1.55859735314116
681 13.62 1.558497757600931
682 13.64 1.55842293867044
683 13.66 1.558374341004275
684 13.68 1.558317448334257
685 13.7 1.558247328762109
686 13.72 1.558172177976693
687 13.74 1.558087926236083
688 13.76 1.558005199269168
689 13.78 1.557920065226802
690 13.8 1.557840052968867
691 13.82 1.557750184593167
692 13.84 1.55766236156145
693 13.86 1.557575666926912
694 13.88 1.557489200550037
695 13.9 1.557400435178332
696 13.92 1.557313081070768
697 13.94 1.557225532716769
698 13.96 1.557141817826638
699 13.98 1.55705545254587
700 14 1.556971914540566
701 14.02 1.556886607852455
702 14.04 1.556806766451818
703 14.06 1.556720902087518
704 14.08 1.55663809528541
705 14.1 1.556558274857031
706 14.12 1.556476219709935
707 14.14 1.556390361836558
708 14.16 1.556310262130739
709 14.18 1.556226162984819
710 14.2 1.55614832018525
711 14.22 1.556064778698782
712 14.24 1.555986321871523
713 14.26 1.555901350037786
714 14.28 1.555828303666296
715 14.3 1.555747091344402
716 14.32 1.55567166703959
717 14.34 1.555591089036271
718 14.36 1.555515059887076
719 14.38 1.555434107552892
720 14.4 1.55535791062558
721 14.42 1.555276770294042
722 14.44 1.555199189709404
723 14.46 1.555120239448619
724 14.48 1.555036911297572
725 14.5 1.554949300861048
726 14.52 1.554856203498989
727 14.54 1.554771369883128
728 14.56 1.55468838798938
729 14.58 1.554601562171222
730 14.6 1.554514193127207
731 14.62 1.554427277451999
732 14.64 1.554340934390257
733 14.66 1.554257760622374
734 14.68 1.554171360244459
735 14.7 1.554081049227526
736 14.72 1.553995006289806
737 14.74 1.553904565976276
738 14.76 1.553819117821462
739 14.78 1.553728262433657
740 14.8 1.553643008632054
741 14.82 1.553553092332008
742 14.84 1.553468554905407
743 14.86 1.553379242063853
744 14.88 1.553295089958637
745 14.9 1.553207055302035
746 14.92 1.553123710756255
747 14.94 1.553039584771341
748 14.96 1.55295382306245
749 14.98 1.552866902332661
750 15 1.552784404084493
751 15.02 1.552698424390898
752 15.04 1.552616962687181
753 15.06 1.552531896542359
754 15.08 1.552451624980081
755 15.1 1.552367116758656
756 15.12 1.552289309810765
757 15.14 1.552207566227961
758 15.16 1.55212837072988
759 15.18 1.552039264581485
760 15.2 1.551963373074885
761 15.22 1.551882798502557
762 15.24 1.551804666867042
763 15.26 1.551722498240852
764 15.28 1.551643825151292
765 15.3 1.551561568205934
766 15.32 1.551485998638131
767 15.34 1.551403358388117
768 15.36 1.551323122983602
769 15.38 1.551241525571427
770 15.4 1.551162133365126
771 15.42 1.551081514866411
772 15.44 1.551000253110531
773 15.46 1.550919403006991
774 15.48 1.550840984432113
775 15.5 1.550761249641162
776 15.52 1.550682114667711
777 15.54 1.550603002287602
778 15.56 1.550528653126826
779 15.58 1.550444934758507
780 15.6 1.55036648281451
781 15.62 1.550289355280208
782 15.64 1.550208715762142
783 15.66 1.550126628754471
784 15.68 1.550046315745564
785 15.7 1.549955067952962
786 15.72 1.549881994737474
787 15.74 1.549802548482384
788 15.76 1.549725006987276
789 15.78 1.549644035995922
790 15.8 1.549564705910685
791 15.82 1.549482313549064
792 15.84 1.549403030442952
793 15.86 1.549323101695632
794 15.88 1.54924125167859
795 15.9 1.549159288391552
796 15.92 1.549080085287375
797 15.94 1.549000087783429
798 15.96 1.548918570795831
799 15.98 1.548836166078321
800 16 1.548756408739896
801 16.02 1.548675371457332
802 16.04 1.548596640844766
803 16.06 1.548516390260293
804 16.08 1.548435941715457
805 16.1 1.548358107529552
806 16.12 1.548281587973842
807 16.14 1.54820287205367
808 16.16 1.548125868037082
809 16.18 1.548047398093644
810 16.2 1.547969007285046
811 16.22 1.547889868011115
812 16.24 1.547812383705252
813 16.26 1.547736304254373
814 16.28 1.54766012846366
815 16.3 1.547585134969384
816 16.32 1.547509524383339
817 16.34 1.54743447327341
818 16.36 1.547360837081005
819 16.38 1.547286394181555
820 16.4 1.547212604411788
821 16.42 1.547136646212524
822 16.44 1.547062590231674
823 16.46 1.546987838701828
824 16.48 1.546914539167192
825 16.5 1.546840412776076
826 16.52 1.546767474078918
827 16.54 1.546690767669007
828 16.56 1.54661785786084
829 16.58 1.54654438045788
830 16.6 1.546471594244539
831 16.62 1.546398566679134
832 16.64 1.54632606465071
833 16.66 1.54625324877555
834 16.68 1.546180984582524
835 16.7 1.546108598972094
836 16.72 1.546037036380708
837 16.74 1.545965426204593
838 16.76 1.545894423569541
839 16.78 1.54582310470334
840 16.8 1.545752254725594
841 16.82 1.545680438415521
842 16.84 1.545609562726219
843 16.86 1.545539144407405
844 16.88 1.545468526082912
845 16.9 1.545398260885098
846 16.92 1.54532788695599
847 16.94 1.545256807711268
848 16.96 1.545187072938968
849 16.98 1.545119394583277
850 17 1.545049575434392
851 17.02 1.544979304957441
852 17.04 1.544910580451914
853 17.06 1.544841753384378
854 17.08 1.544778085921504
855 17.1 1.544708799205962
856 17.12 1.544642801310936
857 17.14 1.544575012876146
858 17.16 1.544506625511965
859 17.18 1.544439302280945
860 17.2 1.54437254049148
861 17.22 1.544305832978377
862 17.24 1.544239383984062
863 17.26 1.544173843264046
864 17.28 1.544107287512638
865 17.3 1.544041063618151
866 17.32 1.543974468231554
867 17.34 1.543909392007343
868 17.36 1.543839903132475
869 17.38 1.54377741555106
870 17.4 1.543714169487153
871 17.42 1.5436503927257
872 17.44 1.543586335383601
873 17.46 1.543522161027815
874 17.48 1.54345816410631
875 17.5 1.54339460364216
876 17.52 1.543328264163825
877 17.54 1.543266031093497
878 17.56 1.543204715562577
879 17.58 1.543142341488222
880 17.6 1.543080347584562
881 17.62 1.543017828013731
882 17.64 1.54295592278692
883 17.66 1.542897646341831
884 17.68 1.542834180663055
885 17.7 1.542770993743103
886 17.72 1.542707071799741
887 17.74 1.542646216625204
888 17.76 1.54258523170384
889 17.78 1.542524462482824
890 17.8 1.542463797965518
891 17.82 1.542403770324517
892 17.84 1.542343790284728
893 17.86 1.542284081339978
894 17.88 1.542224474234041
895 17.9 1.542166824453762
896 17.92 1.542105415483852
897 17.94 1.542044897766802
898 17.96 1.541980584915806
899 17.98 1.541918958655218
900 18 1.541865457975214
901 18.02 1.541809909285226
902 18.04 1.541753466172035
903 18.06 1.541695996691115
904 18.08 1.541638695379601
905 18.1 1.541583105605559
906 18.12 1.541520965210115
907 18.14 1.541465170483829
908 18.16 1.541407892424885
909 18.18 1.541350762155476
910 18.2 1.541291267033357
911 18.22 1.541231939332981
912 18.24 1.541172087251449
913 18.26 1.541113402266593
914 18.28 1.541059057541691
915 18.3 1.541003089038992
916 18.32 1.540947400394041
917 18.34 1.540891434177875
918 18.36 1.540836214669764
919 18.38 1.540780946614334
920 18.4 1.540728704242773
921 18.42 1.540673241396149
922 18.44 1.540620333354163
923 18.46 1.540565103041843
924 18.48 1.540510751210052
925 18.5 1.540456728304203
926 18.52 1.54039939648126
927 18.54 1.540347649868445
928 18.56 1.540292726655111
929 18.58 1.54024250443428
930 18.6 1.540190901139388
931 18.62 1.540138491366706
932 18.64 1.540083214700564
933 18.66 1.540034129220044
934 18.68 1.539984068605169
935 18.7 1.53993284099759
936 18.72 1.539882002561894
937 18.74 1.539830431954547
938 18.76 1.53977944234121
939 18.78 1.539732034494585
940 18.8 1.539678725516326
941 18.82 1.539626421921413
942 18.84 1.539575488101973
943 18.86 1.539524295136815
944 18.88 1.53947388415951
945 18.9 1.539420917925144
946 18.92 1.539371882883764
947 18.94 1.539322232790722
948 18.96 1.53927298705736
949 18.98 1.539225072249762
950 19 1.53917614374085
951 19.02 1.539126998456628
952 19.04 1.539078942150808
953 19.06 1.539030739164433
954 19.08 1.538983254888756
955 19.1 1.538935363621092
956 19.12 1.538885329957898
957 19.14 1.538838502579959
958 19.16 1.538793335860577
959 19.18 1.53874748365896
960 19.2 1.538701157459508
961 19.22 1.538653467705262
962 19.24 1.538606931842443
963 19.26 1.538558580953907
964 19.28 1.538512487982422
965 19.3 1.538465608809974
966 19.32 1.538420556265662
967 19.34 1.538371819093411
968 19.36 1.538325256885819
969 19.38 1.538278656479923
970 19.4 1.538232764833809
971 19.42 1.53818933025618
972 19.44 1.538143643634578
973 19.46 1.538099158636412
974 19.48 1.538053535386543
975 19.5 1.538007028803484
976 19.52 1.537960301935895
977 19.54 1.537915626270639
978 19.56 1.537872636619936
979 19.58 1.537828812806697
980 19.6 1.537785364799701
981 19.62 1.537741630313046
982 19.64 1.537698694323135
983 19.66 1.537655797030451
984 19.68 1.537612647428475
985 19.7 1.537568999325061
986 19.72 1.537526010357815
987 19.74 1.537482498492775
988 19.76 1.537439538666871
989 19.78 1.537396303474448
990 19.8 1.537353334895366
991 19.82 1.537309568817556
992 19.84 1.537266285875469
993 19.86 1.537222573034059
994 19.88 1.537179406384354
995 19.9 1.537135784365002
996 19.92 1.537092802854677
997 19.94 1.537049599949312
998 19.96 1.537007225412655
999 19.98 1.536965134654065
1000 20 1.536923203208648
1001 20.02 1.536880982997004
1002 20.04 1.536839404190055
1003 20.06 1.536795794107981
1004 20.08 1.536754120262915
1005 20.1 1.536713056247258
1006 20.12 1.536672226385263
1007 20.14 1.536630936265156
1008 20.16 1.536590124877798
1009 20.18 1.536548908398161
1010 20.2 1.536508359756968
1011 20.22 1.536466807358851
1012 20.24 1.536427637510694
1013 20.26 1.536390182042239
1014 20.28 1.536348230399418
1015 20.3 1.536302670293236
1016 20.32 1.536264087478957
1017 20.34 1.536222730292123
1018 20.36 1.536183258090625
1019 20.38 1.536143101883455
1020 20.4 1.536103831128932
1021 20.42 1.536064174514654
1022 20.44 1.536025112465291
1023 20.46 1.535993109594481
1024 20.48 1.535949062348537
1025 20.5 1.535910613389777
1026 20.52 1.535868562979515
1027 20.54 1.535827618248014
1028 20.56 1.535788028493147
1029 20.58 1.535748073646718
1030 20.6 1.535709004095048
1031 20.62 1.535667615884645
1032 20.64 1.535630636156662
1033 20.66 1.535594927580759
1034 20.68 1.535556039023284
1035 20.7 1.535517309780561
1036 20.72 1.535478840731216
1037 20.74 1.535444059184662
1038 20.76 1.53540478935351
1039 20.78 1.535364898016689
1040 20.8 1.535326826627331
1041 20.82 1.535284711343753
1042 20.84 1.535249408210627
1043 20.86 1.535216279493195
1044 20.88 1.535173616504215
1045 20.9 1.535137616166306
1046 20.92 1.535101556843554
1047 20.94 1.535064860018979
1048 20.96 1.535028023729472
1049 20.98 1.534990114581057
1050 21 1.534953036476648
1051 21.02 1.534916576489949
1052 21.04 1.534882769025972
1053 21.06 1.534837401325274
1054 21.08 1.534803734513698
1055 21.1 1.534768993311987
1056 21.12 1.534726839410004
1057 21.14 1.53469494897532
1058 21.16 1.534661719901808
1059 21.18 1.534627187472253
1060 21.2 1.534592567799669
1061 21.22 1.534557590643784
1062 21.24 1.534522776636334
1063 21.26 1.534487564184956
1064 21.28 1.534452315522052
1065 21.3 1.534416525891903
1066 21.32 1.534380975803242
1067 21.34 1.534345299136868
1068 21.36 1.534309874133326
1069 21.38 1.534274578984716
1070 21.4 1.534238326068833
1071 21.42 1.534202149220383
1072 21.44 1.534166856524153
1073 21.46 1.534131375954993
1074 21.48 1.534096620026604
1075 21.5 1.534061569905832
1076 21.52 1.534027144946028
1077 21.54 1.533992340995789
1078 21.56 1.533957998629311
1079 21.58 1.533923176005325
1080 21.6 1.533891019195093
1081 21.62 1.533856442292674
1082 21.64 1.533822478559333
1083 21.66 1.533788236896153
1084 21.68 1.533756328173243
1085 21.7 1.53372234639111
1086 21.72 1.533689081226403
1087 21.74 1.533654986761732
1088 21.76 1.533622118880384
1089 21.78 1.533590217213557
1090 21.8 1.533555001845673
1091 21.82 1.533522102402118
1092 21.84 1.533487982144232
1093 21.86 1.533453626759586
1094 21.88 1.533419806891533
1095 21.9 1.53338594652434
1096 21.92 1.53335084893326
1097 21.94 1.533318374487161
1098 21.96 1.533285534889152
1099 21.98 1.533252791591416
1100 22 1.533219902839844
1101 22.02 1.533186994307986
1102 22.04 1.533153972199355
1103 22.06 1.533121069535231
1104 22.08 1.533088234649064
1105 22.1 1.533055587078813
1106 22.12 1.533022989981342
1107 22.14 1.53299046598432
1108 22.16 1.532958578282075
1109 22.18 1.532925981207457
1110 22.2 1.532893858855038
1111 22.22 1.532861432563704
1112 22.24 1.532829219630814
1113 22.26 1.532796770508794
1114 22.28 1.532764535465819
1115 22.3 1.532731960907637
1116 22.32 1.532699600109287
1117 22.34 1.532667632898998
1118 22.36 1.532634404356247
1119 22.38 1.53260471461135
1120 22.4 1.53257335657882
1121 22.42 1.532542397044991
1122 22.44 1.532511053226339
1123 22.46 1.532476959518512
1124 22.48 1.532446733071881
1125 22.5 1.532416395466229
1126 22.52 1.532385091461268
1127 22.54 1.532352548130664
1128 22.56 1.53232089309282
1129 22.58 1.532290238425223
1130 22.6 1.532258277413006
1131 22.62 1.532227804170452
1132 22.64 1.532197597359207
1133 22.66 1.532166820537192
1134 22.68 1.532136222467045
1135 22.7 1.532105160313876
1136 22.72 1.532074488281057
1137 22.74 1.532043651198549
1138 22.76 1.532015625276582
1139 22.78 1.531982620360537
1140 22.8 1.531950793644939
1141 22.82 1.531919192843579
1142 22.84 1.531889986995663
1143 22.86 1.531859155692835
1144 22.88 1.531828896486419
1145 22.9 1.531798402655404
1146 22.92 1.531768524882753
1147 22.94 1.531738413099303
1148 22.96 1.531708893291546
1149 22.98 1.531675142109229
1150 23 1.531647559148769
1151 23.02 1.531619992543748
1152 23.04 1.531592457412955
1153 23.06 1.531563776723974
1154 23.08 1.531534883689491
1155 23.1 1.531506232297326
1156 23.12 1.531477478182208
1157 23.14 1.531448920776457
1158 23.16 1.531421575826121
1159 23.18 1.531392587973983
1160 23.2 1.531364077215027
1161 23.22 1.531335266106267
1162 23.24 1.531307106156354
1163 23.26 1.531278548126235
1164 23.28 1.531250610813892
1165 23.3 1.531222302468924
1166 23.32 1.531194714447349
1167 23.34 1.531166852936684
1168 23.36 1.531139639003174
1169 23.38 1.531111989961083
1170 23.4 1.531084922299381
1171 23.42 1.531057416005854
1172 23.44 1.531029928208198
1173 23.46 1.531002807406743
1174 23.48 1.530976411773299
1175 23.5 1.530949298548114
1176 23.52 1.530922877993157
1177 23.54 1.530896521246814
1178 23.56 1.530869846119662
1179 23.58 1.530842872910303
1180 23.6 1.530816716557398
1181 23.62 1.530790061911697
1182 23.64 1.530764303372226
1183 23.66 1.530736699221815
1184 23.68 1.530710757884751
1185 23.7 1.530685930525737
1186 23.72 1.530662599517786
1187 23.74 1.530636580485087
1188 23.76 1.530611072533267
1189 23.78 1.530587968599607
1190 23.8 1.530560582360802
1191 23.82 1.530533457068077
1192 23.84 1.53050739332407
1193 23.86 1.53048130095778
1194 23.88 1.53045582876707
1195 23.9 1.530430155897698
1196 23.92 1.530404892984446
1197 23.94 1.530379332625927
1198 23.96 1.530354269559299
1199 23.98 1.530328983145611
1200 24 1.530304198338205
1201 24.02 1.530278006827942
1202 24.04 1.530252828191995
1203 24.06 1.530228500966185
1204 24.08 1.530206579369205
1205 24.1 1.530181405583769
1206 24.12 1.530157685117606
1207 24.14 1.53012717217833
1208 24.16 1.530107449761968
1209 24.18 1.530085660042183
1210 24.2 1.530063258804941
1211 24.22 1.53004197955417
1212 24.24 1.530017168125091
1213 24.26 1.529992621490348
1214 24.28 1.529969522073959
1215 24.3 1.529945709094106
1216 24.32 1.529922911248132
1217 24.34 1.529899800889639
1218 24.36 1.529877178796738
1219 24.38 1.529852029710478
1220 24.4 1.529831112169348
1221 24.42 1.529809713425965
1222 24.44 1.529788238465985
1223 24.46 1.52976604528627
1224 24.48 1.529744284807921
1225 24.5 1.529722217192304
1226 24.52 1.529699933929884
1227 24.54 1.529678488935702
1228 24.56 1.529657231037109
1229 24.58 1.529635617072593
1230 24.6 1.529615919188186
1231 24.62 1.529592422728952
1232 24.64 1.52957090099658
1233 24.66 1.529548898039138
1234 24.68 1.52952821550531
1235 24.7 1.529506633045508
1236 24.72 1.529487367173942
1237 24.74 1.529465288838799
1238 24.76 1.52944430561662
1239 24.78 1.529422656148475
1240 24.8 1.529401993262502
1241 24.82 1.529380512046251
1242 24.84 1.529360036988155
1243 24.86 1.529338735595984
1244 24.88 1.529318461125123
1245 24.9 1.529297337183471
1246 24.92 1.529277264706974
1247 24.94 1.529256305239372
1248 24.96 1.529236034919545
1249 24.98 1.529215345176826
1250 25 1.529195600233728
1251 25.02 1.529174941119458
1252 25.04 1.529155258945297
1253 25.06 1.529134708534242
1254 25.08 1.529112690471594
1255 25.1 1.529093970845178
1256 25.12 1.52907436388955
1257 25.14 1.529054277589206
1258 25.16 1.52903464605827
1259 25.18 1.529014837849058
1260 25.2 1.528995568454397
1261 25.22 1.528977934932454
1262 25.24 1.528959745972118
1263 25.26 1.528940988942573
1264 25.28 1.528922228752624
1265 25.3 1.528903743386875
1266 25.32 1.528885230870815
1267 25.34 1.528867131588407
1268 25.36 1.528847331267136
1269 25.38 1.528828422345723
1270 25.4 1.528810074596648
1271 25.42 1.528789950132184
1272 25.44 1.528772136205334
1273 25.46 1.528754045662094
1274 25.48 1.528736106570409
1275 25.5 1.528718032442495
1276 25.52 1.528700065944344
1277 25.54 1.528682161202304
1278 25.56 1.528664497666113
1279 25.58 1.528646915620456
1280 25.6 1.528629405389698
1281 25.62 1.528612002107302
1282 25.64 1.528594653488602
1283 25.66 1.52857744195593
1284 25.68 1.528559055235935
1285 25.7 1.528543250933078
1286 25.72 1.528527125978962
1287 25.74 1.528510446785901
1288 25.76 1.528493896041126
1289 25.78 1.528477122960478
1290 25.8 1.528460478727216
1291 25.82 1.528443685379434
1292 25.84 1.528427233429934
1293 25.86 1.52841056261276
1294 25.88 1.528394113679256
1295 25.9 1.528377530553471
1296 25.92 1.528361104412462
1297 25.94 1.52834441827433
1298 25.96 1.528328587560998
1299 25.98 1.528310989642477
1300 26 1.528294269989536
1301 26.02 1.528277467564575
1302 26.04 1.528261326945164
1303 26.06 1.528244760549843
1304 26.08 1.52822861593772
1305 26.1 1.528210654018149
1306 26.12 1.528194815079973
1307 26.14 1.52817889021116
1308 26.16 1.528162593036028
1309 26.18 1.528146403122037
1310 26.2 1.528130183939127
1311 26.22 1.528114984500847
1312 26.24 1.528099202893948
1313 26.26 1.528082527098582
1314 26.28 1.528065301140243
1315 26.3 1.528049422666158
1316 26.32 1.528033945411321
1317 26.34 1.5280178334781
1318 26.36 1.528002090517867
1319 26.38 1.527986242953049
1320 26.4 1.52797032620353
1321 26.42 1.52795459436451
1322 26.44 1.527939028498738
1323 26.46 1.527922639296553
1324 26.48 1.527907002058749
1325 26.5 1.527891507312
1326 26.52 1.527875886989827
1327 26.54 1.527859691194477
1328 26.56 1.527844214298919
1329 26.58 1.527828239177505
1330 26.6 1.52781293362413
1331 26.62 1.527797770590763
1332 26.64 1.527782629587611
1333 26.66 1.527767044740854
1334 26.68 1.527751657684186
1335 26.7 1.527736034080791
1336 26.72 1.527720820371022
1337 26.74 1.527705386138708
1338 26.76 1.527690382669635
1339 26.78 1.527675138639331
1340 26.8 1.527660209675949
1341 26.82 1.527644882475851
1342 26.84 1.527629945478882
1343 26.86 1.527614658510967
1344 26.88 1.527599802990939
1345 26.9 1.52758472991976
1346 26.92 1.527570065791172
1347 26.94 1.527555115858832
1348 26.96 1.527540559429479
1349 26.98 1.527525702288155
1350 27 1.527511197426037
1351 27.02 1.527496391274449
1352 27.04 1.527480256937082
1353 27.06 1.52746599947055
1354 27.08 1.527452124683811
1355 27.1 1.527438057102065
1356 27.12 1.527424279284812
1357 27.14 1.527409794676072
1358 27.16 1.527395685077795
1359 27.18 1.527381398411339
1360 27.2 1.527367425133572
1361 27.22 1.527353213614484
1362 27.24 1.527339305742399
1363 27.26 1.527325187903367
1364 27.28 1.527311415509938
1365 27.3 1.527299205410753
1366 27.32 1.527284837186191
1367 27.34 1.527269700687576
1368 27.36 1.527256355693543
1369 27.38 1.527242078725148
1370 27.4 1.527228801502089
1371 27.42 1.527215246361768
1372 27.44 1.527202533084536
1373 27.46 1.527189216223338
1374 27.48 1.527176651850745
1375 27.5 1.527163500674394
1376 27.52 1.527151046518403
1377 27.54 1.527137963161647
1378 27.56 1.527125586027543
1379 27.58 1.527112635531997
1380 27.6 1.527100398367787
1381 27.62 1.527087628370062
1382 27.64 1.52707565705291
1383 27.66 1.527063165561384
1384 27.68 1.527051456555871
1385 27.7 1.527039242100625
1386 27.72 1.527027835097287
1387 27.74 1.527015707873247
1388 27.76 1.527004231133073
1389 27.78 1.526992622312245
1390 27.8 1.52698226471025
1391 27.82 1.526971730805249
1392 27.84 1.526961119873522
1393 27.86 1.526950523914322
1394 27.88 1.526940140290851
1395 27.9 1.526929537843666
1396 27.92 1.526919193752644
1397 27.94 1.526908651933796
1398 27.96 1.526898374782703
1399 27.98 1.526887799564541
1400 28 1.526877572875108
1401 28.02 1.526867216576923
1402 28.04 1.526857247688013
1403 28.06 1.526847105002481
1404 28.08 1.526837356325245
1405 28.1 1.526827439483688
1406 28.12 1.526818295212869
1407 28.14 1.526807090428227
1408 28.16 1.526797941152381
1409 28.18 1.526789132973841
1410 28.2 1.526780198839689
1411 28.22 1.526773657570525
1412 28.24 1.526764311099006
1413 28.26 1.526754998837089
1414 28.28 1.52674615364658
1415 28.3 1.526737509264134
1416 28.32 1.52672917097672
1417 28.34 1.526721250621229
1418 28.36 1.526712890797771
1419 28.38 1.526704836965759
1420 28.4 1.526696759906539
1421 28.42 1.526688511325761
1422 28.44 1.526680381970857
1423 28.46 1.526672707744437
1424 28.48 1.526664848720941
1425 28.5 1.526657263490464
1426 28.52 1.52664948401004
1427 28.54 1.526641958176591
1428 28.56 1.526634277473238
1429 28.58 1.526626790942496
1430 28.6 1.52661917389901
1431 28.62 1.526612742955422
1432 28.64 1.526605071238885
1433 28.66 1.526596408774952
1434 28.68 1.526588739103995
1435 28.7 1.526581684881427
1436 28.72 1.526574944450609
1437 28.74 1.526567398780493
1438 28.76 1.526559942857779
1439 28.78 1.526552476270138
1440 28.8 1.526545196519716
1441 28.82 1.526537924706163
1442 28.84 1.526530822839836
1443 28.86 1.526523657255279
1444 28.88 1.526516581041409
1445 28.9 1.526509406138073
1446 28.92 1.526501933820302
1447 28.94 1.526494622390012
1448 28.96 1.526487969176064
1449 28.98 1.526481043005905
1450 29 1.526473725249748
1451 29.02 1.526466734512122
1452 29.04 1.526459327584311
1453 29.06 1.526452445012404
1454 29.08 1.526445132878627
1455 29.1 1.526436708762305
1456 29.12 1.526430598225653
1457 29.14 1.526423470984436
1458 29.16 1.526416497703851
1459 29.18 1.526409616134794
1460 29.2 1.526402679621748
1461 29.22 1.526395385796459
1462 29.24 1.52638854584098
1463 29.26 1.526381400140475
1464 29.28 1.526374330986248
1465 29.3 1.526367109947196
1466 29.32 1.526359885764545
1467 29.34 1.526352462430503
1468 29.36 1.526345031714431
1469 29.38 1.526337412443923
1470 29.4 1.52632981153502
1471 29.42 1.526322048350876
1472 29.44 1.526314303113978
1473 29.46 1.526306369977352
1474 29.48 1.526298481461932
1475 29.5 1.526290423749777
1476 29.52 1.526282432560482
1477 29.54 1.52627434253372
1478 29.56 1.526266316000576
1479 29.58 1.526258091614392
1480 29.6 1.526249910634813
1481 29.62 1.526241531789239
1482 29.64 1.526233177581318
1483 29.66 1.52622460390555
1484 29.68 1.526216080824146
1485 29.7 1.526207379515853
1486 29.72 1.526198800134214
1487 29.74 1.526190008528938
1488 29.76 1.52618127986011
1489 29.78 1.526172337563405
1490 29.8 1.52616346645027
1491 29.82 1.526154356168738
1492 29.84 1.526145283426004
1493 29.86 1.526135974550774
1494 29.88 1.526127445384139
1495 29.9 1.52611846880657
1496 29.92 1.526108420864189
1497 29.94 1.526098848117798
1498 29.96 1.526089267272772
1499 29.98 1.526079562577344
1500 30 1.52606978702218
1501 30.02 1.526060000022801
1502 30.04 1.526048125177091
1503 30.06 1.526038894583048
1504 30.08 1.526029654136886
1505 30.1 1.526019548763808
1506 30.12 1.52600999535641
1507 30.14 1.525999995641307
1508 30.16 1.525989896400118
1509 30.18 1.525979500917125
1510 30.2 1.52596912663006
1511 30.22 1.525958519275385
1512 30.24 1.525947945872894
1513 30.26 1.525938873406152
1514 30.28 1.525927571097319
1515 30.3 1.525916445171143
1516 30.32 1.52590525360132
1517 30.34 1.525894317400774
1518 30.36 1.525883148490062
1519 30.38 1.525872134010652
1520 30.4 1.525861153593988
1521 30.42 1.525849840562414
1522 30.44 1.525839547992971
1523 30.46 1.525827776856264
1524 30.48 1.525815724006263
1525 30.5 1.525804265023249
1526 30.52 1.525792490747353
1527 30.54 1.525781047513757
1528 30.56 1.525769066015654
1529 30.58 1.52575727267771
1530 30.6 1.525745169207281
1531 30.62 1.525732988725094
1532 30.64 1.525721055644557
1533 30.66 1.525709430857666
1534 30.68 1.525697355015572
1535 30.7 1.525685570256298
1536 30.72 1.525673390601462
1537 30.74 1.525659187092312
1538 30.76 1.52564737636173
1539 30.78 1.525635968885886
1540 30.8 1.525624092936301
1541 30.82 1.525611363893387
1542 30.84 1.525600654271046
1543 30.86 1.525588294723429
1544 30.88 1.525575144226621
1545 30.9 1.525562435439307
1546 30.92 1.52554813448097
1547 30.94 1.525535356807622
1548 30.96 1.525522469783453
1549 30.98 1.525509616232053
1550 31 1.52549656375205
1551 31.02 1.525483523361753
1552 31.04 1.525470305546631
1553 31.06 1.525457181334918
1554 31.08 1.525443447360175
1555 31.1 1.525429957574725
1556 31.12 1.52541601098135
1557 31.14 1.525402836979336
1558 31.16 1.52538972816193
1559 31.18 1.525376009074675
1560 31.2 1.52536222051532
1561 31.22 1.525348742865427
1562 31.24 1.525335030763558
1563 31.26 1.525321510332141
1564 31.28 1.525307715044575
1565 31.3 1.525294122828083
1566 31.32 1.525280317556704
1567 31.34 1.525266786281785
1568 31.36 1.525252620657323
1569 31.38 1.525238992067514
1570 31.4 1.525224634442417
1571 31.42 1.525210797362944
1572 31.44 1.525196862238894
1573 31.46 1.525183129061006
1574 31.48 1.525169049328855
1575 31.5 1.525155090621534
1576 31.52 1.525140962285285
1577 31.54 1.525126943093394
1578 31.56 1.525112751028198
1579 31.58 1.525098659069022
1580 31.6 1.525084508677238
1581 31.62 1.525070404821557
1582 31.64 1.525056250139585
1583 31.66 1.525042183601405
1584 31.68 1.525028010116005
1585 31.7 1.525013865655486
1586 31.72 1.524999480230514
1587 31.74 1.524985466808844
1588 31.76 1.524970978299812
1589 31.78 1.524956609660734
1590 31.8 1.524942517310339
1591 31.82 1.524928276734052
1592 31.84 1.524914138810925
1593 31.86 1.524899810916588
1594 31.88 1.524884490394537
1595 31.9 1.524870564774116
1596 31.92 1.524856732318192
1597 31.94 1.524842591966955
1598 31.96 1.524828534419067
1599 31.98 1.524814323742643
1600 32 1.524800220404284
1601 32.02 1.524785975920692
1602 32.04 1.524772267158077
1603 32.06 1.524758080308731
1604 32.08 1.524743707972759
1605 32.1 1.524729411226162
1606 32.12 1.524715137300783
1607 32.14 1.524700891794371
1608 32.16 1.524686686446323
1609 32.18 1.524672514250278
1610 32.2 1.524658371921956
1611 32.22 1.52464429367667
1612 32.24 1.524630236149335
1613 32.26 1.524616286406538
1614 32.28 1.524602293171775
1615 32.3 1.524588362895692
1616 32.32 1.52457433726937
1617 32.34 1.52456040647249
1618 32.36 1.524546374231191
1619 32.38 1.524532471497492
1620 32.4 1.524518451723345
1621 32.42 1.52450457929598
1622 32.44 1.524490558343207
1623 32.46 1.524476669315606
1624 32.48 1.524462629600924
1625 32.5 1.524448773372653
1626 32.52 1.524434771477618
1627 32.54 1.524421089175206
1628 32.56 1.524407350497267
1629 32.58 1.524393468627387
1630 32.6 1.524379500526544
1631 32.62 1.524365710031203
1632 32.64 1.524351854407983
1633 32.66 1.524338174144239
1634 32.68 1.524324432487634
1635 32.7 1.524310879963717
1636 32.72 1.524297041682499
1637 32.74 1.524283544237082
1638 32.76 1.524269805300197
1639 32.78 1.524256452590637
1640 32.8 1.524242741841572
1641 32.82 1.5242294472827
1642 32.84 1.52421573075958
1643 32.86 1.524202350321618
1644 32.88 1.524188700366971
1645 32.9 1.524175347995822
1646 32.92 1.524161764171324
1647 32.94 1.524148414806615
1648 32.96 1.524134532702466
1649 32.98 1.524121210672116
1650 33 1.524107899770656
1651 33.02 1.524094615668595
1652 33.04 1.524081263711172
1653 33.06 1.524067957983702
1654 33.08 1.52405433427895
1655 33.1 1.524041123350388
1656 33.12 1.524027945114688
1657 33.14 1.524014649860675
1658 33.16 1.524001445759624
1659 33.18 1.523988168726259
1660 33.2 1.523974992842938
1661 33.22 1.523962198240449
1662 33.24 1.523949135914427
1663 33.26 1.523935911393838
1664 33.28 1.523922807024368
1665 33.3 1.523909641321199
1666 33.32 1.52389657640834
1667 33.34 1.523883470503531
1668 33.36 1.523870469726936
1669 33.38 1.523857373025926
1670 33.4 1.523844342528489
1671 33.42 1.523831248166605
1672 33.44 1.523818410313929
1673 33.46 1.523805318245484
1674 33.48 1.523792256599721
1675 33.5 1.52377918860926
1676 33.52 1.523766153306273
1677 33.54 1.523753099115827
1678 33.56 1.523740060463144
1679 33.58 1.523726996174583
1680 33.6 1.523713937603881
1681 33.62 1.523700847073614
1682 33.64 1.523687774256785
1683 33.66 1.523674685394172
1684 33.68 1.523661641242543
1685 33.7 1.523648574486824
1686 33.72 1.523635663694184
1687 33.74 1.523622607910177
1688 33.76 1.523609543594805
1689 33.78 1.523596513235864
1690 33.8 1.52358350907595
1691 33.82 1.523570533918821
1692 33.84 1.523557553336361
1693 33.86 1.52354458830946
1694 33.88 1.523531485158753
1695 33.9 1.523517775220367
1696 33.92 1.523504871866525
1697 33.94 1.523492091201223
1698 33.96 1.523479619547764
1699 33.98 1.523466627175307
1700 34 1.523453566216436
1701 34.02 1.523440590749914
1702 34.04 1.523427601487545
1703 34.06 1.523414650083262
1704 34.08 1.523401639171584
1705 34.1 1.523388676746813
1706 34.12 1.523375654288295
1707 34.14 1.523362703550627
1708 34.16 1.52334968215365
1709 34.18 1.52333674098862
1710 34.2 1.523323719392332
1711 34.22 1.523310794821944
1712 34.24 1.5232977991922
1713 34.26 1.523284898034213
1714 34.28 1.523271905829953
1715 34.3 1.523259004955104
1716 34.32 1.5232457237689
1717 34.34 1.523233087456105
1718 34.36 1.523220348652307
1719 34.38 1.523207306489132
1720 34.4 1.523194348926308
1721 34.42 1.523181301874021
1722 34.44 1.523168340205914
1723 34.46 1.523155241581946
1724 34.48 1.523142250130069
1725 34.5 1.523129141486115
1726 34.52 1.523116132121586
1727 34.54 1.523103003398958
1728 34.56 1.523089608446324
1729 34.58 1.523076573640428
1730 34.6 1.523063620230719
1731 34.62 1.523050657695507
1732 34.64 1.52303757248672
1733 34.66 1.523024483077108
1734 34.68 1.523011339788046
1735 34.7 1.5229981253176
1736 34.72 1.522984933901699
1737 34.74 1.522971677181665
1738 34.76 1.522958451663126
1739 34.78 1.522945155255148
1740 34.8 1.522931912557255
1741 34.82 1.522918624787956
1742 34.84 1.522905403784339
1743 34.86 1.522892121337394
1744 34.88 1.522878898956842
1745 34.9 1.522865685990911
1746 34.92 1.522852449444562
1747 34.94 1.522839098828078
1748 34.96 1.52282580449047
1749 34.98 1.522812385545302
1750 35 1.522799032325418
1751 35.02 1.522785570626718
1752 35.04 1.522772165035236
1753 35.06 1.522758662282241
1754 35.08 1.52274524348425
1755 35.1 1.522731705100358
1756 35.12 1.522718259683271
1757 35.14 1.522704675988121
1758 35.16 1.522691214120759
1759 35.18 1.522677609003181
1760 35.2 1.522664119303831
1761 35.22 1.522650599697017
1762 35.24 1.522637015243975
1763 35.26 1.52262337498085
1764 35.28 1.522609839778952
1765 35.3 1.522596140294596
1766 35.32 1.522582575455212
1767 35.34 1.52256884485194
1768 35.36 1.522555227605354
1769 35.38 1.52254147997297
1770 35.4 1.522527794155678
1771 35.42 1.522513955681529
1772 35.44 1.52250025149494
1773 35.46 1.522486382613552
1774 35.48 1.522472660058635
1775 35.5 1.522458786423784
1776 35.52 1.522445054192731
1777 35.54 1.522431284803076
1778 35.56 1.52241746202491
1779 35.58 1.522403604611969
1780 35.6 1.522389649907197
1781 35.62 1.522375552172295
1782 35.64 1.5223616672664
1783 35.66 1.522347570665597
1784 35.68 1.522333676707625
1785 35.7 1.522319571261179
1786 35.72 1.522305638232636
1787 35.74 1.522291489267433
1788 35.76 1.522277495044266
1789 35.78 1.522263312026994
1790 35.8 1.522249268928179
1791 35.82 1.522235005302756
1792 35.84 1.522220981908705
1793 35.86 1.522206789563998
1794 35.88 1.522192718627583
1795 35.9 1.522178566164087
1796 35.92 1.522164459490066
1797 35.94 1.522150296105519
1798 35.96 1.522135933685701
1799 35.98 1.522121563176611
1800 36 1.522107265310085
1801 36.02 1.522092874484561
1802 36.04 1.52207854690074
1803 36.06 1.522064128845859
1804 36.08 1.522049783162954
1805 36.1 1.522035349939053
1806 36.12 1.522020986491069
1807 36.14 1.522006523080085
1808 36.16 1.521992123248348
1809 36.18 1.521977616158556
1810 36.2 1.521963175973581
1811 36.22 1.521948630101873
1812 36.24 1.521934136330347
1813 36.26 1.521919540369034
1814 36.28 1.521904976359634
1815 36.3 1.521890313167234
1816 36.32 1.521875718753807
1817 36.34 1.52186105102713
1818 36.36 1.521846437973485
1819 36.38 1.521831750871883
1820 36.4 1.521817106850127
1821 36.42 1.521802392218129
1822 36.44 1.521787710393489
1823 36.46 1.521772959096702
1824 36.48 1.521757874148967
1825 36.5 1.521742991583555
1826 36.52 1.521728273426024
1827 36.54 1.521713527934432
1828 36.56 1.521698749779158
1829 36.58 1.521683846960537
1830 36.6 1.521669157347378
1831 36.62 1.521654294040446
1832 36.64 1.521639652621408
1833 36.66 1.521624481862779
1834 36.68 1.521609524868861
1835 36.7 1.52159462914995
1836 36.72 1.521579869049724
1837 36.74 1.521565105377837
1838 36.76 1.521550291626829
1839 36.78 1.521535360143168
1840 36.8 1.52152043959272
1841 36.82 1.52150545243233
1842 36.84 1.521490487359443
1843 36.86 1.521475219079824
1844 36.88 1.521460329476908
1845 36.9 1.521445409891649
1846 36.92 1.521430414154926
1847 36.94 1.521415358449601
1848 36.96 1.521400271513431
1849 36.98 1.521385153183949
1850 37 1.52137001902221
1851 37.02 1.521354851090682
1852 37.04 1.521339654960763
1853 37.06 1.521324485617543
1854 37.08 1.521309234608242
1855 37.1 1.521294342623382
1856 37.12 1.521278888051588
1857 37.14 1.521263415531453
1858 37.16 1.521248018907697
1859 37.18 1.52123264822443
1860 37.2 1.521217280460089
1861 37.22 1.521201902000368
1862 37.24 1.521186517848769
1863 37.26 1.521171131290127
1864 37.28 1.52115573443214
1865 37.3 1.521140328667522
1866 37.32 1.521124913296933
1867 37.34 1.521109360763093
1868 37.36 1.521093935807283
1869 37.38 1.521078476491408
1870 37.4 1.521062944214849
1871 37.42 1.521047398613575
1872 37.44 1.52103186235033
1873 37.46 1.52101633112856
1874 37.48 1.521000797164397
1875 37.5 1.520985247985174
1876 37.52 1.520969731129008
1877 37.54 1.520954208051798
1878 37.56 1.520938628558536
1879 37.58 1.520923203149337
1880 37.6 1.520907147631571
1881 37.62 1.520891415784281
1882 37.64 1.52087569506381
1883 37.66 1.520859980201691
1884 37.68 1.520844278378987
1885 37.7 1.520828577664124
1886 37.72 1.520812870786111
1887 37.74 1.520797152484086
1888 37.76 1.520781423902941
1889 37.78 1.520765677746666
1890 37.8 1.52074990826363
1891 37.82 1.520734124142701
1892 37.84 1.520718324443923
1893 37.86 1.520702507118995
1894 37.88 1.520686679948644
1895 37.9 1.520670838956482
1896 37.92 1.520654987853643
1897 37.94 1.520639125685785
1898 37.96 1.520623252155193
1899 37.98 1.52060731775985
1900 38 1.520591451780725
1901 38.02 1.520575582328528
1902 38.04 1.520559683666476
1903 38.06 1.520543748922828
1904 38.08 1.520527403519646
1905 38.1 1.520511596051432
1906 38.12 1.520495721077359
1907 38.14 1.520479759664297
1908 38.16 1.520463765656379
1909 38.18 1.52044774581204
1910 38.2 1.520431709765372
1911 38.22 1.520415653755421
1912 38.24 1.5203995834603
1913 38.26 1.520383484729781
1914 38.28 1.520367358333359
1915 38.3 1.52035121604108
1916 38.32 1.520335064296651
1917 38.34 1.520318904640511
1918 38.36 1.520302976858492
1919 38.38 1.52028691040965
1920 38.4 1.52027074598716
1921 38.42 1.520254493557215
1922 38.44 1.520238222002368
1923 38.46 1.520221956554934
1924 38.48 1.520205692220327
1925 38.5 1.520189419086355
1926 38.52 1.520172602315192
1927 38.54 1.520156493470047
1928 38.56 1.520140378132285
1929 38.58 1.520124078601523
1930 38.6 1.52010773339737
1931 38.62 1.520092278680573
1932 38.64 1.520075525990702
1933 38.66 1.520058814875314
1934 38.68 1.520042260670617
1935 38.7 1.520025774662249
1936 38.72 1.52000932923538
1937 38.74 1.519992881068766
1938 38.76 1.51997642130083
1939 38.78 1.519959949623524
1940 38.8 1.519943465395681
1941 38.82 1.519926976726205
1942 38.84 1.519910484923756
1943 38.86 1.519893926218688
1944 38.88 1.519877431554483
1945 38.9 1.51986091531534
1946 38.92 1.519844387214325
1947 38.94 1.519827835542692
1948 38.96 1.519811262601732
1949 38.98 1.519794671614418
1950 39 1.519777774187439
1951 39.02 1.51976156335856
1952 39.04 1.519745148929182
1953 39.06 1.519728529108944
1954 39.08 1.519711801782865
1955 39.1 1.519695042825881
1956 39.12 1.519678290664895
1957 39.14 1.519661546472248
1958 39.16 1.519644794248637
1959 39.18 1.519628027397196
1960 39.2 1.519611250571452
1961 39.22 1.519594467473892
1962 39.24 1.51957767443637
1963 39.26 1.519560852295131
1964 39.28 1.51954379691058
1965 39.3 1.519526869548762
1966 39.32 1.519510022202952
1967 39.34 1.519493223196628
1968 39.36 1.519476307574969
1969 39.38 1.519459414073193
1970 39.4 1.519442509338853
1971 39.42 1.519425597533983
1972 39.44 1.519408693906376
1973 39.46 1.519391479384427
1974 39.48 1.519374587531615
1975 39.5 1.519357741147957
1976 39.52 1.519340119294873
1977 39.54 1.519323713010886
1978 39.56 1.519307150436882
1979 39.58 1.519290397072402
1980 39.6 1.519273523671243
1981 39.62 1.519256612459988
1982 39.64 1.519239571429684
1983 39.66 1.519222518813668
1984 39.68 1.519205444549846
1985 39.7 1.519188351301339
1986 39.72 1.51917124375343
1987 39.74 1.519154135469533
1988 39.76 1.519137011214961
1989 39.78 1.519119878323621
1990 39.8 1.519102733875556
1991 39.82 1.519085575027143
1992 39.84 1.519068400845893
1993 39.86 1.519051213504031
1994 39.88 1.519034009749922
1995 39.9 1.519016786233955
1996 39.92 1.51899954389224
1997 39.94 1.518982286868276
1998 39.96 1.518965016683323
1999 39.98 1.518947731997466
2000 40 1.518930433603861
2001 40.02 1.518913114231233
2002 40.04 1.518895708041169
2003 40.06 1.518878405439007
2004 40.08 1.518861073953593
2005 40.1 1.518843705912402
2006 40.12 1.518826313216
2007 40.14 1.518808902859238
2008 40.16 1.518791472957487
2009 40.18 1.518774028438676
2010 40.2 1.518756573595595
2011 40.22 1.518739105885048
2012 40.24 1.51872162125216
2013 40.26 1.518704125581342
2014 40.28 1.51868662080045
2015 40.3 1.518669103362566
2016 40.32 1.518651569111044
2017 40.34 1.518633581185217
2018 40.36 1.518616155720373
2019 40.38 1.518598437488027
2020 40.4 1.518580941849195
2021 40.42 1.518563173845116
2022 40.44 1.518545636039244
2023 40.46 1.518527844528604
2024 40.48 1.518510284301182
2025 40.5 1.518492467428798
2026 40.52 1.518474920114039
2027 40.54 1.518457093866499
2028 40.56 1.518440431039007
2029 40.58 1.51842204424529
2030 40.6 1.518403648423509
2031 40.62 1.518385703790539
2032 40.64 1.518367628498934
2033 40.66 1.518349827722771
2034 40.68 1.518331849003723
2035 40.7 1.518314097897114
2036 40.72 1.518296154939807
2037 40.74 1.518278423729611
2038 40.76 1.518260482506505
2039 40.78 1.518242739344622
2040 40.8 1.51822480458926
2041 40.82 1.51820703994472
2042 40.84 1.518189085227805
2043 40.86 1.518171279342029
2044 40.88 1.518153306675542
2045 40.9 1.518135482572081
2046 40.92 1.518117523037346
2047 40.94 1.518099653548978
2048 40.96 1.518081644452164
2049 40.98 1.518063729990513
2050 41 1.518045658187586
2051 41.02 1.518027702081655
2052 41.04 1.518009604028625
2053 41.06 1.51799161271582
2054 41.08 1.517973367670654
2055 41.1 1.517955427982562
2056 41.12 1.517937149032798
2057 41.14 1.51791923816343
2058 41.16 1.517900960215616
2059 41.18 1.517883034877044
2060 41.2 1.517864732247555
2061 41.22 1.51784676715076
2062 41.24 1.517828427440667
2063 41.26 1.517810432308137
2064 41.28 1.517792066286926
2065 41.3 1.51777404121366
2066 41.32 1.517755648757292
2067 41.34 1.51773759290102
2068 41.36 1.517719170016644
2069 41.38 1.517701060832173
2070 41.4 1.517682624037845
2071 41.42 1.517664491992372
2072 41.44 1.517646038887992
2073 41.46 1.517627881947593
2074 41.48 1.517609409914145
2075 41.5 1.517591215878924
2076 41.52 1.517572686012804
2077 41.54 1.517554435108601
2078 41.56 1.517535845699649
2079 41.58 1.517517563483301
2080 41.6 1.517498754607564
2081 41.62 1.517480145012542
2082 41.64 1.517461299853881
2083 41.66 1.517442922889844
2084 41.68 1.51742456130657
2085 41.7 1.51740613257289
2086 41.72 1.517387655522731
2087 41.74 1.517369161459174
2088 41.76 1.517351543619409
2089 41.78 1.517332761864026
2090 41.8 1.517313845145815
2091 41.82 1.517295029496007
2092 41.84 1.517276292841643
2093 41.86 1.517257596539182
2094 41.88 1.517238923873832
2095 41.9 1.517220268073315
2096 41.92 1.51720162088132
2097 41.94 1.517182982404253
2098 41.96 1.51716433056443
2099 41.98 1.517145830100407
2100 42 1.517127478962909
2101 42.02 1.517108647024087
2102 42.04 1.517090179907298
2103 42.06 1.517071265763175
2104 42.08 1.517052764814907
2105 42.1 1.517033799348512
2106 42.12 1.517015253997271
2107 42.14 1.516995666280954
2108 42.16 1.516977176986085
2109 42.18 1.516958420860113
2110 42.2 1.51693987318029
2111 42.22 1.516920941633688
2112 42.24 1.516902273353819
2113 42.26 1.516883265361514
2114 42.28 1.516864550376027
2115 42.3 1.516845522320752
2116 42.32 1.516827101691581
2117 42.34 1.516808149666655
2118 42.36 1.516789269896462
2119 42.38 1.516770338569619
2120 42.4 1.516751416712546
2121 42.42 1.516732466863201
2122 42.44 1.516713505380297
2123 42.46 1.516694522996889
2124 42.48 1.516675526210975
2125 42.5 1.516656515293097
2126 42.52 1.51663749457262
2127 42.54 1.516618463946356
2128 42.56 1.516599425929355
2129 42.58 1.516580371625404
2130 42.6 1.516561307059558
2131 42.62 1.516542231951816
2132 42.64 1.516523140904212
2133 42.66 1.516504039376322
2134 42.68 1.51648493997672
2135 42.7 1.516465840591059
2136 42.72 1.516446732241969
2137 42.74 1.516427605323
2138 42.76 1.516408480160897
2139 42.78 1.516389336121299
2140 42.8 1.516370173819777
2141 42.82 1.516351006654108
2142 42.84 1.516331825418074
2143 42.86 1.516312637599946
2144 42.88 1.516293425707447
2145 42.9 1.516274204685667
2146 42.92 1.516254960655604
2147 42.94 1.516235700334468
2148 42.96 1.516216265271508
2149 42.98 1.516197061315512
2150 43 1.516177827778797
2151 43.02 1.51615855420503
2152 43.04 1.516139236405457
2153 43.06 1.516119895853307
2154 43.08 1.516100533830754
2155 43.1 1.516081163795848
2156 43.12 1.516061773603782
2157 43.14 1.516042370609146
2158 43.16 1.516022946148002
2159 43.18 1.516003513799352
2160 43.2 1.515984060229527
2161 43.22 1.515964593711568
2162 43.24 1.515945118452586
2163 43.26 1.515925666050595
2164 43.28 1.515906199605136
2165 43.3 1.515886727341715
2166 43.32 1.515867248937087
2167 43.34 1.515847752515945
2168 43.36 1.51582823988544
2169 43.38 1.515808707307175
2170 43.4 1.515789113994752
2171 43.42 1.515769540649318
2172 43.44 1.515749965664052
2173 43.46 1.515730390466866
2174 43.48 1.515710817413124
2175 43.5 1.515691259769677
2176 43.52 1.515671720198196
2177 43.54 1.515652272861288
2178 43.56 1.515632813914942
2179 43.58 1.515613235171946
2180 43.6 1.51559356503804
2181 43.62 1.515573905749203
2182 43.64 1.515554196003114
2183 43.66 1.515534551322917
2184 43.68 1.515514819955137
2185 43.7 1.515495173005446
2186 43.72 1.515475405088799
2187 43.74 1.51545589466587
2188 43.76 1.515435774960717
2189 43.78 1.515416189932649
2190 43.8 1.515396100824052
2191 43.82 1.515376420093423
2192 43.84 1.515356335879928
2193 43.86 1.515336673640329
2194 43.88 1.515316671040337
2195 43.9 1.515296988026945
2196 43.92 1.515276974241152
2197 43.94 1.515257289500825
2198 43.96 1.515237290990311
2199 43.98 1.515217581656623
2200 44 1.515197565950817
2201 44.02 1.51517783451292
2202 44.04 1.51515779960548
2203 44.06 1.515138062474681
2204 44.08 1.515118007024807
2205 44.1 1.515098238101793
2206 44.12 1.515078237753691
2207 44.14 1.51505831401329
2208 44.16 1.515038181694484
2209 44.18 1.515018376882603
2210 44.2 1.514998249138707
2211 44.22 1.514978471679789
2212 44.24 1.514958365531259
2213 44.26 1.514938631283942
2214 44.28 1.514918491412699
2215 44.3 1.514898281822012
2216 44.32 1.514878222235128
2217 44.34 1.514858857381177
2218 44.36 1.514839079916166
2219 44.38 1.514819247744622
2220 44.4 1.514798083371792
2221 44.42 1.514778980973661
2222 44.44 1.514759164528749
2223 44.46 1.514739494108529
2224 44.48 1.514719565249094
2225 44.5 1.514699580829037
2226 44.52 1.514679567668734
2227 44.54 1.514659488908008
2228 44.56 1.51463938305668
2229 44.58 1.514619292743911
2230 44.6 1.514599134870545
2231 44.62 1.514579069590405
2232 44.64 1.514558840599338
2233 44.66 1.514538748735442
2234 44.68 1.514518464799058
2235 44.7 1.514498401604911
2236 44.72 1.514478082827909
2237 44.74 1.514458028712121
2238 44.76 1.514437665655109
2239 44.78 1.514417562830858
2240 44.8 1.514397289660298
2241 44.82 1.514377178238533
2242 44.84 1.514356791950502
2243 44.86 1.514336647040121
2244 44.88 1.514316875141437
2245 44.9 1.514296453304551
2246 44.92 1.514275812117116
2247 44.94 1.514255504110695
2248 44.96 1.514235004635771
2249 44.98 1.514214779048107
2250 45 1.514194312716534
2251 45.02 1.514174448768251
2252 45.04 1.514154013335808
2253 45.06 1.514133730970405
2254 45.08 1.514113314501171
2255 45.1 1.514093048154769
2256 45.12 1.514072645493526
2257 45.14 1.514052362660438
2258 45.16 1.514031986165929
2259 45.18 1.514011707116708
2260 45.2 1.513991300446274
2261 45.22 1.51397100978032
2262 45.24 1.513950558662678
2263 45.26 1.51393025017418
2264 45.28 1.513909764409059
2265 45.3 1.513889429772493
2266 45.32 1.513868941906586
2267 45.34 1.513848607288319
2268 45.36 1.513828111302723
2269 45.38 1.51380775367742
2270 45.4 1.513787234724669
2271 45.42 1.513766855851362
2272 45.44 1.513746336255706
2273 45.46 1.513725970245406
2274 45.48 1.513705452174686
2275 45.5 1.513685062987326
2276 45.52 1.513664553358924
2277 45.54 1.513644133833964
2278 45.56 1.513623614294156
2279 45.58 1.513603166643929
2280 45.6 1.513582641518352
2281 45.62 1.513562167140577
2282 45.64 1.513541628125949
2283 45.66 1.513521146091848
2284 45.68 1.5135006263507
2285 45.7 1.513480165145337
2286 45.72 1.513459597755257
2287 45.74 1.513439121379113
2288 45.76 1.513418586917157
2289 45.78 1.513398124127487
2290 45.8 1.513377512217645
2291 45.82 1.513357014995119
2292 45.84 1.513336266570008
2293 45.86 1.513315766396179
2294 45.88 1.513295174105068
2295 45.9 1.513274720284797
2296 45.92 1.513254048838596
2297 45.94 1.513233512113791
2298 45.96 1.513212986299245
2299 45.98 1.513192457738693
2300 46 1.513171883228049
2301 46.02 1.513151304201105
2302 46.04 1.513130725456484
2303 46.06 1.513110171511849
2304 46.08 1.513089969089712
2305 46.1 1.513069461706356
2306 46.12 1.51304895782818
2307 46.14 1.513028377283696
2308 46.16 1.513007838760417
2309 46.18 1.512987234406009
2310 46.2 1.512966698599615
2311 46.22 1.512946045993507
2312 46.24 1.512925432940168
2313 46.26 1.512904765530359
2314 46.28 1.512884119310345
2315 46.3 1.512863417269013
2316 46.32 1.512842747900808
2317 46.34 1.512822021835169
2318 46.36 1.512801320923296
2319 46.38 1.512780593902645
2320 46.4 1.512759889577304
2321 46.42 1.512739183134594
2322 46.44 1.512718502312987
2323 46.46 1.512697812810089
2324 46.48 1.512677147216838
2325 46.5 1.512656485721419
2326 46.52 1.512635820316661
2327 46.54 1.512615138601942
2328 46.56 1.512594466615026
2329 46.58 1.512573779968982
2330 46.6 1.512553372888963
2331 46.62 1.5125325611545
2332 46.64 1.512511742190848
2333 46.66 1.512490933173988
2334 46.68 1.512470124308227
2335 46.7 1.512449310086066
2336 46.72 1.512428503289176
2337 46.74 1.512407693707622
2338 46.76 1.512386881396701
2339 46.78 1.512366051464491
2340 46.8 1.512345226035556
2341 46.82 1.512324391145656
2342 46.84 1.512303541759935
2343 46.86 1.512282735175046
2344 46.88 1.512261900903636
2345 46.9 1.512240810508803
2346 46.92 1.512219897495398
2347 46.94 1.512199073015345
2348 46.96 1.512178250375091
2349 46.98 1.51215740863023
2350 47 1.512136564650714
2351 47.02 1.512115726124819
2352 47.04 1.512094982290803
2353 47.06 1.512074199484897
2354 47.08 1.512053530858089
2355 47.1 1.512032533670989
2356 47.12 1.512011628908855
2357 47.14 1.511990787748595
2358 47.16 1.511969951191197
2359 47.18 1.511949114498458
2360 47.2 1.511928264930394
2361 47.22 1.511906802326967
2362 47.24 1.511886067455993
2363 47.26 1.511865387463422
2364 47.28 1.51184460700944
2365 47.3 1.51182375263391
2366 47.32 1.511802854147281
2367 47.34 1.511781942305701
2368 47.36 1.51176101552689
2369 47.38 1.511740265044062
2370 47.4 1.511719403578176
2371 47.42 1.511698497351424
2372 47.44 1.511677464576271
2373 47.46 1.511656445991595
2374 47.48 1.511635444939117
2375 47.5 1.511614520638212
2376 47.52 1.511593605307568
2377 47.54 1.511572700502605
2378 47.56 1.511551748821372
2379 47.58 1.511530804830809
2380 47.6 1.511509818912218
2381 47.62 1.511488824087641
2382 47.64 1.511467827100298
2383 47.66 1.511446839745014
2384 47.68 1.511425844707355
2385 47.7 1.511404865999261
2386 47.72 1.511383854239425
2387 47.74 1.511362882676409
2388 47.76 1.511341883550608
2389 47.78 1.511320887380717
2390 47.8 1.511299877297527
2391 47.82 1.511278924109958
2392 47.84 1.511257920885104
2393 47.86 1.511237088632299
2394 47.88 1.511216162217378
2395 47.9 1.511195251745357
2396 47.92 1.511174201551504
2397 47.94 1.511153238172247
2398 47.96 1.511132158470521
2399 47.98 1.511111175647574
2400 48 1.511090087368357
2401 48.02 1.511069108073162
2402 48.04 1.511048233832895
2403 48.06 1.511027086491505
2404 48.08 1.511005836512363
2405 48.1 1.510984665997755
2406 48.12 1.510963533786546
2407 48.14 1.51094242478089
2408 48.16 1.510921304946107
2409 48.18 1.51090018976415
2410 48.2 1.51087907860443
2411 48.22 1.51085796196924
2412 48.24 1.51083685707168
2413 48.26 1.51081576320785
2414 48.28 1.510794674785491
2415 48.3 1.510773557088322
2416 48.32 1.510752434525538
2417 48.34 1.510731287097989
2418 48.36 1.510710149180412
2419 48.38 1.510688981929607
2420 48.4 1.510667992048644
2421 48.42 1.51064685996905
2422 48.44 1.510625777494247
2423 48.46 1.510604594327657
2424 48.48 1.510583504467945
2425 48.5 1.510562284233904
2426 48.52 1.510541163238708
2427 48.54 1.510519849161963
2428 48.56 1.510498738066393
2429 48.58 1.510477387242951
2430 48.6 1.510456273078537
2431 48.62 1.510434911885943
2432 48.64 1.510413759134225
2433 48.66 1.510392384819674
2434 48.68 1.510371225727501
2435 48.7 1.51034986334669
2436 48.72 1.510328722431496
2437 48.74 1.510307372026175
2438 48.76 1.510286218752683
2439 48.78 1.510264881536429
2440 48.8 1.51024371451658
2441 48.82 1.510222365254443
2442 48.84 1.510201187705224
2443 48.86 1.510179894864919
2444 48.88 1.510158710207246
2445 48.9 1.510137355530075
2446 48.92 1.510116139231256
2447 48.94 1.510094783484788
2448 48.96 1.510073560217666
2449 48.98 1.510052196214039
2450 49 1.510031444133392
2451 49.02 1.51000954842491
2452 49.04 1.509987689400075
2453 49.06 1.509966159383387
2454 49.08 1.50994456457062
2455 49.1 1.509923220380932
2456 49.12 1.509901716542234
2457 49.14 1.509880449559604
2458 49.16 1.509858978563827
2459 49.18 1.509837746273472
2460 49.2 1.509816294478927
2461 49.22 1.509795192878109
2462 49.24 1.509773595595771
2463 49.26 1.509752381567389
2464 49.28 1.509731007818925
2465 49.3 1.50970947477396
2466 49.32 1.50968838676984
2467 49.34 1.50966701737538
2468 49.36 1.509645786547655
2469 49.38 1.509624345343646
2470 49.4 1.509603092264822
2471 49.42 1.509581764554773
2472 49.44 1.509560380583841
2473 49.46 1.509538908597337
2474 49.48 1.509517595529114
2475 49.5 1.509496127631234
2476 49.52 1.509474786232119
2477 49.54 1.509453306466435
2478 49.56 1.509431709140931
2479 49.58 1.509410462869054
2480 49.6 1.509389097918215
2481 49.62 1.509367747819053
2482 49.64 1.509346434412347
2483 49.66 1.50932496656849
2484 49.68 1.509303503497954
2485 49.7 1.509281944365351
2486 49.72 1.50926043298965
2487 49.74 1.509238896937257
2488 49.76 1.509217435826941
2489 49.78 1.509195881190757
2490 49.8 1.509174347598187
2491 49.82 1.509152848278316
2492 49.84 1.509131331533985
2493 49.86 1.509109681174293
2494 49.88 1.509088253592104
2495 49.9 1.509066650672257
2496 49.92 1.50904525157258
2497 49.94 1.509023665109524
2498 49.96 1.509002286166746
2499 49.98 1.508980673351388
2500 50 1.508959318670514
2501 50.02 1.508937724190597
2502 50.04 1.508916395894763
2503 50.06 1.508894815638016
2504 50.08 1.50887353189409
2505 50.1 1.50885193070657
2506 50.12 1.508830622922571
2507 50.14 1.508808973768656
2508 50.16 1.508787652963708
2509 50.18 1.508766048526145
2510 50.2 1.508744733856654
2511 50.22 1.50872313814058
2512 50.24 1.508701790995974
2513 50.26 1.508680182434703
2514 50.28 1.508658805811741
2515 50.3 1.508637188357189
2516 50.32 1.508615776518653
2517 50.34 1.508594162421196
2518 50.36 1.508572770686346
2519 50.38 1.508551155415492
2520 50.4 1.50852973745297
2521 50.42 1.508507852376017
2522 50.44 1.508486495050924
2523 50.46 1.508464988994605
2524 50.48 1.508443587510119
2525 50.5 1.508421994417391
2526 50.52 1.508400528479721
2527 50.54 1.508378910169657
2528 50.56 1.508357426466077
2529 50.58 1.508335787166159
2530 50.6 1.508314275504311
2531 50.62 1.508292637718791
2532 50.64 1.50827112759362
2533 50.66 1.508249468720725
2534 50.68 1.508228297283535
2535 50.7 1.508206506150301
2536 50.72 1.508184725121793
2537 50.74 1.508163000984545
2538 50.76 1.508141324820778
2539 50.78 1.508119657174801
2540 50.8 1.508098002819939
2541 50.82 1.508076341728861
2542 50.84 1.508054561067362
2543 50.86 1.508033035919013
2544 50.88 1.508011578663742
2545 50.9 1.507989981086722
2546 50.92 1.507968526461432
2547 50.94 1.507946883009338
2548 50.96 1.507925360980501
2549 50.98 1.507903688123648
2550 51 1.507882142923772
2551 51.02 1.507859840176996
2552 51.04 1.507838498712116
2553 51.06 1.507817134325163
2554 51.08 1.507795602062753
2555 51.1 1.507774072715123
2556 51.12 1.507752429091663
2557 51.14 1.507730847806374
2558 51.16 1.507709176230826
2559 51.18 1.507687575500308
2560 51.2 1.507665904555114
2561 51.22 1.50764432443632
2562 51.24 1.507622651337282
2563 51.26 1.507601050293488
2564 51.28 1.507579378516851
2565 51.3 1.507557783167149
2566 51.32 1.507536439667106
2567 51.34 1.507514607449844
2568 51.36 1.507492894749592
2569 51.38 1.507471148929945
2570 51.4 1.507449496986488
2571 51.42 1.507427766837786
2572 51.44 1.507406159803226
2573 51.46 1.507384445500713
2574 51.48 1.507362852759434
2575 51.5 1.507340704840185
2576 51.52 1.50731944354473
2577 51.54 1.50729794269955
2578 51.56 1.507276421544638
2579 51.58 1.507254799855163
2580 51.6 1.507233214601555
2581 51.62 1.507211562359893
2582 51.64 1.507189962465206
2583 51.66 1.507168297869176
2584 51.68 1.507146690150597
2585 51.7 1.507125010118174
2586 51.72 1.50710340464535
2587 51.74 1.507081701701775
2588 51.76 1.507060071505707
2589 51.78 1.507038380546094
2590 51.8 1.507016709267267
2591 51.82 1.506995002272336
2592 51.84 1.50697330500092
2593 51.86 1.506951635165218
2594 51.88 1.506929966425443
2595 51.9 1.506908297628013
2596 51.92 1.506886933690373
2597 51.94 1.506865018278886
2598 51.96 1.506843166401154
2599 51.98 1.506821411194292
2600 52 1.506799666262735
2601 52.02 1.506777972602782
2602 52.04 1.506756290981365
2603 52.06 1.506734615654095
2604 52.08 1.506712951908443
2605 52.1 1.506691280661216
2606 52.12 1.506669628444399
2607 52.14 1.50664793824922
2608 52.16 1.506626289821933
2609 52.18 1.50660457501525
2610 52.2 1.506582940411414
2611 52.22 1.506561239812611
2612 52.24 1.506539638803967
2613 52.26 1.50651792332631
2614 52.28 1.506496320040446
2615 52.3 1.506474620296529
2616 52.32 1.506453070821258
2617 52.34 1.506431406619805
2618 52.36 1.506409887583138
2619 52.38 1.506387801576757
2620 52.4 1.506366494445905
2621 52.42 1.506344984853754
2622 52.44 1.506323435079994
2623 52.46 1.506301826164295
2624 52.48 1.506280240201741
2625 52.5 1.506258617541154
2626 52.52 1.506237020677893
2627 52.54 1.506215411738779
2628 52.56 1.506193806143819
2629 52.58 1.506171724576754
2630 52.6 1.506150284046388
2631 52.62 1.5061288713892
2632 52.64 1.506107281905157
2633 52.66 1.506085780311863
2634 52.68 1.506064111476625
2635 52.7 1.506042548607936
2636 52.72 1.506020894311158
2637 52.74 1.505999377544946
2638 52.76 1.505977648069777
2639 52.78 1.505956134825077
2640 52.8 1.505934382807491
2641 52.82 1.505912871128846
2642 52.84 1.505891118691168
2643 52.86 1.505869720987083
2644 52.88 1.505847732793974
2645 52.9 1.505826423663784
2646 52.92 1.505804453539055
2647 52.94 1.505783210529277
2648 52.96 1.505761313596844
2649 52.98 1.505740123657267
2650 53 1.505718248751942
2651 53.02 1.505697081914046
2652 53.04 1.505675195802031
2653 53.06 1.505654020574293
2654 53.08 1.505632061692086
2655 53.1 1.505610902480424
2656 53.12 1.505589060241421
2657 53.14 1.505567907184882
2658 53.16 1.505546044342559
2659 53.18 1.505524858593883
2660 53.2 1.505502978912673
2661 53.22 1.505481779500632
2662 53.24 1.505459952387837
2663 53.26 1.50543875143374
2664 53.28 1.50541698534991
2665 53.3 1.505395788150473
2666 53.32 1.505374068427141
2667 53.34 1.505352850088906
2668 53.36 1.50533113028292
2669 53.38 1.505309895093363
2670 53.4 1.505288115097376
2671 53.42 1.505266936424466
2672 53.44 1.50524512246662
2673 53.46 1.505223977987423
2674 53.48 1.50520216201836
2675 53.5 1.505181039471019
2676 53.52 1.505159068417515
2677 53.54 1.505137975969519
2678 53.56 1.505116013490391
2679 53.58 1.505094959609765
2680 53.6 1.505073016598395
2681 53.62 1.505051961490144
2682 53.64 1.505030035887369
2683 53.66 1.505008949280661
2684 53.68 1.504987071385487
2685 53.7 1.504965989780157
2686 53.72 1.504944156375328
2687 53.74 1.504923067302357
2688 53.76 1.504901256610643
2689 53.78 1.504880143480952
2690 53.8 1.504858372464809
2691 53.82 1.504837242153722
2692 53.84 1.504815492947039
2693 53.86 1.504794345608605
2694 53.88 1.504772664817797
2695 53.9 1.504751509195502
2696 53.92 1.50472986265329
2697 53.94 1.504708673283712
2698 53.96 1.504687041389989
2699 53.98 1.504665801580749
2700 54 1.504644170803921
2701 54.02 1.504622895694015
2702 54.04 1.504601258242284
2703 54.06 1.504580009222064
2704 54.08 1.504558364294235
2705 54.1 1.504537105829856
2706 54.12 1.504515491597659
2707 54.14 1.504494294904114
2708 54.16 1.50447280252802
2709 54.18 1.504451628356187
2710 54.2 1.504430128830568
2711 54.22 1.504408920340035
2712 54.24 1.504387368562977
2713 54.26 1.504366158417893
2714 54.28 1.50434457425196
2715 54.3 1.504323411479674
2716 54.32 1.504301846613734
2717 54.34 1.504280757290111
2718 54.36 1.504259196101318
2719 54.38 1.504238154233546
2720 54.4 1.50421662815438
2721 54.42 1.504195599272603
2722 54.44 1.504174061887394
2723 54.46 1.50415306482923
2724 54.48 1.504131520458834
2725 54.5 1.504110537120052
2726 54.52 1.504089024176631
2727 54.54 1.504068441095231
2728 54.56 1.50404681705492
2729 54.58 1.504025664622856
2730 54.6 1.5040040906334
2731 54.62 1.50398303457417
2732 54.64 1.503961553930675
2733 54.66 1.503940542548539
2734 54.68 1.503919104423149
2735 54.7 1.503898090557671
2736 54.72 1.503876652084686
2737 54.74 1.503855617504246
2738 54.76 1.503834184773844
2739 54.78 1.503813156747793
2740 54.8 1.503791734564371
2741 54.82 1.503770730475834
2742 54.84 1.503749314750175
2743 54.86 1.50372833151925
2744 54.88 1.503706942732034
2745 54.9 1.503685677238848
2746 54.92 1.503664328522504
2747 54.94 1.503643455263268
2748 54.96 1.50362216722501
2749 54.98 1.50360121282952
2750 55 1.503579884999782
2751 55.02 1.503558914833214
2752 55.04 1.503537606254436
2753 55.06 1.503516615785094
2754 55.08 1.503495314476624
2755 55.1 1.503474326306266
2756 55.12 1.503453049914686
2757 55.14 1.50343207067926
2758 55.16 1.503410830161057
2759 55.18 1.503389762261623
2760 55.2 1.503368713319052
2761 55.22 1.503347675866765
2762 55.24 1.503326624908988
2763 55.26 1.503305618970066
2764 55.28 1.503284602079111
2765 55.3 1.503263605429046
2766 55.32 1.503242549889868
2767 55.34 1.503221651133436
2768 55.36 1.503200590703622
2769 55.38 1.503179642191991
2770 55.4 1.503158603604085
2771 55.42 1.503137674319302
2772 55.44 1.503116627464893
2773 55.46 1.503095723311892
2774 55.48 1.503074732452461
2775 55.5 1.503053849902408
2776 55.52 1.503032897812494
2777 55.54 1.503012125850781
2778 55.56 1.502991343388508
2779 55.58 1.502970552120939
2780 55.6 1.502949619930676
2781 55.62 1.50292881417187
2782 55.64 1.502907892204893
2783 55.66 1.50288711573578
2784 55.68 1.502866227506152
2785 55.7 1.502845471410269
2786 55.72 1.502824573132473
2787 55.74 1.502803816877709
2788 55.76 1.502782534280279
2789 55.78 1.502761814939601
2790 55.8 1.50274115966334
2791 55.82 1.502720478298231
2792 55.84 1.502699760271903
2793 55.86 1.502678966874895
2794 55.88 1.502658281909718
2795 55.9 1.502637567999865
2796 55.92 1.502616879690502
2797 55.94 1.502596173407266
2798 55.96 1.502575493246776
2799 55.98 1.502555183807258
2800 56 1.50253445691456
2801 56.02 1.502513586978537
2802 56.04 1.502492811085184
2803 56.06 1.502472073734566
2804 56.08 1.502451400444763
2805 56.1 1.502430732204547
2806 56.12 1.502410075977727
2807 56.14 1.502389512991811
2808 56.16 1.50236896570112
2809 56.18 1.502348417847126
2810 56.2 1.502327800017076
2811 56.22 1.502307309770316
2812 56.24 1.502286750380247
2813 56.26 1.502266219040457
2814 56.28 1.50224564574054
2815 56.3 1.502225170634853
2816 56.32 1.502204492492498
2817 56.34 1.50218398958058
2818 56.36 1.50216339901542
2819 56.38 1.502142936284213
2820 56.4 1.502122364444106
2821 56.42 1.50210194098064
2822 56.44 1.50208140622709
2823 56.46 1.502060919348395
2824 56.48 1.502040246966239
2825 56.5 1.50201976123953
2826 56.52 1.501999262959449
2827 56.54 1.501978858284331
2828 56.56 1.501958385037604
2829 56.58 1.501937997484548
2830 56.6 1.501917755343008
2831 56.62 1.501897388979559
2832 56.64 1.50187696196821
2833 56.66 1.501856627204987
2834 56.68 1.501836233189024
2835 56.7 1.501816081232779
2836 56.72 1.501795786554823
2837 56.74 1.501775510928999
2838 56.76 1.501755055102297
2839 56.78 1.501734765538331
2840 56.8 1.501714303696381
2841 56.82 1.501694023734285
2842 56.84 1.501673355032954
2843 56.86 1.501653145254545
2844 56.88 1.50163277019039
2845 56.9 1.50161209970737
2846 56.92 1.501591714806308
2847 56.94 1.501571767669714
2848 56.96 1.501551388415875
2849 56.98 1.501531317464389
2850 57 1.501510468781045
2851 57.02 1.501490598553509
2852 57.04 1.501470326678776
2853 57.06 1.501450242447016
2854 57.08 1.501429945063569
2855 57.1 1.501409893182936
2856 57.12 1.501389594484552
2857 57.14 1.501370368972358
2858 57.16 1.501350173883631
2859 57.18 1.501329923991478
2860 57.2 1.50130943096472
2861 57.22 1.501289303263894
2862 57.24 1.501268904520308
2863 57.26 1.501248833624684
2864 57.28 1.501228483140207
2865 57.3 1.50120845177601
2866 57.32 1.501188142014975
2867 57.34 1.501168153588355
2868 57.36 1.501147994256865
2869 57.38 1.50112795840454
2870 57.4 1.501107643703113
2871 57.42 1.501087632933403
2872 57.44 1.501066247299076
2873 57.46 1.501046773839685
2874 57.48 1.501027551017218
2875 57.5 1.501007335864439
2876 57.52 1.50098702926119
2877 57.54 1.500967126843424
2878 57.56 1.500946942068829
2879 57.58 1.500927068619001
2880 57.6 1.500906886795927
2881 57.62 1.500886716916083
2882 57.64 1.500866481965457
2883 57.66 1.500846546276597
2884 57.68 1.500826465330643
2885 57.7 1.500806527610953
2886 57.72 1.500786698155038
2887 57.74 1.500767289091933
2888 57.76 1.500747147158003
2889 57.78 1.500727416657878
2890 57.8 1.500707322971594
2891 57.82 1.500687556361947
2892 57.84 1.500667338144724
2893 57.86 1.500647624725437
2894 57.88 1.50062744976607
2895 57.9 1.500607797591195
2896 57.92 1.500587664997812
2897 57.94 1.500568071789369
2898 57.96 1.500547973092389
2899 57.98 1.500528419045746
2900 58 1.500508316205359
2901 58.02 1.500488807563806
2902 58.04 1.500468696642867
2903 58.06 1.500449168225242
2904 58.08 1.500429062133428
2905 58.1 1.500409551191972
2906 58.12 1.500389482811775
2907 58.14 1.500370029948423
2908 58.16 1.50034999946704
2909 58.18 1.500330537360776
2910 58.2 1.500310487387809
2911 58.22 1.500291024463014
2912 58.24 1.500270963288063
2913 58.26 1.500251510979906
2914 58.28 1.500231454332179
2915 58.3 1.500212017322724
2916 58.32 1.500191949877008
2917 58.34 1.500172511232374
2918 58.36 1.500152458351862
2919 58.38 1.500133060582035
2920 58.4 1.500113061689436
2921 58.42 1.500093667178768
2922 58.44 1.500073661199403
2923 58.46 1.500054242880189
2924 58.48 1.500034216197918
2925 58.5 1.50001389501753
2926 58.52 1.499994275160112
2927 58.54 1.49997528550826
2928 58.56 1.499955405266614
2929 58.58 1.499935700272396
2930 58.6 1.499915858784701
2931 58.62 1.499896194032735
2932 58.64 1.499876355133675
2933 58.66 1.499856617790301
2934 58.68 1.499836646824596
2935 58.7 1.499816963990587
2936 58.72 1.499797201084604
2937 58.74 1.499777590647797
2938 58.76 1.499757865264927
2939 58.78 1.49973829096493
2940 58.8 1.49971860374097
2941 58.82 1.499699046627285
2942 58.84 1.499679962989197
2943 58.86 1.49966015961095
2944 58.88 1.499640303525344
2945 58.9 1.499620573990687
2946 58.92 1.499600917715656
2947 58.94 1.499581346814661
2948 58.96 1.499561776833934
2949 58.98 1.499542232529914
2950 59 1.499522650667666
2951 59.02 1.499503090883583
2952 59.04 1.499483498776677
2953 59.06 1.499463933483709
2954 59.08 1.499444359508391
2955 59.1 1.499424818374476
2956 59.12 1.499405254489774
2957 59.14 1.49938572161516
2958 59.16 1.499366178745727
2959 59.18 1.499346655415411
2960 59.2 1.499327142481057
2961 59.22 1.499307619013003
2962 59.24 1.499286993630947
2963 59.26 1.499267936437384
2964 59.28 1.499248980151993
2965 59.3 1.49922985225433
2966 59.32 1.499210588795701
2967 59.34 1.499191307201323
2968 59.36 1.49917200878479
2969 59.38 1.499152710048495
2970 59.4 1.499133366192238
2971 59.42 1.499114044267429
2972 59.44 1.499094698281797
2973 59.46 1.499075385558379
2974 59.48 1.499056046955608
2975 59.5 1.499036735662623
2976 59.52 1.499017458912048
2977 59.54 1.498998061731736
2978 59.56 1.4989788530504
2979 59.58 1.498959890532571
2980 59.6 1.498940507660115
2981 59.62 1.49892142480668
2982 59.64 1.498901972909555
2983 59.66 1.498882831237375
2984 59.68 1.498863372491546
2985 59.7 1.498844059860055
2986 59.72 1.498824744598854
2987 59.74 1.498805676568193
2988 59.76 1.498786229423142
2989 59.78 1.498767116603782
2990 59.8 1.498747732570313
2991 59.82 1.498728633105457
2992 59.84 1.498709242690152
2993 59.86 1.498690121235476
2994 59.88 1.498670731680775
2995 59.9 1.498651625351499
2996 59.92 1.498631675361853
2997 59.94 1.498614162214069
2998 59.96 1.498594885999281
2999 59.98 1.498575414236098
3000 60 1.498555826365026
3001 60.02 1.498536572637874
3002 60.04 1.498517137379079
3003 60.06 1.498498029706831
3004 60.08 1.498478722807174
3005 60.1 1.498459673323208
3006 60.12 1.498440404526509
3007 60.14 1.49842091719332
3008 60.16 1.498401774633652
3009 60.18 1.498383013245878
3010 60.2 1.498363822600992
3011 60.22 1.498344945559967
3012 60.24 1.498325698209251
3013 60.26 1.498306622916865
3014 60.28 1.498287423158494
3015 60.3 1.49826847464407
3016 60.32 1.49824928099284
3017 60.34 1.498230332999451
3018 60.36 1.498211174133322
3019 60.38 1.498191961083784
3020 60.4 1.49817279387058
3021 60.42 1.49815402268265
3022 60.44 1.498134932387384
3023 60.46 1.498116061141178
3024 60.48 1.498096893848527
3025 60.5 1.498077976819365
3026 60.52 1.498058775878801
3027 60.54 1.498041014946159
3028 60.56 1.498021940466826
3029 60.58 1.498002079815506
3030 60.6 1.497982428869894
3031 60.62 1.497963050862656
3032 60.64 1.497943746875267
3033 60.66 1.497924643090684
3034 60.68 1.497905504795736
3035 60.7 1.497886463071411
3036 60.72 1.497867385654353
3037 60.74 1.497848388735194
3038 60.76 1.49782937467119
3039 60.78 1.497810397708263
3040 60.8 1.497791415467029
3041 60.82 1.497772421858681
3042 60.84 1.497753442392929
3043 60.86 1.497735659949866
3044 60.88 1.497716348788065
3045 60.9 1.49769697846952
3046 60.92 1.497677820194839
3047 60.94 1.497658308264062
3048 60.96 1.497639351662941
3049 60.98 1.497620424865335
3050 61 1.497601595073417
3051 61.02 1.497582694862837
3052 61.04 1.497563207741821
3053 61.06 1.497544837942663
3054 61.08 1.497526637127139
3055 61.1 1.497507643932934
3056 61.12 1.497488623980516
3057 61.14 1.497469174954394
3058 61.16 1.49745034633081
3059 61.18 1.497431286629691
3060 61.2 1.497412471858766
3061 61.22 1.497394534300481
3062 61.24 1.497375582984721
3063 61.26 1.4973566803565
3064 61.28 1.497337770104238
3065 61.3 1.497319018658402
3066 61.32 1.49730009818673
3067 61.34 1.497281426506907
3068 61.36 1.497262574410313
3069 61.38 1.49724391413557
3070 61.4 1.497225023808112
3071 61.42 1.497206372938304
3072 61.44 1.497187522767409
3073 61.46 1.497168908751422
3074 61.48 1.497150115287139
3075 61.5 1.49713151013689
3076 61.52 1.497112715514443
3077 61.54 1.497094111639904
3078 61.56 1.497075596799769
3079 61.58 1.497057081347362
3080 61.6 1.497038109933243
3081 61.62 1.497019530564379
3082 61.64 1.497000588353936
3083 61.66 1.496982017235531
3084 61.68 1.49696311072534
3085 61.7 1.496944555121434
3086 61.72 1.496925688036296
3087 61.74 1.496907178277032
3088 61.76 1.496888381899247
3089 61.78 1.496869276030833
3090 61.8 1.496850494796736
3091 61.82 1.496832140085656
3092 61.84 1.496813645448065
3093 61.86 1.496795314093169
3094 61.88 1.496776756707559
3095 61.9 1.496758371275449
3096 61.92 1.49673919948641
3097 61.94 1.496721432610864
3098 61.96 1.496702961829344
3099 61.98 1.496684723611596
3100 62 1.496665957638956
3101 62.02 1.496647635880148
3102 62.04 1.49662885749458
3103 62.06 1.496610677947295
3104 62.08 1.496591719826153
3105 62.1 1.496573039360561
3106 62.12 1.496554353862265
3107 62.14 1.496535840327082
3108 62.16 1.496517270888809
3109 62.18 1.496498834984873
3110 62.2 1.496480321088151
3111 62.22 1.496461852800528
3112 62.24 1.49644335233325
3113 62.26 1.496424930722104
3114 62.28 1.496406479510876
3115 62.3 1.496388068607286
3116 62.32 1.496369637292984
3117 62.34 1.496351239456893
3118 62.36 1.496332842871918
3119 62.38 1.496314465731909
3120 62.4 1.49629610868689
3121 62.42 1.496277747360796
3122 62.44 1.496259368302186
3123 62.46 1.496241879464326
3124 62.48 1.496223197482937
3125 62.5 1.496204416629356
3126 62.52 1.496185795707579
3127 62.54 1.496167137522086
3128 62.56 1.496148587883244
3129 62.58 1.496129978325968
3130 62.6 1.496111486814346
3131 62.62 1.496093063415038
3132 62.64 1.496074605825936
3133 62.66 1.496056290503279
3134 62.68 1.496037859059713
3135 62.7 1.496019621709088
3136 62.72 1.496001327771882
3137 62.74 1.495983252914446
3138 62.76 1.495965003615818
3139 62.78 1.495946299009431
3140 62.8 1.495928117634527
3141 62.82 1.495910259099211
3142 62.84 1.495892100203184
3143 62.86 1.4958741538955
3144 62.88 1.495855938445287
3145 62.9 1.495837954637302
3146 62.92 1.495819708528535
3147 62.94 1.495801703575106
3148 62.96 1.495783487197066
3149 62.98 1.495765544304853
3150 63 1.495747397938066
3151 63.02 1.495729507473391
3152 63.04 1.495711394949979
3153 63.06 1.495693499568758
3154 63.08 1.495675372735288
3155 63.1 1.495657465666569
3156 63.12 1.495639269365562
3157 63.14 1.495621309170959
3158 63.16 1.495603179408103
3159 63.18 1.495585262712565
3160 63.2 1.495567172322017
3161 63.22 1.495549238391898
3162 63.24 1.495531098938695
3163 63.26 1.495513095794748
3164 63.28 1.49549494999396
3165 63.3 1.495476897268163
3166 63.32 1.495458928242788
3167 63.34 1.495440553087662
3168 63.36 1.495422282154514
3169 63.38 1.495403964398155
3170 63.4 1.49538574089859
3171 63.42 1.495367435076354
3172 63.44 1.495349254055971
3173 63.46 1.495330983662213
3174 63.48 1.495312881722806
3175 63.5 1.495294673628223
3176 63.52 1.4952766857835
3177 63.54 1.495258591126309
3178 63.56 1.495240711824773
3179 63.58 1.495222829664135
3180 63.6 1.49520408186971
3181 63.62 1.495187259602145
3182 63.64 1.495169825076179
3183 63.66 1.495152314393049
3184 63.68 1.495134570283022
3185 63.7 1.495116984638022
3186 63.72 1.495099614706985
3187 63.74 1.495081922379639
3188 63.76 1.495063997667457
3189 63.78 1.495046239555298
3190 63.8 1.495028328315547
3191 63.82 1.49501213924102
3192 63.84 1.494993559277857
3193 63.86 1.494974847997392
3194 63.88 1.494956774088501
3195 63.9 1.494938909977967
3196 63.92 1.494921078938295
3197 63.94 1.494903344933908
3198 63.96 1.494885881898737
3199 63.98 1.494868333517106
3200 64 1.494850650276794
3201 64.02 1.494832999622722
3202 64.04000000000001 1.49481529144054
3203 64.06 1.494797635126151
3204 64.08 1.494779955127417
3205 64.09999999999999 1.494762314355938
3206 64.12 1.494744636982743
3207 64.14 1.494727069800349
3208 64.16 1.494709507652458
3209 64.18000000000001 1.494691977397572
3210 64.2 1.494674403361122
3211 64.22 1.494656909243346
3212 64.23999999999999 1.494639331240886
3213 64.26000000000001 1.494621821363268
3214 64.28 1.494604310993334
3215 64.3 1.494586901547996
3216 64.32000000000001 1.494569712918411
3217 64.34 1.49455254551494
3218 64.36 1.494535125474294
3219 64.38 1.494518203223698
3220 64.40000000000001 1.494500481538805
3221 64.42 1.494482466365407
3222 64.44 1.494464591429871
3223 64.46000000000001 1.494447418089008
3224 64.48 1.494430180172483
3225 64.5 1.494412973641986
3226 64.52 1.494395635660849
3227 64.54000000000001 1.49437832889773
3228 64.56 1.494360941166488
3229 64.58 1.494343623762778
3230 64.59999999999999 1.494326276542036
3231 64.62 1.494308976985508
3232 64.64 1.494291728644303
3233 64.66 1.494274234109504
3234 64.68000000000001 1.494256722175779
3235 64.7 1.494239275910134
3236 64.72 1.494221862160146
3237 64.73999999999999 1.494204469769442
3238 64.76000000000001 1.494187144274259
3239 64.78 1.494170573253095
3240 64.8 1.494153239935734
3241 64.82000000000001 1.494134914860356
3242 64.84 1.494117698363097
3243 64.86 1.494100519370493
3244 64.88 1.494083458949844
3245 64.90000000000001 1.494066276599537
3246 64.92 1.494049178529411
3247 64.94 1.494031936283083
3248 64.96000000000001 1.494014812860922
3249 64.98 1.493997507819485
3250 65 1.493980321155457
3251 65.02 1.493963347133154
3252 65.04000000000001 1.493946291932308
3253 65.06 1.493929300751345
3254 65.08 1.493912195659015
3255 65.09999999999999 1.493895141441895
3256 65.12 1.493877888126637
3257 65.14 1.493860934165431
3258 65.16 1.493843904337133
3259 65.18000000000001 1.493826871957341
3260 65.2 1.493809683442156
3261 65.22 1.493792669533174
3262 65.23999999999999 1.493775580196388
3263 65.26000000000001 1.49375863259043
3264 65.28 1.493741604347125
3265 65.3 1.493724705262493
3266 65.32000000000001 1.493707757188801
3267 65.34 1.493690938766603
3268 65.36 1.493674085982574
3269 65.38 1.493657287412333
3270 65.40000000000001 1.493640450443809
3271 65.42 1.493625244576856
3272 65.44 1.493607972094268
3273 65.46000000000001 1.493590500844749
3274 65.48 1.493573401725017
3275 65.5 1.493556420174314
3276 65.52 1.49353803322124
3277 65.54000000000001 1.493521734400439
3278 65.56 1.493505473760204
3279 65.58 1.493488964788777
3280 65.59999999999999 1.493472358356575
3281 65.62 1.4934556838511
3282 65.64 1.493438612423046
3283 65.66 1.493422054342979
3284 65.68000000000001 1.493405541167977
3285 65.7 1.493389586088385
3286 65.72 1.493372811047037
3287 65.73999999999999 1.493356117071715
3288 65.76000000000001 1.493339459713411
3289 65.78 1.493322928365031
3290 65.8 1.493306316576494
3291 65.82000000000001 1.493289816901351
3292 65.84 1.493273257288027
3293 65.86 1.493256780387732
3294 65.88 1.493240264765069
3295 65.90000000000001 1.493223797183946
3296 65.92 1.493207309997824
3297 65.94 1.49319082844661
3298 65.96000000000001 1.493174326999642
3299 65.98 1.493157857444738
3300 66 1.493141466683114
3301 66.02 1.493125053779126
3302 66.04000000000001 1.493108490085314
3303 66.06 1.493092129607753
3304 66.08 1.493075947501412
3305 66.09999999999999 1.493059778479457
3306 66.12 1.493043747298217
3307 66.14 1.493027732441176
3308 66.16 1.493011611759429
3309 66.18000000000001 1.492995739927509
3310 66.2 1.492979493978966
3311 66.22 1.492963196471885
3312 66.23999999999999 1.492946986175149
3313 66.26000000000001 1.49293041240565
3314 66.28 1.492914552114292
3315 66.3 1.492898736383872
3316 66.32000000000001 1.492882742380838
3317 66.34 1.492866686100699
3318 66.36 1.492850662281294
3319 66.38 1.492834452938927
3320 66.40000000000001 1.492818896927112
3321 66.42 1.492802538618666
3322 66.44 1.492786458394988
3323 66.46000000000001 1.492770437383779
3324 66.48 1.492754618174679
3325 66.5 1.492738736267806
3326 66.52 1.492722991251068
3327 66.54000000000001 1.492707137614969
3328 66.56 1.492691449618492
3329 66.58 1.492675656113266
3330 66.59999999999999 1.492660005254834
3331 66.62 1.49264421645022
3332 66.64 1.492628564454973
3333 66.66 1.49261381156235
3334 66.68000000000001 1.492597735029314
3335 66.7 1.49258149496847
3336 66.72 1.492565701699818
3337 66.73999999999999 1.492549852680722
3338 66.76000000000001 1.492534309325324
3339 66.78 1.492518586773719
3340 66.8 1.492503105982311
3341 66.82000000000001 1.492487408286121
3342 66.84 1.492471930536207
3343 66.86 1.492456252615744
3344 66.88 1.492440840419564
3345 66.90000000000001 1.492425213083758
3346 66.92 1.49240989197
3347 66.94 1.492394347701469
3348 66.96000000000001 1.492379013779426
3349 66.98 1.492363457864344
3350 67 1.492348110717836
3351 67.02 1.492332531557163
3352 67.04000000000001 1.492317157176046
3353 67.06 1.492301558783187
3354 67.08 1.492286156834747
3355 67.09999999999999 1.492270547369242
3356 67.12 1.49225515610097
3357 67.14 1.492239598841416
3358 67.16 1.492224290142657
3359 67.18000000000001 1.492208844481205
3360 67.2 1.49219362445732
3361 67.22 1.492178280647304
3362 67.23999999999999 1.49216325580119
3363 67.26000000000001 1.492146424320652
3364 67.28 1.492132853240404
3365 67.3 1.492118821021497
3366 67.32000000000001 1.492104385612587
3367 67.34 1.492089644484886
3368 67.36 1.492073138781004
3369 67.38 1.492058914461362
3370 67.40000000000001 1.492044550920823
3371 67.42 1.492030114202435
3372 67.44 1.492015213095961
3373 67.46000000000001 1.492000723159592
3374 67.48 1.491985637347824
3375 67.5 1.49197108712169
3376 67.52 1.491956064245747
3377 67.54000000000001 1.491941552219695
3378 67.56 1.491926432348788
3379 67.58 1.49191173236432
3380 67.59999999999999 1.491896765453883
3381 67.62 1.491882185295791
3382 67.64 1.491867305652297
3383 67.66 1.491852739960567
3384 67.68000000000001 1.491837846616749
3385 67.7 1.491823294810603
3386 67.72 1.491808416741362
3387 67.73999999999999 1.491794233885859
3388 67.76000000000001 1.491779180609081
3389 67.78 1.491764377283772
3390 67.8 1.491749448265347
3391 67.82000000000001 1.491734820906644
3392 67.84 1.491720704930488
3393 67.86 1.491705946953662
3394 67.88 1.491690803663474
3395 67.90000000000001 1.491676039600817
3396 67.92 1.491661010254413
3397 67.94 1.491644146416025
3398 67.96000000000001 1.491629190858915
3399 67.98 1.491615176868996
3400 68 1.491601075329061
3401 68.02 1.491586901080906
3402 68.04000000000001 1.491573028586273
3403 68.06 1.491559870011097
3404 68.08 1.491545301858504
3405 68.09999999999999 1.491529738642781
3406 68.12 1.491514442295891
3407 68.14 1.491499636397533
3408 68.16 1.491485401827455
3409 68.18000000000001 1.491470871817367
3410 68.2 1.491456702368263
3411 68.22 1.491442207886365
3412 68.23999999999999 1.491428066230874
3413 68.26000000000001 1.491413604606491
3414 68.28 1.491399431540325
3415 68.3 1.491384993608216
3416 68.32000000000001 1.491370782446863
3417 68.34 1.491356355960639
3418 68.36 1.491342511931904
3419 68.38 1.491328615632908
3420 68.40000000000001 1.491314461786429
3421 68.42 1.491300166395655
3422 68.44 1.49128598305567
3423 68.46000000000001 1.491271733392983
3424 68.48 1.491257645926977
3425 68.5 1.491243524905562
3426 68.52 1.491229420833892
3427 68.54000000000001 1.491215310579919
3428 68.56 1.49120133975544
3429 68.58 1.49118742703258
3430 68.60000000000001 1.491173059066432
3431 68.62 1.491159218133595
3432 68.64 1.491145360567219
3433 68.66 1.49113146891454
3434 68.68000000000001 1.491116743927935
3435 68.7 1.49110305127924
3436 68.72 1.491089366455041
3437 68.73999999999999 1.491075607410362
3438 68.76000000000001 1.4910616539298
3439 68.78 1.491047276515616
3440 68.8 1.491033507206088
3441 68.82000000000001 1.49101978222798
3442 68.84 1.491005888709373
3443 68.86 1.490992137725629
3444 68.88 1.490978278201054
3445 68.90000000000001 1.490964518752679
3446 68.92 1.490950630418542
3447 68.94 1.490936668773638
3448 68.96000000000001 1.490922752246051
3449 68.98 1.490908522420178
3450 69 1.490894753998219
3451 69.02 1.490881042279961
3452 69.04000000000001 1.490867202013059
3453 69.06 1.490853465655728
3454 69.08 1.490839597498058
3455 69.10000000000001 1.490825809977412
3456 69.12 1.490811826030006
3457 69.14 1.490798384944213
3458 69.16 1.490785208352762
3459 69.18000000000001 1.490771540518549
3460 69.2 1.490757600277246
3461 69.22 1.490743981371421
3462 69.23999999999999 1.490729752787117
3463 69.26000000000001 1.490717073788974
3464 69.28 1.490702814391242
3465 69.3 1.49068846713885
3466 69.32000000000001 1.490674799875547
3467 69.34 1.49066276154822
3468 69.36 1.490649329380461
3469 69.38 1.490634758299475
3470 69.40000000000001 1.490622150181477
3471 69.42 1.490607444617774
3472 69.44 1.490595496447873
3473 69.46000000000001 1.490581554313736
3474 69.48 1.490568837356288
3475 69.5 1.490553783280475
3476 69.52 1.490539923573281
3477 69.54000000000001 1.49052660145894
3478 69.56 1.490513285586989
3479 69.58 1.490500023789476
3480 69.60000000000001 1.490486759905817
3481 69.62 1.490473942204786
3482 69.64 1.490460461309846
3483 69.66 1.490445756241639
3484 69.68000000000001 1.490433072595884
3485 69.7 1.490420642660109
3486 69.72 1.490407753277426
3487 69.73999999999999 1.490394908161929
3488 69.76000000000001 1.490381843312677
3489 69.78 1.490369102441431
3490 69.8 1.490355482563423
3491 69.82000000000001 1.490342241972264
3492 69.84 1.49032894646931
3493 69.86 1.490315832241624
3494 69.88 1.490302588688443
3495 69.90000000000001 1.490289488673565
3496 69.92 1.490276277666792
3497 69.94 1.490263209756323
3498 69.96000000000001 1.490249966930208
3499 69.98 1.490237114596028
3500 70 1.490223807371117
3501 70.02 1.490210710398704
3502 70.04000000000001 1.490197329087124
3503 70.06 1.490184363914694
3504 70.08 1.49017128767854
3505 70.10000000000001 1.490157976663065
3506 70.12 1.490145015805271
3507 70.14 1.490132456424237
3508 70.16 1.490119594134375
3509 70.18000000000001 1.490106297960983
3510 70.2 1.490093172071599
3511 70.22 1.490080018514012
3512 70.23999999999999 1.490067119067963
3513 70.26000000000001 1.490054168218857
3514 70.28 1.490041360605744
3515 70.3 1.490028472228904
3516 70.32000000000001 1.490015685175497
3517 70.34 1.490002817621432
3518 70.36 1.489990035937033
3519 70.38 1.489976759836628
3520 70.40000000000001 1.489964201466618
3521 70.42 1.489951598326725
3522 70.44 1.489937982424931
3523 70.46000000000001 1.489925142949854
3524 70.48 1.489912670353656
3525 70.5 1.489900183044888
3526 70.52 1.489891220690592
3527 70.54000000000001 1.489876254557303
3528 70.56 1.489862838316091
3529 70.58 1.48984984492659
3530 70.60000000000001 1.489833832189998
3531 70.62 1.489820662896476
3532 70.64 1.489809509397291
3533 70.66 1.489798672900573
3534 70.68000000000001 1.48978533338478
3535 70.7 1.489771982529626
3536 70.72 1.489757181964762
3537 70.73999999999999 1.489744412232225
3538 70.76000000000001 1.48973346759418
3539 70.78 1.489721452137839
3540 70.8 1.489708767221931
3541 70.82000000000001 1.489696235417577
3542 70.84 1.489683721490579
3543 70.86 1.489670912657893
3544 70.88 1.489658764699302
3545 70.90000000000001 1.489647279279955
3546 70.92 1.489635003117175
3547 70.94 1.489623007087938
3548 70.96000000000001 1.489613462621008
3549 70.98 1.489597463741847
3550 71 1.489584442492581
3551 71.02 1.489572520296887
3552 71.04000000000001 1.489560196773071
3553 71.06 1.489547694191255
3554 71.08 1.489535368700095
3555 71.10000000000001 1.489525883368012
3556 71.12 1.489513345250637
3557 71.14 1.489500336475218
3558 71.16 1.489486880152921
3559 71.18000000000001 1.489471606088666
3560 71.2 1.489458601796327
3561 71.22 1.489447083632862
3562 71.23999999999999 1.489435745849037
3563 71.26000000000001 1.489423819079436
3564 71.28 1.489411267204298
3565 71.3 1.48939901213734
3566 71.32000000000001 1.489386775705306
3567 71.34 1.489374223193169
3568 71.36 1.489361610817882
3569 71.38 1.489349254064353
3570 71.40000000000001 1.489336814616646
3571 71.42 1.489324563068021
3572 71.44 1.489312161468768
3573 71.46000000000001 1.489299901583029
3574 71.48 1.489287470133059
3575 71.5 1.489275215195454
3576 71.52 1.489262809866184
3577 71.54000000000001 1.489250573116927
3578 71.56 1.489237730546996
3579 71.58 1.48922587335293
3580 71.60000000000001 1.48921348589085
3581 71.62 1.489201440230074
3582 71.64 1.489188911883712
3583 71.66 1.489176229287141
3584 71.68000000000001 1.489163702475372
3585 71.7 1.489151793612493
3586 71.72 1.489139527905736
3587 71.73999999999999 1.489127560954141
3588 71.76000000000001 1.489114525044022
3589 71.78 1.489103154729976
3590 71.8 1.489090924488422
3591 71.82000000000001 1.489079055411327
3592 71.84 1.489066773178193
3593 71.86 1.489055063118277
3594 71.88 1.489042922531964
3595 71.90000000000001 1.489030755318294
3596 71.92 1.48901852856015
3597 71.94 1.489006779254985
3598 71.96000000000001 1.488994867579821
3599 71.98 1.488983222344708
3600 72 1.488971113030346
3601 72.02 1.488959348918381
3602 72.04000000000001 1.488948325500927
3603 72.06 1.488936122078281
3604 72.08 1.488923653226853
3605 72.10000000000001 1.488911159334237
3606 72.12 1.488898996820544
3607 72.14 1.488887321341618
3608 72.16 1.488875446856315
3609 72.18000000000001 1.488863576725541
3610 72.2 1.488851660850199
3611 72.22 1.488839651240558
3612 72.23999999999999 1.488827636540577
3613 72.26000000000001 1.488815497589913
3614 72.28 1.488803518661808
3615 72.3 1.488791481373222
3616 72.32000000000001 1.488779515347952
3617 72.34 1.488767791130659
3618 72.36 1.488755309373023
3619 72.38 1.488742433123783
3620 72.40000000000001 1.488732034422134
3621 72.42 1.488720880976167
3622 72.44 1.48870982132013
3623 72.46000000000001 1.488697698003028
3624 72.48 1.488685926505447
3625 72.5 1.488674352302318
3626 72.52 1.488663182237695
3627 72.54000000000001 1.488652211729183
3628 72.56 1.48864033634248
3629 72.58 1.488627820346924
3630 72.60000000000001 1.488615731284174
3631 72.62 1.488603662956812
3632 72.64 1.488591937846345
3633 72.66 1.488580104714237
3634 72.68000000000001 1.488568483274736
3635 72.7 1.488556672554407
3636 72.72 1.488544992792641
3637 72.73999999999999 1.488533159798153
3638 72.76000000000001 1.48852162657286
3639 72.78 1.488509599807685
3640 72.8 1.488497917199137
3641 72.82000000000001 1.488486197442292
3642 72.84 1.488474623542474
3643 72.86 1.488462966176106
3644 72.88 1.488451406402063
3645 72.90000000000001 1.488439823057506
3646 72.92 1.488428350564913
3647 72.94 1.488416871531023
3648 72.96000000000001 1.488405389243119
3649 72.98 1.488394107193576
3650 73 1.48838276327154
3651 73.02 1.488370964870344
3652 73.04000000000001 1.488359234914636
3653 73.06 1.488347563308424
3654 73.08 1.488336060559954
3655 73.10000000000001 1.488324488231346
3656 73.12 1.488312983017305
3657 73.14 1.488300201467228
3658 73.16 1.48828932819594
3659 73.18000000000001 1.488278506893921
3660 73.2 1.488267504495313
3661 73.22 1.488256347833166
3662 73.23999999999999 1.488245070521402
3663 73.26000000000001 1.488233683471676
3664 73.28 1.488222246691533
3665 73.3 1.488210429772835
3666 73.32000000000001 1.488198899410902
3667 73.34 1.488187569380933
3668 73.36 1.488176052223408
3669 73.38 1.488162128453727
3670 73.40000000000001 1.488153413310284
3671 73.42 1.488142441369563
3672 73.44 1.488131339770803
3673 73.46000000000001 1.488120254984875
3674 73.48 1.488109093759604
3675 73.5 1.488097829697501
3676 73.52 1.488087871934422
3677 73.54000000000001 1.488077709443115
3678 73.56 1.488066548386236
3679 73.58 1.488055414088331
3680 73.60000000000001 1.488044305295297
3681 73.62 1.488033323135569
3682 73.64 1.488022313540367
3683 73.66 1.488011412691343
3684 73.68000000000001 1.488000471181774
3685 73.7 1.487989561421812
3686 73.72 1.487978655547578
3687 73.73999999999999 1.487967776926381
3688 73.76000000000001 1.487956888660352
3689 73.78 1.487945985803794
3690 73.8 1.487934192342999
3691 73.82000000000001 1.487923420827872
3692 73.84 1.487911593871114
3693 73.86 1.487900554114943
3694 73.88 1.487890438795258
3695 73.90000000000001 1.487880173816535
3696 73.92 1.487869304080427
3697 73.94 1.487858286571845
3698 73.96000000000001 1.487847280566469
3699 73.98 1.487836330087235
3700 74 1.487825411232519
3701 74.02 1.487814473849793
3702 74.04000000000001 1.487803496880078
3703 74.06 1.487792538643661
3704 74.08 1.487780983945524
3705 74.10000000000001 1.487768599017228
3706 74.12 1.487758398149627
3707 74.14 1.487748431709845
3708 74.16 1.487738840853862
3709 74.18000000000001 1.487730093335072
3710 74.2 1.487718487476562
3711 74.22 1.487706712878503
3712 74.23999999999999 1.487695187519677
3713 74.26000000000001 1.487683986957121
3714 74.28 1.487672944828196
3715 74.3 1.48766234571047
3716 74.32000000000001 1.487651895279538
3717 74.34 1.487641336183949
3718 74.36 1.487630762590722
3719 74.38 1.487620121138482
3720 74.40000000000001 1.487609543037096
3721 74.42 1.487599068425504
3722 74.44 1.487587990684468
3723 74.46000000000001 1.48757776732596
3724 74.48 1.487567586156064
3725 74.5 1.487557335346762
3726 74.52 1.487546987717158
3727 74.54000000000001 1.487536717433444
3728 74.56 1.487526474155875
3729 74.58 1.487516295106652
3730 74.60000000000001 1.487503643869425
3731 74.62 1.487493927139213
3732 74.64 1.487485914549004
3733 74.66 1.487475067519152
3734 74.68000000000001 1.487464604618477
3735 74.7 1.487454843348876
3736 74.72 1.487448096614744
3737 74.73999999999999 1.487437525675077
3738 74.76000000000001 1.487426188343081
3739 74.78 1.487415180954511
3740 74.8 1.487404532355056
3741 74.82000000000001 1.487394791766009
3742 74.84 1.487383897950852
3743 74.86 1.487373375252931
3744 74.88 1.487363055371633
3745 74.90000000000001 1.487352905937062
3746 74.92 1.487342795263799
3747 74.94 1.487332799617961
3748 74.96000000000001 1.487322870702396
3749 74.98 1.48731299462655
3750 75 1.487303144121193
3751 75.02 1.487293286991834
3752 75.04000000000001 1.487283482216827
3753 75.06 1.487273677111612
3754 75.08 1.487262608925355
3755 75.10000000000001 1.487252963893693
3756 75.12 1.487243635170292
3757 75.14 1.487234194456135
3758 75.16 1.48722475339776
3759 75.18000000000001 1.487213649804353
3760 75.2 1.48720500408478
3761 75.22 1.487197483615676
3762 75.23999999999999 1.487187923004677
3763 75.26000000000001 1.487178092883697
3764 75.28 1.487168348141875
3765 75.3 1.487158311313719
3766 75.32000000000001 1.487148724387427
3767 75.34 1.487139099572975
3768 75.36 1.48712962866941
3769 75.38 1.487120281636428
3770 75.40000000000001 1.487110802730302
3771 75.42 1.48710115478019
3772 75.44 1.487091540701472
3773 75.46000000000001 1.487081854367469
3774 75.48 1.487072378486034
3775 75.5 1.487062914739046
3776 75.52 1.48705364358513
3777 75.54000000000001 1.487043486814914
3778 75.56 1.487033630239787
3779 75.58 1.487024939962697
3780 75.60000000000001 1.487016334013506
3781 75.62 1.487007277744382
3782 75.64 1.487000756642086
3783 75.66 1.486991770714643
3784 75.68000000000001 1.486980890732456
3785 75.7 1.486970502120564
3786 75.72 1.486960203314998
3787 75.73999999999999 1.486951976036799
3788 75.76000000000001 1.486944633826688
3789 75.78 1.486935727435501
3790 75.8 1.486926886771903
3791 75.82000000000001 1.486918094846669
3792 75.84 1.486909315227502
3793 75.86 1.486900448119728
3794 75.88 1.486891619759797
3795 75.90000000000001 1.486882870264784
3796 75.92 1.486874341540075
3797 75.94 1.486864412264541
3798 75.96000000000001 1.486855563313181
3799 75.98 1.48684694838744
3800 76 1.486838292177421
3801 76.02 1.48682951092389
3802 76.04000000000001 1.486820770757078
3803 76.06 1.486812520765922
3804 76.08 1.486803814797981
3805 76.10000000000001 1.486795338356252
3806 76.12 1.486788031686594
3807 76.14 1.486779785043045
3808 76.16 1.486771257409772
3809 76.18000000000001 1.48676273950561
3810 76.2 1.48675421023432
3811 76.22 1.486745977483784
3812 76.23999999999999 1.48673797448798
3813 76.26000000000001 1.486729747497811
3814 76.28 1.486721591527244
3815 76.3 1.486713293017114
3816 76.32000000000001 1.486705141289123
3817 76.34 1.486695610074429
3818 76.36 1.486687650644538
3819 76.38 1.486679688560303
3820 76.40000000000001 1.486673910373003
3821 76.42 1.486664076644579
3822 76.44 1.486652425899252
3823 76.46000000000001 1.486647826020749
3824 76.48 1.486640249792516
3825 76.5 1.486631939495921
3826 76.52 1.486622262523906
3827 76.54000000000001 1.486614120028052
3828 76.56 1.486606764480627
3829 76.58 1.486599084397454
3830 76.60000000000001 1.486591553226223
3831 76.62 1.486583700445004
3832 76.64 1.486576149062324
3833 76.66 1.486568334466635
3834 76.68000000000001 1.486561011168541
3835 76.7 1.486553301822433
3836 76.72 1.486545953544619
3837 76.73999999999999 1.486538534927665
3838 76.76000000000001 1.48653123316195
3839 76.78 1.486523833012977
3840 76.8 1.486516581173591
3841 76.82000000000001 1.48650931789473
3842 76.84 1.486503673550788
3843 76.86 1.486494824498177
3844 76.88 1.486487752504586
3845 76.90000000000001 1.486480741143774
3846 76.92 1.486473855414735
3847 76.94 1.486466806768783
3848 76.96000000000001 1.486459914524812
3849 76.98 1.486452913924497
3850 77 1.486444435067233
3851 77.02 1.486438822772915
3852 77.04000000000001 1.486432623618622
3853 77.06 1.486426107502595
3854 77.08 1.486419116246297
3855 77.10000000000001 1.486411791367093
3856 77.12 1.486404498232839
3857 77.14 1.486397578187631
3858 77.16 1.486390338451807
3859 77.18000000000001 1.486383884579961
3860 77.2 1.486377140168487
3861 77.22 1.486370525459711
3862 77.23999999999999 1.486364103325342
3863 77.26000000000001 1.486357323153389
3864 77.28 1.486350717994842
3865 77.3 1.486346563375845
3866 77.32000000000001 1.486339386651998
3867 77.34 1.486331714466739
3868 77.36 1.486325254895389
3869 77.38 1.48631876080642
3870 77.40000000000001 1.486312588231979
3871 77.42 1.486306321592858
3872 77.44 1.48629938514786
3873 77.46000000000001 1.486293222599735
3874 77.48 1.486287503076283
3875 77.5 1.486281483860566
3876 77.52 1.486275559679502
3877 77.54000000000001 1.486269716925462
3878 77.56 1.48626262990251
3879 77.58 1.48625776778958
3880 77.60000000000001 1.486252053260942
3881 77.62 1.486246407131936
3882 77.64 1.486240657333418
3883 77.66 1.486237594079611
3884 77.68000000000001 1.486228952148955
3885 77.7 1.486223729022446
3886 77.72 1.486217340186243
3887 77.73999999999999 1.486210843014198
3888 77.76000000000001 1.486204612025012
3889 77.78 1.486198722810643
3890 77.8 1.486192430881597
3891 77.82000000000001 1.486186039010679
3892 77.84 1.486180294654797
3893 77.86 1.486176324945593
3894 77.88 1.486169970608166
3895 77.90000000000001 1.486161753733627
3896 77.92 1.486156656412071
3897 77.94 1.486151918140523
3898 77.96000000000001 1.486147057107964
3899 77.98 1.486142081818751
3900 78 1.486137113831834
3901 78.02 1.486132021641434
3902 78.04000000000001 1.486126933325234
3903 78.06 1.486121754901002
3904 78.08 1.486116600943341
3905 78.10000000000001 1.486111380599706
3906 78.12 1.486106154287938
3907 78.14 1.486100435626798
3908 78.16 1.486095659660947
3909 78.18000000000001 1.486091191182508
3910 78.2 1.486086786948059
3911 78.22 1.486081548283992
3912 78.23999999999999 1.486076594668692
3913 78.26000000000001 1.486072199303218
3914 78.28 1.486067698946616
3915 78.3 1.48606303637895
3916 78.32000000000001 1.48606087285136
3917 78.34 1.486056432145741
3918 78.36 1.486051329374635
3919 78.38 1.486046520603936
3920 78.40000000000001 1.48604070831516
3921 78.42 1.486035164973347
3922 78.44 1.486033621940952
3923 78.46000000000001 1.486027360282126
3924 78.48 1.486022591751682
3925 78.5 1.486019021555232
3926 78.52 1.486015162501025
3927 78.54000000000001 1.486011325788168
3928 78.56 1.486007306351411
3929 78.58 1.486003373913688
3930 78.60000000000001 1.485999355665738
3931 78.62 1.485995399847427
3932 78.64 1.485991596028651
3933 78.66 1.48598770147387
3934 78.68000000000001 1.485983661816577
3935 78.7 1.485979531440498
3936 78.72 1.4859753397494
3937 78.73999999999999 1.485971207510908
3938 78.76000000000001 1.485967136411281
3939 78.78 1.485963141377541
3940 78.8 1.485963841815739
3941 78.82000000000001 1.485959108376898
3942 78.84 1.485954207446067
3943 78.86 1.485949902794167
3944 78.88 1.48594587190433
3945 78.90000000000001 1.485941978449008
3946 78.92 1.485938235161403
3947 78.94 1.485934578932393
3948 78.96000000000001 1.485930932020085
3949 78.98 1.485927289549876
3950 79 1.485923736863396
3951 79.02 1.485919639581442
3952 79.04000000000001 1.485914270792938
3953 79.06 1.485911625268608
3954 79.08 1.485909082319665
3955 79.10000000000001 1.485908971010125
3956 79.12 1.485903953433955
3957 79.14 1.485899094668234
3958 79.16 1.485895951769735
3959 79.18000000000001 1.485892993132839
3960 79.2 1.485889903670122
3961 79.22 1.485887863980863
3962 79.23999999999999 1.485884601262637
3963 79.26000000000001 1.485880519971546
3964 79.28 1.485876544175228
3965 79.3 1.485872692987202
3966 79.32000000000001 1.485869283396101
3967 79.34 1.485865908564695
3968 79.36 1.485862415538606
3969 79.38 1.485859009158043
3970 79.40000000000001 1.485855930816569
3971 79.42 1.485851840441016
3972 79.44 1.485849644971848
3973 79.46000000000001 1.485846780085651
3974 79.48 1.485843798352206
3975 79.5 1.485839299878525
3976 79.52 1.48583657179481
3977 79.54000000000001 1.485835061033729
3978 79.56 1.485832724111367
3979 79.58 1.485830128614582
3980 79.60000000000001 1.485827698893034
3981 79.62 1.485824987312341
3982 79.64 1.485822534609723
3983 79.66 1.485819980717245
3984 79.68000000000001 1.485817661666525
3985 79.7 1.485815213292174
3986 79.72 1.485812889603214
3987 79.73999999999999 1.485810426442689
3988 79.76000000000001 1.485811963790073
3989 79.78 1.485808463728066
3990 79.8 1.485805409398768
3991 79.82000000000001 1.485802608361064
3992 79.84 1.485800163092914
3993 79.86 1.485797782166727
3994 79.88 1.485794513811032
3995 79.90000000000001 1.48579479421715
3996 79.92 1.485792841698208
3997 79.94 1.48579041838539
3998 79.96000000000001 1.485788261446686
3999 79.98 1.485787769269995
4000 80 1.485785421013874
4001 80.02 1.485782653113606
4002 80.04000000000001 1.485780285888526
4003 80.06 1.485777934513107
4004 80.08 1.485775869469675
4005 80.10000000000001 1.485773343283214
4006 80.12 1.485771952521682
4007 80.14 1.485770248557055
4008 80.16 1.485768634019111
4009 80.18000000000001 1.485766794856037
4010 80.2 1.485762966021041
4011 80.22 1.485763177653048
4012 80.23999999999999 1.485761166809157
4013 80.26000000000001 1.485758806457334
4014 80.28 1.485756617075236
4015 80.3 1.485754387338259
4016 80.32000000000001 1.485752402843671
4017 80.34 1.485750467595044
4018 80.36 1.485748785160092
4019 80.38 1.485747140550428
4020 80.40000000000001 1.485746067243907
4021 80.42 1.485742615766358
4022 80.44 1.485741078385662
4023 80.46000000000001 1.485739567022861
4024 80.48 1.485739314268255
4025 80.5 1.48573942839526
4026 80.52 1.48573782718508
4027 80.54000000000001 1.485736618864022
4028 80.56 1.485735420512515
4029 80.58 1.485733975224607
4030 80.60000000000001 1.485732718163141
4031 80.62 1.48573172559924
4032 80.64 1.485729944445523
4033 80.66 1.485726300404002
4034 80.68000000000001 1.485725527986287
4035 80.7 1.485727090918074
4036 80.72 1.485722634266162
4037 80.73999999999999 1.485722218517519
4038 80.76000000000001 1.485723586837172
4039 80.78 1.485722920343998
4040 80.8 1.485722228288406
4041 80.82000000000001 1.485721318164439
4042 80.84 1.485720707236241
4043 80.86 1.485719903218333
4044 80.88 1.485720949758676
4045 80.90000000000001 1.485718792200035
4046 80.92 1.485718689794312
4047 80.94 1.485718094976644
4048 80.96000000000001 1.485718071647995
4049 80.98 1.485719218232476
4050 81 1.485717777948472
4051 81.02 1.485716428295988
4052 81.04000000000001 1.485715631199525
4053 81.06 1.485716773810878
4054 81.08 1.485715353106217
4055 81.10000000000001 1.485713819539662
4056 81.12 1.485712619549494
4057 81.14 1.485711701009509
4058 81.16 1.485706453750494
4059 81.18000000000001 1.485705930821039
4060 81.2 1.485708188623118
4061 81.22 1.485708559869455
4062 81.23999999999999 1.485707295382895
4063 81.26000000000001 1.485706430031504
4064 81.28 1.485707037527451
4065 81.3 1.485706028198017
4066 81.32000000000001 1.485704623647412
4067 81.34 1.485701602095687
4068 81.36 1.485701538007546
4069 81.38 1.485701792802266
4070 81.40000000000001 1.485701352574834
4071 81.42 1.485698838503372
4072 81.44 1.485699284985864
4073 81.46000000000001 1.485698422217248
4074 81.48 1.485698321101083
4075 81.5 1.485699720670311
4076 81.52 1.485698836478581
4077 81.54000000000001 1.485697850758688
4078 81.56 1.485696981928091
4079 81.58 1.485696590012483
4080 81.60000000000001 1.485695507736728
4081 81.62 1.485695353893232
4082 81.64 1.485693695175752
4083 81.66 1.485692038049911
4084 81.68000000000001 1.485691470370629
4085 81.7 1.485687687942225
4086 81.72 1.485687935549522
4087 81.73999999999999 1.485688636045586
4088 81.76000000000001 1.485688936756323
4089 81.78 1.485689419554471
4090 81.8 1.48568962044964
4091 81.82000000000001 1.485689783691143
4092 81.84 1.48568973430735
4093 81.86 1.485689680859035
4094 81.88 1.485691079033919
4095 81.90000000000001 1.485691788101422
4096 81.92 1.485690211501196
4097 81.94 1.485688983899683
4098 81.96000000000001 1.485688155117085
4099 81.98 1.485687567733274
4100 82 1.485686954328645
4101 82.02 1.485686753475084
4102 82.04000000000001 1.485686653976299
4103 82.06 1.485686083927196
4104 82.08 1.485686268143693
4105 82.10000000000001 1.485686162568689
4106 82.12 1.485685178854848
4107 82.14 1.485685827371328
4108 82.16 1.485685358476756
4109 82.18000000000001 1.485685172733338
4110 82.2 1.485685658523622
4111 82.22 1.485685718079821
4112 82.23999999999999 1.48557623941788
4113 82.26000000000001 1.485626577876031
4114 82.28 1.485656354767705
4115 82.3 1.485668161326384
4116 82.32000000000001 1.48567363317425
4117 82.34 1.485675049593383
4118 82.36 1.485676224359784
4119 82.38 1.485677092874935
4120 82.40000000000001 1.48567848460485
4121 82.42 1.485567507904833
4122 82.44 1.485627702633673
4123 82.46000000000001 1.485642924528545
4124 82.48 1.485643418376507
4125 82.5 1.485640003609977
4126 82.52 1.485606517049689
4127 82.54000000000001 1.485642416632308
4128 82.56 1.485643985668798
4129 82.58 1.485641769621731
4130 82.60000000000001 1.485567095755186
4131 82.62 1.485623777208799
4132 82.64 1.485637779204089
4133 82.66 1.485635085948783
4134 82.68000000000001 1.485603480733829
4135 82.7 1.485637727570085
4136 82.72 1.485639694019412
4137 82.73999999999999 1.485635670882406
4138 82.76000000000001 1.485567443714184
4139 82.78 1.485618060303414
4140 82.8 1.485630565728022
4141 82.82000000000001 1.485630974262749
4142 82.84 1.48556591502249
4143 82.86 1.485617303414283
4144 82.88 1.485630919497762
4145 82.90000000000001 1.485631070475752
4146 82.92 1.485566874853794
4147 82.94 1.485615743240574
4148 82.96000000000001 1.485630496506235
4149 82.98 1.485628338232217
4150 83 1.485551704574978
4151 83.02 1.48560653942627
4152 83.04000000000001 1.485624029850641
4153 83.06 1.485624878539596
4154 83.08 1.485549332214468
4155 83.10000000000001 1.485606475377529
4156 83.12 1.485617442908481
4157 83.14 1.485617109127819
4158 83.16 1.485541297370428
4159 83.18000000000001 1.485603534094662
4160 83.2 1.485617412047582
4161 83.22 1.485542734947992
4162 83.23999999999999 1.485604545240086
4163 83.26000000000001 1.485618801936461
4164 83.28 1.48554391739758
4165 83.3 1.485605974840728
4166 83.32000000000001 1.485618432097325
4167 83.34 1.485547484689445
4168 83.36 1.485609091220989
4169 83.38 1.485617857332872
4170 83.40000000000001 1.485553738686579
4171 83.42 1.485604279584476
4172 83.44 1.485622824957499
4173 83.46000000000001 1.485553713990418
4174 83.48 1.485607727332758
4175 83.5 1.485621709594525
4176 83.52 1.485570857413627
4177 83.54000000000001 1.485613068279287
4178 83.56 1.485627987678759
4179 83.58 1.485563131406814
4180 83.60000000000001 1.48561174315911
4181 83.62 1.485630747702702
4182 83.64 1.485557257564969
4183 83.66 1.485617767768459
4184 83.68000000000001 1.485634536786755
4185 83.7 1.485572541044658
4186 83.72 1.485620519653456
4187 83.73999999999999 1.485642546607345
4188 83.76000000000001 1.48557645546262
4189 83.78 1.485628840692789
4190 83.8 1.485649857453359
4191 83.82000000000001 1.485584416789116
4192 83.84 1.485637646187716
4193 83.86 1.48565717752969
4194 83.88 1.485594785821699
4195 83.90000000000001 1.485648978734278
4196 83.92 1.485669097204488
4197 83.94 1.485603990799466
4198 83.96000000000001 1.485658137765277
4199 83.98 1.485676039542128
4200 84 1.485604916389738
4201 84.02 1.485669779664536
4202 84.04000000000001 1.485689623442345
4203 84.06 1.485621832873626
4204 84.08 1.485683511092889
4205 84.10000000000001 1.485703723342246
4206 84.12 1.485635614379268
4207 84.14 1.48569412913914
4208 84.16 1.485713743482598
4209 84.18000000000001 1.485651739432967
4210 84.2 1.485697815258843
4211 84.22 1.485722636124019
4212 84.23999999999999 1.485676472681399
4213 84.26000000000001 1.48570971864089
4214 84.28 1.485736273512621
4215 84.3 1.485676177455142
4216 84.32000000000001 1.485725410799154
4217 84.34 1.485752175046698
4218 84.36 1.485691860337004
4219 84.38 1.485739621223768
4220 84.40000000000001 1.485764898621757
4221 84.42 1.485716717663549
4222 84.44 1.48575893997613
4223 84.46000000000001 1.485786876685206
4224 84.48 1.48573871424058
4225 84.5 1.485774980094579
4226 84.52 1.485806256620332
4227 84.54000000000001 1.485743747466818
4228 84.56 1.485793667672844
4229 84.58 1.485826168294468
4230 84.60000000000001 1.485770400647711
4231 84.62 1.485818736789729
4232 84.64 1.485849407881633
4233 84.66 1.485792741559192
4234 84.68000000000001 1.485836922075268
4235 84.7 1.48587156957031
4236 84.72 1.485814985633482
4237 84.73999999999999 1.485864720737599
4238 84.76000000000001 1.485833579176337
4239 84.78 1.485894318613052
4240 84.8 1.485849194646041
4241 84.82000000000001 1.485911798735766
4242 84.84 1.485861201424349
4243 84.86 1.485930598176176
4244 84.88 1.485887037941207
4245 84.90000000000001 1.485945658454505
4246 84.92 1.48591480862383
4247 84.94 1.485965369959332
4248 84.96000000000001 1.485934042973198
4249 84.98 1.485986683280059
4250 85 1.485955383875294
4251 85.02 1.486008284476862
4252 85.04000000000001 1.485976441442712
4253 85.06 1.48603370072457
4254 85.08 1.48600295863388
4255 85.10000000000001 1.486053908486396
4256 85.12 1.486027852424847
4257 85.14 1.486079772847063
4258 85.16 1.486048960997562
4259 85.18000000000001 1.486110426681385
4260 85.2 1.48608322183409
4261 85.22 1.486140533179244
4262 85.23999999999999 1.486104474441719
4263 85.26000000000001 1.486162252784623
4264 85.28 1.48613437420073
4265 85.3 1.486197434595269
4266 85.32000000000001 1.486176960445221
4267 85.34 1.486225522276109
4268 85.36 1.486194243619133
4269 85.38 1.486260438038369
4270 85.40000000000001 1.486225757453662
4271 85.42 1.486290807989126
4272 85.44 1.486266592827961
4273 85.46000000000001 1.486311310385985
4274 85.48 1.486298865437629
4275 85.5 1.486344456168792
4276 85.52 1.486337868282718
4277 85.54000000000001 1.486369060788687
4278 85.56 1.486364512256332
4279 85.58 1.486418094365108
4280 85.60000000000001 1.486388469249475
4281 85.62 1.486460642378955
4282 85.64 1.486429862072504
4283 85.66 1.486499602766503
4284 85.68000000000001 1.486467193732437
4285 85.7 1.486537675005357
4286 85.72 1.486501848624828
4287 85.73999999999999 1.486578949141607
4288 85.76000000000001 1.486542596218033
4289 85.78 1.486617992796246
4290 85.8 1.486581626233545
4291 85.82000000000001 1.486655698255733
4292 85.84 1.486625190823266
4293 85.86 1.486694364083106
4294 85.88 1.48666604068415
4295 85.90000000000001 1.486744380814022
4296 85.92 1.486701052564505
4297 85.94 1.48679360027992
4298 85.96000000000001 1.486739076235976
4299 85.98 1.486840777427409
4300 86 1.486789650492561
4301 86.02 1.486896106386375
4302 86.04000000000001 1.486848826194177
4303 86.06 1.486914930834891
4304 86.08 1.486899770679838
4305 86.10000000000001 1.486965419979555
4306 86.12 1.486945120823802
4307 86.14 1.487013940978178
4308 86.16 1.486959750260703
4309 86.18000000000001 1.487050491350399
4310 86.2 1.487035927776662
4311 86.22 1.48711329320395
4312 86.23999999999999 1.487093336468986
4313 86.26000000000001 1.487167268769988
4314 86.28 1.487144172892193
4315 86.3 1.487208265782324
4316 86.32000000000001 1.487170509737188
4317 86.34 1.487252584606592
4318 86.36 1.4872515654323
4319 86.38 1.487324565336497
4320 86.40000000000001 1.487274045524927
4321 86.42 1.487363303629244
4322 86.44 1.487362909908128
4323 86.46000000000001 1.487432314255489
4324 86.48 1.487359836807298
4325 86.5 1.487471864572377
4326 86.52 1.487432948670492
4327 86.54000000000001 1.487531224352827
4328 86.56 1.487522302428751
4329 86.58 1.487605931585851
4330 86.60000000000001 1.48754472139283
4331 86.62 1.487649250565337
4332 86.64 1.48764118497531
4333 86.66 1.4877227023213
4334 86.68000000000001 1.487668786236806
4335 86.7 1.48776591204574
4336 86.72 1.487734856637432
4337 86.73999999999999 1.487837137583711
4338 86.76000000000001 1.487836295128564
4339 86.78 1.487916430016717
4340 86.8 1.487852269106674
4341 86.82000000000001 1.487959872178291
4342 86.84 1.487920375983849
4343 86.86 1.488012989916573
4344 86.88 1.48798164004959
4345 86.90000000000001 1.488076044806952
4346 86.92 1.488041555169342
4347 86.94 1.488137472998283
4348 86.96000000000001 1.488121159067056
4349 86.98 1.488210640511251
4350 87 1.488168017806044
4351 87.02 1.488276617035939
4352 87.04000000000001 1.488250356044132
4353 87.06 1.488340304797885
4354 87.08 1.48832188976378
4355 87.10000000000001 1.488403690477518
4356 87.12 1.488384103397206
4357 87.14 1.48846924108902
4358 87.16 1.48845764691808
4359 87.18000000000001 1.48853448476504
4360 87.2 1.48852309140135
4361 87.22 1.488607555219104
4362 87.23999999999999 1.48860025586202
4363 87.26000000000001 1.488673939444339
4364 87.28 1.488668893225849
4365 87.3 1.488746322044906
4366 87.32000000000001 1.488748327502832
4367 87.34 1.488807020497898
4368 87.36 1.48881753492407
4369 87.38 1.488883944663711
4370 87.40000000000001 1.48888153289033
4371 87.42 1.488950591036553
4372 87.44 1.488950379615906
4373 87.46000000000001 1.489026432699394
4374 87.48 1.489011754171205
4375 87.5 1.489084513704455
4376 87.52 1.489112783523059
4377 87.54000000000001 1.48917201223005
4378 87.56 1.489172532702018
4379 87.58 1.489236603153343
4380 87.60000000000001 1.489240050370979
4381 87.62 1.489304941624704
4382 87.64 1.489314639694091
4383 87.66 1.489386488591125
4384 87.68000000000001 1.489390542813903
4385 87.7 1.489454153885875
4386 87.72 1.48945122213787
4387 87.73999999999999 1.489532085117308
4388 87.76000000000001 1.489513167105596
4389 87.78 1.48960000247566
4390 87.8 1.489585584863319
4391 87.82000000000001 1.489670619774556
4392 87.84 1.489665633978936
4393 87.86 1.48974129514797
4394 87.88 1.489738303590848
4395 87.90000000000001 1.4898135672581
4396 87.92 1.489812910745647
4397 87.94 1.489878718672726
4398 87.96000000000001 1.489886950864133
4399 87.98 1.489948663194665
4400 88 1.489956494757969
4401 88.02 1.490025761006713
4402 88.04000000000001 1.490027013731311
4403 88.06 1.490097666275368
4404 88.08 1.490097175365542
4405 88.10000000000001 1.490176746608232
4406 88.12 1.490180864586449
4407 88.14 1.490230058550441
4408 88.16 1.490250688065783
4409 88.18000000000001 1.490310076222717
4410 88.2 1.490330247778413
4411 88.22 1.490375786541946
4412 88.23999999999999 1.490412625363899
4413 88.26000000000001 1.490448592278777
4414 88.28 1.490483580598993
4415 88.3 1.490521243733928
4416 88.32000000000001 1.4905467219799
4417 88.34 1.490598248957503
4418 88.36 1.490622544278819
4419 88.38 1.490666264419877
4420 88.40000000000001 1.49070544534338
4421 88.42 1.490738306395006
4422 88.44 1.490749680715098
4423 88.46000000000001 1.490780496604168
4424 88.48 1.490862863128439
4425 88.5 1.490864703440043
4426 88.52 1.490882114105441
4427 88.54000000000001 1.490961542801881
4428 88.56 1.491006682634616
4429 88.58 1.49098840969203
4430 88.60000000000001 1.4910639219788
4431 88.62 1.491118416945228
4432 88.64 1.491100800694298
4433 88.66 1.491170149781771
4434 88.68000000000001 1.491211471414672
4435 88.7 1.491203946139273
4436 88.72 1.491274158277582
4437 88.73999999999999 1.491284070817769
4438 88.76000000000001 1.491369431526655
4439 88.78 1.49135527914355
4440 88.8 1.491422801689582
4441 88.82000000000001 1.491455238608407
4442 88.84 1.491508925602337
4443 88.86 1.491521303951464
4444 88.88 1.491590284333177
4445 88.90000000000001 1.491595846665461
4446 88.92 1.491654833602549
4447 88.94 1.49170025821221
4448 88.96000000000001 1.4917360782935
4449 88.98 1.491779434366163
4450 89 1.491822849979977
4451 89.02 1.491863781826339
4452 89.04000000000001 1.491900513165809
4453 89.06 1.491956969573581
4454 89.08 1.491980873909439
4455 89.10000000000001 1.492017981457158
4456 89.12 1.492069487285287
4457 89.14 1.492122058934341
4458 89.16 1.492155498177695
4459 89.18000000000001 1.492207176656786
4460 89.2 1.492245952080593
4461 89.22 1.492275278002059
4462 89.23999999999999 1.49232032071544
4463 89.26000000000001 1.492363359278073
4464 89.28 1.492400302260987
4465 89.3 1.492455726913232
4466 89.32000000000001 1.492504898160665
4467 89.34 1.492547482535951
4468 89.36 1.492590627960193
4469 89.38 1.492629615212814
4470 89.40000000000001 1.492679745068231
4471 89.42 1.492712169491918
4472 89.44 1.492757028208386
4473 89.46000000000001 1.492815560524653
4474 89.48 1.492844477095286
4475 89.5 1.492887877817354
4476 89.52 1.492936867272143
4477 89.54000000000001 1.492983080553266
4478 89.56 1.493034113448742
4479 89.58 1.493079004767442
4480 89.60000000000001 1.493125657269061
4481 89.62 1.493179472742607
4482 89.64 1.493208616882202
4483 89.66 1.493284192415682
4484 89.68000000000001 1.493315282967622
4485 89.7 1.493379599900981
4486 89.72 1.493427651762825
4487 89.73999999999999 1.493485483854587
4488 89.76000000000001 1.493509853703879
4489 89.78 1.493596563181737
4490 89.8 1.493630859537182
4491 89.82000000000001 1.493676348708705
4492 89.84 1.493752086417704
4493 89.86 1.4937859126787
4494 89.88 1.493852128307711
4495 89.90000000000001 1.493898101573693
4496 89.92 1.493956915594998
4497 89.94 1.49401864644818
4498 89.96000000000001 1.494079371816515
4499 89.98 1.494120090169894
4500 90 1.494183092875868
4501 90.02 1.494238549337475
4502 90.04000000000001 1.494298652982103
4503 90.06 1.494355973083045
4504 90.08 1.494417021315116
4505 90.10000000000001 1.494455959674435
4506 90.12 1.494518236867944
4507 90.14 1.49460907015478
4508 90.16 1.494645196090443
4509 90.18000000000001 1.494712479381083
4510 90.2 1.494788919291385
4511 90.22 1.494874408707031
4512 90.23999999999999 1.494902636663472
4513 90.26000000000001 1.494963606748638
4514 90.28 1.49504985252943
4515 90.3 1.495122640403321
4516 90.32000000000001 1.495168686602828
4517 90.34 1.495244119277047
4518 90.36 1.49530641987924
4519 90.38 1.495403287304409
4520 90.40000000000001 1.495439787371765
4521 90.42 1.495485827928079
4522 90.44 1.495590972559722
4523 90.46000000000001 1.495612425306128
4524 90.48 1.495745252974604
4525 90.5 1.495782881190748
4526 90.52 1.495884667469054
4527 90.54000000000001 1.495930599267614
4528 90.56 1.496040244918331
4529 90.58 1.496109893499515
4530 90.60000000000001 1.496156308675181
4531 90.62 1.496250649714235
4532 90.64 1.496308895328581
4533 90.66 1.496416435756866
4534 90.68000000000001 1.496441294712666
4535 90.7 1.496566433584217
4536 90.72 1.49663517528864
4537 90.73999999999999 1.496733564386313
4538 90.76000000000001 1.496777185629623
4539 90.78 1.496912175783749
4540 90.8 1.496948935054653
4541 90.82000000000001 1.497077423254321
4542 90.84 1.497132286586431
4543 90.86 1.49724557278781
4544 90.88 1.497300713108448
4545 90.90000000000001 1.497405317599513
4546 90.92 1.497456911913448
4547 90.94 1.497581578166736
4548 90.96000000000001 1.497640866033389
4549 90.98 1.49775609485719
4550 91 1.497825031559891
4551 91.02 1.497922138900414
4552 91.04000000000001 1.498009897409033
4553 91.06 1.498107820331773
4554 91.08 1.498200174186633
4555 91.10000000000001 1.498323088783396
4556 91.12 1.498382829454814
4557 91.14 1.498483932314954
4558 91.16 1.498580923360349
4559 91.18000000000001 1.498673328851218
4560 91.2 1.498783467127794
4561 91.22 1.498865358665503
4562 91.23999999999999 1.49897089332728
4563 91.26000000000001 1.499051741626658
4564 91.28 1.499182728941387
4565 91.3 1.499279867982977
4566 91.32000000000001 1.499379091042962
4567 91.34 1.499480335127664
4568 91.36 1.499599946844374
4569 91.38 1.49968299003305
4570 91.40000000000001 1.499789721648315
4571 91.42 1.49989755214365
4572 91.44 1.499997384154764
4573 91.46000000000001 1.500104635491811
4574 91.48 1.5002234450024
4575 91.5 1.500303972569785
4576 91.52 1.500419063686646
4577 91.54000000000001 1.500534901900981
4578 91.56 1.500638431071298
4579 91.58 1.500745457946163
4580 91.60000000000001 1.50085641055176
4581 91.62 1.500957848375161
4582 91.64 1.501063299346099
4583 91.66 1.501183382784258
4584 91.68000000000001 1.501300507248788
4585 91.7 1.501402494338055
4586 91.72 1.501500647775244
4587 91.73999999999999 1.501637438343768
4588 91.76000000000001 1.50175579058841
4589 91.78 1.501845665499422
4590 91.8 1.50197633988762
4591 91.82000000000001 1.50208401968095
4592 91.84 1.502192539647384
4593 91.86 1.502313542006076
4594 91.88 1.502436815864366
4595 91.90000000000001 1.502534960455242
4596 91.92 1.502673474258382
4597 91.94 1.502772408661821
4598 91.96000000000001 1.50287912036151
4599 91.98 1.503018345037172
4600 92 1.503124241721942
4601 92.02 1.503243097840378
4602 92.04000000000001 1.503365963497062
4603 92.06 1.503486865460356
4604 92.08 1.503585796315078
4605 92.10000000000001 1.50370510780593
4606 92.12 1.503818577407506
4607 92.14 1.50393953806212
4608 92.16 1.504058369094302
4609 92.18000000000001 1.504169803470899
4610 92.2 1.50428274061183
4611 92.22 1.504405243866419
4612 92.23999999999999 1.504519645978218
4613 92.26000000000001 1.504642083933581
4614 92.28 1.504760488291873
4615 92.3 1.504877465005173
4616 92.32000000000001 1.504996839846646
4617 92.34 1.50511094288642
4618 92.36 1.505227680299998
4619 92.38 1.5053465819992
4620 92.40000000000001 1.505464869893118
4621 92.42 1.505589181105971
4622 92.44 1.505698431181193
4623 92.46000000000001 1.50582662775232
4624 92.48 1.505931097201643
4625 92.5 1.506050954549529
4626 92.52 1.506163427400864
4627 92.54000000000001 1.506286642095952
4628 92.56 1.506407941863067
4629 92.58 1.506522281589563
4630 92.60000000000001 1.506636596634305
4631 92.62 1.506757321873725
4632 92.64 1.506872039956194
4633 92.66 1.506976611805874
4634 92.68000000000001 1.507102056235123
4635 92.7 1.507202315177278
4636 92.72 1.507335192467593
4637 92.73999999999999 1.507450459887234
4638 92.76000000000001 1.507554732140659
4639 92.78 1.507667451156211
4640 92.8 1.507794109653977
4641 92.82000000000001 1.507902500188584
4642 92.84 1.508015415720893
4643 92.86 1.508129633089451
4644 92.88 1.50822538422716
4645 92.90000000000001 1.508358898785971
4646 92.92 1.508462441482333
4647 92.94 1.50858189719777
4648 92.96000000000001 1.508689904337072
4649 92.98 1.508805816734612
4650 93 1.508913557057858
4651 93.02 1.509017229598411
4652 93.04000000000001 1.509122836229945
4653 93.06 1.509247855860913
4654 93.08 1.509351168234244
4655 93.10000000000001 1.509464704138409
4656 93.12 1.509573599229112
4657 93.14 1.509670153659234
4658 93.16 1.509784324215728
4659 93.18000000000001 1.5098870024662
4660 93.2 1.509993636178641
4661 93.22 1.510108625499645
4662 93.23999999999999 1.510216174351591
4663 93.26000000000001 1.510329507209584
4664 93.28 1.510417475173947
4665 93.3 1.510529646559584
4666 93.32000000000001 1.510657869497162
4667 93.34 1.510752040361672
4668 93.36 1.510848392506615
4669 93.38 1.510958132214399
4670 93.40000000000001 1.511065698918435
4671 93.42 1.511168163995723
4672 93.44 1.511280697742016
4673 93.46000000000001 1.51136885481008
4674 93.48 1.511436983300399
4675 93.5 1.511587857143775
4676 93.52 1.511690238075872
4677 93.54000000000001 1.511790682040604
4678 93.56 1.511869433290583
4679 93.58 1.5120200809939
4680 93.60000000000001 1.512106703146391
4681 93.62 1.512174440093335
4682 93.64 1.512322054735131
4683 93.66 1.512434428031558
4684 93.68000000000001 1.512489304970249
4685 93.7 1.512635408019467
4686 93.72 1.512703317401832
4687 93.73999999999999 1.512847145987662
4688 93.76000000000001 1.512898174005719
4689 93.78 1.513044781286132
4690 93.8 1.513088665065472
4691 93.82000000000001 1.513228559339924
4692 93.84 1.513320022158624
4693 93.86 1.513424439880567
4694 93.88 1.513527161565818
4695 93.90000000000001 1.513634091450618
4696 93.92 1.513731610800265
4697 93.94 1.513841743905891
4698 93.96000000000001 1.513942888989272
4699 93.98 1.514054716601087
4700 94 1.514156686061284
4701 94.02 1.514274815261753
4702 94.04000000000001 1.514368050621107
4703 94.06 1.514471512439409
4704 94.08 1.514582955565044
4705 94.10000000000001 1.514691952191363
4706 94.12 1.514788027212462
4707 94.14 1.514897073999271
4708 94.16 1.514994715577721
4709 94.18000000000001 1.515122068768468
4710 94.2 1.515204147999063
4711 94.22 1.515304662242823
4712 94.23999999999999 1.51542459047847
4713 94.26000000000001 1.515555357955969
4714 94.28 1.515650141070314
4715 94.3 1.515751088995001
4716 94.32000000000001 1.515863240230198
4717 94.34 1.515988207484435
4718 94.36 1.516088265884587
4719 94.38 1.516190099822691
4720 94.40000000000001 1.516317965598113
4721 94.42 1.51643211624731
4722 94.44 1.516553371108367
4723 94.46000000000001 1.516658476582689
4724 94.48 1.516781229351614
4725 94.5 1.516906246972119
4726 94.52 1.517019912673977
4727 94.54000000000001 1.51713145118477
4728 94.56 1.51726401841577
4729 94.58 1.517398590633397
4730 94.60000000000001 1.517489958877787
4731 94.62 1.517642184928436
4732 94.64 1.517787400584307
4733 94.66 1.517901283056709
4734 94.68000000000001 1.518038059736629
4735 94.7 1.518176984887895
4736 94.72 1.518285335440019
4737 94.73999999999999 1.518434983393984
4738 94.76000000000001 1.518551563269768
4739 94.78 1.518679910213156
4740 94.8 1.518841135705308
4741 94.82000000000001 1.518949411210583
4742 94.84 1.519095707513931
4743 94.86 1.519226069215035
4744 94.88 1.519374970619113
4745 94.90000000000001 1.519514578637501
4746 94.92 1.519649290107092
4747 94.94 1.519788133153861
4748 94.96000000000001 1.519937226969046
4749 94.98 1.520081193642536
4750 95 1.52023467114604
4751 95.02 1.520380110798186
4752 95.04000000000001 1.520540848104313
4753 95.06 1.520688323271862
4754 95.08 1.520836968609395
4755 95.10000000000001 1.521001700310604
4756 95.12 1.5211693215553
4757 95.14 1.521307681556741
4758 95.16 1.521460013951361
4759 95.18000000000001 1.521632399467828
4760 95.2 1.521782592054481
4761 95.22 1.521962576725683
4762 95.23999999999999 1.522124147888621
4763 95.26000000000001 1.522289895214932
4764 95.28 1.522457328948902
4765 95.3 1.522621394517272
4766 95.32000000000001 1.522813577852048
4767 95.34 1.522976027989506
4768 95.36 1.523154707403947
4769 95.38 1.523301991457799
4770 95.40000000000001 1.523503567273126
4771 95.42 1.523646118511789
4772 95.44 1.523868403284212
4773 95.46000000000001 1.524023438770417
4774 95.48 1.524220262549434
4775 95.5 1.52439591108435
4776 95.52 1.524600810785104
4777 95.54000000000001 1.524786111044641
4778 95.56 1.524972853168777
4779 95.58 1.525175575691718
4780 95.60000000000001 1.525343720894521
4781 95.62 1.525561184129117
4782 95.64 1.525748413418296
4783 95.66 1.525954128858622
4784 95.68000000000001 1.526155138402432
4785 95.7 1.526345223413092
4786 95.72 1.526534672470245
4787 95.74000000000001 1.526771893488909
4788 95.76000000000001 1.526967846256477
4789 95.78 1.527171398405295
4790 95.8 1.527370810779186
4791 95.82000000000001 1.52757257983308
4792 95.84 1.527812874097252
4793 95.86 1.528006931791563
4794 95.88 1.5282064016839
4795 95.90000000000001 1.528426765210354
4796 95.92 1.528645341458787
4797 95.94 1.52886779057019
4798 95.96000000000001 1.529076516970693
4799 95.98 1.529299427397167
4800 96 1.529514571020072
4801 96.02 1.529739201264472
4802 96.04000000000001 1.529956677009894
4803 96.06 1.530185237525933
4804 96.08 1.530446292236834
4805 96.10000000000001 1.530592635346996
4806 96.12 1.530847686555785
4807 96.14 1.531081828689386
4808 96.16 1.531300420411858
4809 96.18000000000001 1.531503271260089
4810 96.2 1.531763451214736
4811 96.22 1.531989181885089
4812 96.24000000000001 1.532211995050546
4813 96.26000000000001 1.532455375492129
4814 96.28 1.532675614991353
4815 96.3 1.532903065280687
4816 96.32000000000001 1.533140034547923
4817 96.34 1.533385693359893
4818 96.36 1.533602272287637
4819 96.38 1.53379987097079
4820 96.40000000000001 1.534064282985892
4821 96.42 1.534300969287895
4822 96.44 1.534536491883858
4823 96.46000000000001 1.534777712515367
4824 96.48 1.535016358663509
4825 96.5 1.535244038787945
4826 96.52 1.535481636020182
4827 96.54000000000001 1.535715907372972
4828 96.56 1.535959467419943
4829 96.58 1.536197035227774
4830 96.60000000000001 1.536437061217439
4831 96.62 1.536672739571763
4832 96.64 1.536907661284616
4833 96.66 1.537149577602668
4834 96.68000000000001 1.537375406269871
4835 96.7 1.537624640139332
4836 96.72 1.537843507783919
4837 96.74000000000001 1.538080211961128
4838 96.76000000000001 1.53832672311824
4839 96.78 1.538543142753239
4840 96.8 1.538793916246562
4841 96.82000000000001 1.539030970597841
4842 96.84 1.539257394510054
4843 96.86 1.539493171913875
4844 96.88 1.53970449807884
4845 96.90000000000001 1.53995751308213
4846 96.92 1.540184586953808
4847 96.94 1.540399583305308
4848 96.96000000000001 1.540628198050129
4849 96.98 1.540868701981719
4850 97 1.541093488749977
4851 97.02 1.541306718419951
4852 97.04000000000001 1.541555510729481
4853 97.06 1.541762632630833
4854 97.08 1.541983836707983
4855 97.10000000000001 1.542196390865303
4856 97.12 1.542432720304578
4857 97.14 1.542657328719126
4858 97.16 1.542867048159139
4859 97.18000000000001 1.543130351991334
4860 97.2 1.543312260930925
4861 97.22 1.543532646521244
4862 97.24000000000001 1.543731800873935
4863 97.26000000000001 1.543968564051304
4864 97.28 1.544190209674918
4865 97.3 1.544405011551597
4866 97.32000000000001 1.544603812076267
4867 97.34 1.544814315751905
4868 97.36 1.545015744821667
4869 97.38 1.545235281550588
4870 97.40000000000001 1.545412335544678
4871 97.42 1.545593935152416
4872 97.44 1.545816888534316
4873 97.46000000000001 1.546031845251463
4874 97.48 1.546209597277933
4875 97.5 1.546410095014028
4876 97.52 1.546605492085518
4877 97.54000000000001 1.546799303021972
4878 97.56 1.54698819920855
4879 97.58 1.547185202086176
4880 97.60000000000001 1.547375489928874
4881 97.62 1.547572342649138
4882 97.64 1.547735161822057
4883 97.66 1.547916640886901
4884 97.68000000000001 1.548128532899143
4885 97.7 1.548286997632648
4886 97.72 1.54848791789449
4887 97.74000000000001 1.548668428790607
4888 97.76000000000001 1.548847157471845
4889 97.78 1.549025837479199
4890 97.8 1.549183257178119
4891 97.82000000000001 1.549360071767661
4892 97.84 1.549533116838455
4893 97.86 1.549695512087108
4894 97.88 1.549868868683506
4895 97.90000000000001 1.550016419677754
4896 97.92 1.550198950858948
4897 97.94 1.550372869786144
4898 97.96000000000001 1.550531368658681
4899 97.98 1.550700679107504
4900 98 1.550847678107318
4901 98.02 1.55097188852982
4902 98.04000000000001 1.551179368801268
4903 98.06 1.551291201488895
4904 98.08 1.551477105043774
4905 98.10000000000001 1.551601080214338
4906 98.12 1.551770956991021
4907 98.14 1.551905849454922
4908 98.16 1.552050254192805
4909 98.18000000000001 1.552196015192118
4910 98.2 1.552363758795549
4911 98.22 1.55251215724673
4912 98.24000000000001 1.552650732105838
4913 98.26000000000001 1.552809111941873
4914 98.28 1.552962414841769
4915 98.3 1.553105037201503
4916 98.32000000000001 1.553246142750508
4917 98.34 1.553406883052586
4918 98.36 1.553541927337228
4919 98.38 1.553687027693027
4920 98.40000000000001 1.553828003225038
4921 98.42 1.553972664645086
4922 98.44 1.554133877126739
4923 98.46000000000001 1.554248700745164
4924 98.48 1.554381079062901
4925 98.5 1.554547788548541
4926 98.52 1.554675280756171
4927 98.54000000000001 1.554849409643618
4928 98.56 1.554972920431008
4929 98.58 1.555128667621681
4930 98.60000000000001 1.555266008172221
4931 98.62 1.555398501407989
4932 98.64 1.555552978249405
4933 98.66 1.555678853817833
4934 98.68000000000001 1.555853806048178
4935 98.7 1.555979013588562
4936 98.72 1.556157888576448
4937 98.74000000000001 1.556264813901584
4938 98.76000000000001 1.556440851620493
4939 98.78 1.556592099398606
4940 98.8 1.556727186054026
4941 98.82000000000001 1.556886179982899
4942 98.84 1.557049294978209
4943 98.86 1.557180596840525
4944 98.88 1.557381959533747
4945 98.90000000000001 1.557518602163235
4946 98.92 1.557663800705039
4947 98.94 1.557847864330713
4948 98.96000000000001 1.558014758372457
4949 98.98 1.558189492475926
4950 99 1.55835088429572
4951 99.02 1.558513335572093
4952 99.04000000000001 1.558668995670865
4953 99.06 1.558819395023008
4954 99.08 1.558990500156312
4955 99.10000000000001 1.559175665166675
4956 99.12 1.559370960422779
4957 99.14 1.559532171129391
4958 99.16 1.559716034229249
4959 99.18000000000001 1.559921955638498
4960 99.2 1.560107264084215
4961 99.22 1.560274435119847
4962 99.24000000000001 1.560462604176978
4963 99.26000000000001 1.560644305090995
4964 99.28 1.560864512197865
4965 99.3 1.561052540287497
4966 99.32000000000001 1.56126454008852
4967 99.34 1.561466870790217
4968 99.36 1.56168272736259
4969 99.38 1.561893895787293
4970 99.40000000000001 1.562134131066764
4971 99.42 1.562345912600843
4972 99.44 1.562600205421228
4973 99.46000000000001 1.562794066753946
4974 99.48 1.56305385121669
4975 99.5 1.563279105079635
4976 99.52 1.563531157481705
4977 99.54000000000001 1.563756758175257
4978 99.56 1.564030761800007
4979 99.58 1.564277243618859
4980 99.60000000000001 1.564537032988194
4981 99.62 1.564771300431032
4982 99.64 1.565053197268722
4983 99.66 1.565279855993128
4984 99.68000000000001 1.56556674037331
4985 99.7 1.565832011468183
4986 99.72 1.566097396677767
4987 99.74000000000001 1.566403621020522
4988 99.76000000000001 1.566670273142907
4989 99.78 1.566956619844635
4990 99.8 1.567257902160692
4991 99.82000000000001 1.567551180337869
4992 99.84 1.567842239140556
4993 99.86 1.568131825009059
4994 99.88 1.568433107253136
4995 99.90000000000001 1.568742822907319
4996 99.92 1.569072428540124
4997 99.94 1.569402060137303
4998 99.96000000000001 1.569687819837674
4999 99.98 1.570014687341739
5000 100 1.570341909830482
5001 100.02 1.570674476483429
5002 100.04 1.570997791727515
5003 100.06 1.571345080424917
5004 100.08 1.571672086261582
5005 100.1 1.572021451517585
5006 100.12 1.57235605517984
5007 100.14 1.572698364245768
5008 100.16 1.573063777656353
5009 100.18 1.573407005416502
5010 100.2 1.573788061599596
5011 100.22 1.574112788668566
5012 100.24 1.574494365804836
5013 100.26 1.574856492774532
5014 100.28 1.575214066028465
5015 100.3 1.575561868017179
5016 100.32 1.575985090355164
5017 100.34 1.576333205886638
5018 100.36 1.576727035025497
5019 100.38 1.577096036194677
5020 100.4 1.577459893515362
5021 100.42 1.577852874688773
5022 100.44 1.578235392866336
5023 100.46 1.578620800230175
5024 100.48 1.578977812975107
5025 100.5 1.579390681861177
5026 100.52 1.57979156445899
5027 100.54 1.580177165778223
5028 100.56 1.58056831613612
5029 100.58 1.580986712365529
5030 100.6 1.581362925729075
5031 100.62 1.581750728775713
5032 100.64 1.582131696983551
5033 100.66 1.582524498332765
5034 100.68 1.58289920535522
5035 100.7 1.583325518122579
5036 100.72 1.583708397241107
5037 100.74 1.584122321835022
5038 100.76 1.584501106660419
5039 100.78 1.584917197813932
5040 100.8 1.585326484854724
5041 100.82 1.585722089331228
5042 100.84 1.586103435705698
5043 100.86 1.586518466566223
5044 100.88 1.586898520255429
5045 100.9 1.587304680391649
5046 100.92 1.587693231727983
5047 100.94 1.588061705033238
5048 100.96 1.58848091400343
5049 100.98 1.588847670038823
5050 101 1.589251467289199
5051 101.02 1.589628595497493
5052 101.04 1.590010834695775
5053 101.06 1.590374552411942
5054 101.08 1.5907472702885
5055 101.1 1.591139045611373
5056 101.12 1.591525174726879
5057 101.14 1.591894325933805
5058 101.16 1.592281730372951
5059 101.18 1.592646666031659
5060 101.2 1.593011681166712
5061 101.22 1.593374313813978
5062 101.24 1.593737001123763
5063 101.26 1.594075328412208
5064 101.28 1.594432127128815
5065 101.3 1.594793383411274
5066 101.32 1.595148182719433
5067 101.34 1.595507642650712
5068 101.36 1.595857372954033
5069 101.38 1.596184665489485
5070 101.4 1.596516983624656
5071 101.42 1.596840864964364
5072 101.44 1.597173605240029
5073 101.46 1.597503474739158
5074 101.48 1.597815190817352
5075 101.5 1.598131904445159
5076 101.52 1.598429756998385
5077 101.54 1.598743107611469
5078 101.56 1.599036518983442
5079 101.58 1.599345991746048
5080 101.6 1.599657826888036
5081 101.62 1.599963995783536
5082 101.64 1.600254214726416
5083 101.66 1.600513467614829
5084 101.68 1.600801710372821
5085 101.7 1.601060155913148
5086 101.72 1.601326069437339
5087 101.74 1.601563046060584
5088 101.76 1.601845196683991
5089 101.78 1.602085576080029
5090 101.8 1.602327140585458
5091 101.82 1.602561995889799
5092 101.84 1.602812879197921
5093 101.86 1.603046802989163
5094 101.88 1.603258642817753
5095 101.9 1.603474369062537
5096 101.92 1.603710999734185
5097 101.94 1.603896916725336
5098 101.96 1.604117557603014
5099 101.98 1.604324479177034
5100 102 1.604531911175511
5101 102.02 1.604708111825448
5102 102.04 1.604886115811198
5103 102.06 1.605084164594551
5104 102.08 1.605245085390186
5105 102.1 1.605437247634462
5106 102.12 1.605592914270996
5107 102.14 1.605772237483323
5108 102.16 1.605930287671131
5109 102.18 1.606093040932925
5110 102.2 1.606211799469179
5111 102.22 1.606379082815086
5112 102.24 1.606522498784742
5113 102.26 1.606675074611736
5114 102.28 1.606795925035311
5115 102.3 1.606935655729362
5116 102.32 1.607048644704988
5117 102.34 1.607171215275525
5118 102.36 1.607312546837664
5119 102.38 1.607401843850357
5120 102.4 1.60752394278855
5121 102.42 1.607642327616215
5122 102.44 1.607746219013191
5123 102.46 1.607846939396183
5124 102.48 1.607966174144551
5125 102.5 1.608062132757965
5126 102.52 1.60816607219108
5127 102.54 1.608259752956929
5128 102.56 1.6083463935632
5129 102.58 1.608419275804322
5130 102.6 1.608480127946738
5131 102.62 1.608606528413253
5132 102.64 1.608696240694113
5133 102.66 1.608799155629162
5134 102.68 1.608867557559137
5135 102.7 1.608971075899311
5136 102.72 1.608988430492554
5137 102.74 1.609135246378284
5138 102.76 1.609188954189929
5139 102.78 1.609292219878415
5140 102.8 1.609350080680444
5141 102.82 1.609457629145336
5142 102.84 1.609537131991438
5143 102.86 1.609627354497061
5144 102.88 1.609706056252229
5145 102.9 1.609799325069915
5146 102.92 1.609907214798002
5147 102.94 1.609966268562
5148 102.96 1.610092617659438
5149 102.98 1.610108908566007
5150 103 1.610280424224648
5151 103.02 1.610338546723754
5152 103.04 1.610499093224024
5153 103.06 1.610597134467456
5154 103.08 1.610690357868711
5155 103.1 1.610808403795863
5156 103.12 1.610989708264876
5157 103.14 1.611065456909745
5158 103.16 1.611185323176791
5159 103.18 1.611335427858837
5160 103.2 1.611468612886144
5161 103.22 1.61162899075243
5162 103.24 1.611775467296133
5163 103.26 1.611928347670876
5164 103.28 1.612122275343851
5165 103.3 1.61229152229033
5166 103.32 1.612468866385635
5167 103.34 1.61263770204312
5168 103.36 1.612858806791864
5169 103.38 1.613062632516784
5170 103.4 1.613241853561361
5171 103.42 1.613486278004511
5172 103.44 1.613691584015035
5173 103.46 1.613940240016025
5174 103.48 1.614149388933222
5175 103.5 1.614369605211636
5176 103.52 1.614631298345953
5177 103.54 1.614895052738154
5178 103.56 1.615167645400813
5179 103.58 1.615482599563233
5180 103.6 1.615764052410659
5181 103.62 1.616047477232095
5182 103.64 1.616351242818054
5183 103.66 1.616596541121025
5184 103.68 1.616956161489795
5185 103.7 1.617259949342803
5186 103.72 1.61757419819056
5187 103.74 1.617948221673395
5188 103.76 1.618263916342938
5189 103.78 1.618644535133573
5190 103.8 1.618982743774678
5191 103.82 1.619363695626043
5192 103.84 1.619768246781023
5193 103.86 1.620146853563317
5194 103.88 1.620542207855755
5195 103.9 1.620911895628535
5196 103.92 1.621361068866841
5197 103.94 1.621792940037939
5198 103.96 1.622225355618602
5199 103.98 1.622676993713637
5200 104 1.623118806853494
5201 104.02 1.623548895547499
5202 104.04 1.623970597883198
5203 104.06 1.624475347983301
5204 104.08 1.624911892380034
5205 104.1 1.62539653306979
5206 104.12 1.62588108034873
5207 104.14 1.626348940944474
5208 104.16 1.626843008625052
5209 104.18 1.627347404407657
5210 104.2 1.627851213741883
5211 104.22 1.628364583187004
5212 104.24 1.628908662062456
5213 104.26 1.629399429852685
5214 104.28 1.629930832110654
5215 104.3 1.630501344334549
5216 104.32 1.631026811036267
5217 104.34 1.631564075155654
5218 104.36 1.632125838014405
5219 104.38 1.632696817410179
5220 104.4 1.633257302763143
5221 104.42 1.633830291462494
5222 104.44 1.634383561449187
5223 104.46 1.634948671102321
5224 104.48 1.635541891564054
5225 104.5 1.636127625577587
5226 104.52 1.636684180732443
5227 104.54 1.637262613428602
5228 104.56 1.637857571131236
5229 104.58 1.638437472288076
5230 104.6 1.639068339232789
5231 104.62 1.639644758748193
5232 104.64 1.640253247328096
5233 104.66 1.640973089664856
5234 104.68 1.641470914179482
5235 104.7 1.642161641660708
5236 104.72 1.642667742543111
5237 104.74 1.643370888348511
5238 104.76 1.643832252652108
5239 104.78 1.644462932122888
5240 104.8 1.645179770934534
5241 104.82 1.645682788997438
5242 104.84 1.646235892735361
5243 104.86 1.646865205459006
5244 104.88 1.647465105170359
5245 104.9 1.648038598307367
5246 104.92 1.648647838313854
5247 104.94 1.649336962907886
5248 104.96 1.649945443451065
5249 104.98 1.650429906357858
5250 105 1.65109976444589
5251 105.02 1.651580401570355
5252 105.04 1.652131774756166
5253 105.06 1.652782812843167
5254 105.08 1.653273935973532
5255 105.1 1.653894721389791
5256 105.12 1.654385748126108
5257 105.14 1.654993428230161
5258 105.16 1.655467365958771
5259 105.18 1.655968548288771
5260 105.2 1.656500768295979
5261 105.22 1.657010350967737
5262 105.24 1.657526054670538
5263 105.26 1.658114928198872
5264 105.28 1.658548629420809
5265 105.3 1.65901052786086
5266 105.32 1.659490611421513
5267 105.34 1.659985632006252
5268 105.36 1.66051352179864
5269 105.38 1.660897828401959
5270 105.4 1.661421401754783
5271 105.42 1.661759258822639
5272 105.44 1.662181240834396
5273 105.46 1.662589174409525
5274 105.48 1.662980514873138
5275 105.5 1.663462361476918
5276 105.52 1.663720392259021
5277 105.54 1.66405253758361
5278 105.56 1.664528718159898
5279 105.58 1.66482736403515
5280 105.6 1.665225044410991
5281 105.62 1.665440307711231
5282 105.64 1.665774051237715
5283 105.66 1.666070971115069
5284 105.68 1.666362175168782
5285 105.7 1.666626147456684
5286 105.72 1.66689006318066
5287 105.74 1.667142899520309
5288 105.76 1.667374731576313
5289 105.78 1.667608661301487
5290 105.8 1.667800675303332
5291 105.82 1.66802795557306
5292 105.84 1.668223159495504
5293 105.86 1.668397424838126
5294 105.88 1.668570394678161
5295 105.9 1.668757862263696
5296 105.92 1.668853667170767
5297 105.94 1.669064602855836
5298 105.96 1.669150894637557
5299 105.98 1.669285981245203
5300 106 1.669362059656268
5301 106.02 1.669453548083718
5302 106.04 1.66952667988685
5303 106.06 1.669612027195912
5304 106.08 1.669657282700389
5305 106.1 1.669691410559768
5306 106.12 1.669749070051996
5307 106.14 1.669754077001191
5308 106.16 1.669788482406602
5309 106.18 1.669775448094401
5310 106.2 1.669810611808834
5311 106.22 1.669795795686619
5312 106.24 1.669734491148088
5313 106.26 1.66972667173965
5314 106.28 1.669678644323412
5315 106.3 1.669641113438015
5316 106.32 1.669599858899397
5317 106.34 1.669556176924356
5318 106.36 1.66949973603094
5319 106.38 1.669432262780294
5320 106.4 1.669357696865838
5321 106.42 1.669272697061177
5322 106.44 1.669227373184475
5323 106.46 1.669114741421715
5324 106.48 1.669023717689314
5325 106.5 1.668925074000229
5326 106.52 1.668822105286183
5327 106.54 1.668714897782875
5328 106.56 1.668604700380505
5329 106.58 1.668537049243478
5330 106.6 1.668469284115325
5331 106.62 1.668288424272733
5332 106.64 1.668239894240603
5333 106.66 1.668111048216766
5334 106.68 1.668033219628908
5335 106.7 1.667903398366207
5336 106.72 1.66783806984729
5337 106.74 1.667755699988044
5338 106.76 1.667635271805516
5339 106.78 1.667530010069284
5340 106.8 1.667461170455151
5341 106.82 1.66739439059199
5342 106.84 1.667332784124143
5343 106.86 1.667284936610011
5344 106.88 1.667181830495508
5345 106.9 1.66714452285025
5346 106.92 1.667081283084823
5347 106.94 1.667019616574606
5348 106.96 1.667016030507255
5349 106.98 1.666953127118989
5350 107 1.666912373624004
5351 107.02 1.666950373327136
5352 107.04 1.667000801409579
5353 107.06 1.666960862996172
5354 107.08 1.666999106252386
5355 107.1 1.666995625565737
5356 107.12 1.667022594459138
5357 107.14 1.66704757049598
5358 107.16 1.667134713320364
5359 107.18 1.667216603572859
5360 107.2 1.667343380326415
5361 107.22 1.667424758717102
5362 107.24 1.667559415458288
5363 107.26 1.667654363608461
5364 107.28 1.667838185860269
5365 107.3 1.668001021990707
5366 107.32 1.668193800872274
5367 107.34 1.668346777657297
5368 107.36 1.668581101842866
5369 107.38 1.668804625536356
5370 107.4 1.669051222308413
5371 107.42 1.669325514582261
5372 107.44 1.669570221941266
5373 107.46 1.669882177600053
5374 107.48 1.670182503984422
5375 107.5 1.670535350961257
5376 107.52 1.670868409269351
5377 107.54 1.671179842685454
5378 107.56 1.671556048912111
5379 107.58 1.67193913940123
5380 107.6 1.672299135625331
5381 107.62 1.672732455660142
5382 107.64 1.673110175857036
5383 107.66 1.673589226382956
5384 107.68 1.674040913817707
5385 107.7 1.674518858947242
5386 107.72 1.675013798587769
5387 107.74 1.675536468534795
5388 107.76 1.676055970413488
5389 107.78 1.676567822645295
5390 107.8 1.677129863227355
5391 107.82 1.677706991663576
5392 107.84 1.678295643973464
5393 107.86 1.678862818525837
5394 107.88 1.679473630499447
5395 107.9 1.680081734971778
5396 107.92 1.680691597755664
5397 107.94 1.68135738856161
5398 107.96 1.681956294376927
5399 107.98 1.682656725023352
5400 108 1.683335659991943
5401 108.02 1.684045923065197
5402 108.04 1.6847838109788
5403 108.06 1.685474004853448
5404 108.08 1.686208552377311
5405 108.1 1.686936939455821
5406 108.12 1.687681311020242
5407 108.14 1.688472337368103
5408 108.16 1.689223707842396
5409 108.18 1.69005385253935
5410 108.2 1.690875656107165
5411 108.22 1.69167037706612
5412 108.24 1.692451418422487
5413 108.26 1.69327985701281
5414 108.28 1.69410747305645
5415 108.3 1.69490318566739
5416 108.32 1.695719809578897
5417 108.34 1.696591963758303
5418 108.36 1.697442551934832
5419 108.38 1.698257428793855
5420 108.4 1.699128228908735
5421 108.42 1.699989244681835
5422 108.44 1.70081978741242
5423 108.46 1.701666392460568
5424 108.48 1.702513214128101
5425 108.5 1.703396342585604
5426 108.52 1.704230238687501
5427 108.54 1.705087811282268
5428 108.56 1.705936954509652
5429 108.58 1.70683394238822
5430 108.6 1.707614019779803
5431 108.62 1.708489760842911
5432 108.64 1.709322357162776
5433 108.66 1.71018996958665
5434 108.68 1.711001119954302
5435 108.7 1.711872086058152
5436 108.72 1.712671064590612
5437 108.74 1.713452049284885
5438 108.76 1.714272399356729
5439 108.78 1.715061980167491
5440 108.8 1.715846148905445
5441 108.82 1.716613085023067
5442 108.84 1.717400888173351
5443 108.86 1.718155671086972
5444 108.88 1.718850822150098
5445 108.9 1.719610930172789
5446 108.92 1.720310155720862
5447 108.94 1.721010757397365
5448 108.96 1.721696598516035
5449 108.98 1.722371228824999
5450 109 1.72301376892931
5451 109.02 1.723684736330088
5452 109.04 1.724289352492851
5453 109.06 1.724919122830828
5454 109.08 1.725525889316485
5455 109.1 1.726092793828622
5456 109.12 1.726670750940905
5457 109.14 1.727199310511821
5458 109.16 1.727707987611227
5459 109.18 1.728220057089711
5460 109.2 1.728677933736017
5461 109.22 1.729134473091263
5462 109.24 1.729561889905459
5463 109.26 1.729972222824625
5464 109.28 1.730391136268589
5465 109.3 1.730753702951228
5466 109.32 1.731127713053139
5467 109.34 1.73146375663605
5468 109.36 1.731772265661613
5469 109.38 1.732038805896656
5470 109.4 1.732302947378592
5471 109.42 1.732526869369306
5472 109.44 1.732759638832919
5473 109.46 1.732980398625404
5474 109.48 1.733187452570151
5475 109.5 1.733326378276284
5476 109.52 1.733468999213942
5477 109.54 1.733565832448137
5478 109.56 1.733655638260712
5479 109.58 1.733656525260372
5480 109.6 1.733763157199914
5481 109.62 1.733776057592224
5482 109.64 1.733782566319497
5483 109.66 1.733777076430526
5484 109.68 1.733735275671493
5485 109.7 1.733661461255426
5486 109.72 1.733573728361971
5487 109.74 1.733480417007116
5488 109.76 1.733370471222402
5489 109.78 1.733229664406104
5490 109.8 1.733049227351848
5491 109.82 1.732896163035693
5492 109.84 1.732705668283282
5493 109.86 1.732522746269734
5494 109.88 1.732306311284777
5495 109.9 1.732087609991564
5496 109.92 1.7317901024382
5497 109.94 1.731537537785319
5498 109.96 1.731285937630102
5499 109.98 1.730982566854577
5500 110 1.730687101023447
5501 110.02 1.730409453347813
5502 110.04 1.730066070680618
5503 110.06 1.72978007964073
5504 110.08 1.729383004881815
5505 110.1 1.729064753115428
5506 110.12 1.728710649939618
5507 110.14 1.728358429478144
5508 110.16 1.727971008286981
5509 110.18 1.727676567311914
5510 110.2 1.727266706429892
5511 110.22 1.72680801350437
5512 110.24 1.726457287349851
5513 110.26 1.726040541807162
5514 110.28 1.725641699251878
5515 110.3 1.725241040320206
5516 110.32 1.7248525142452
5517 110.34 1.724513338194346
5518 110.36 1.724108620888698
5519 110.38 1.723682238936065
5520 110.4 1.723359393600076
5521 110.42 1.723001176960015
5522 110.44 1.722607262021921
5523 110.46 1.72226775612962
5524 110.48 1.721919607545468
5525 110.5 1.721576961182652
5526 110.52 1.72125210666675
5527 110.54 1.720934960893872
5528 110.56 1.720636499812793
5529 110.58 1.720268264311325
5530 110.6 1.719977825722992
5531 110.62 1.719662170939978
5532 110.64 1.719460653864703
5533 110.66 1.719170028800563
5534 110.68 1.718977339356128
5535 110.7 1.718765384275184
5536 110.72 1.718540375993899
5537 110.74 1.718369674177514
5538 110.76 1.718186695366736
5539 110.78 1.718068127956053
5540 110.8 1.717933346000316
5541 110.82 1.717776337521479
5542 110.84 1.717697694471449
5543 110.86 1.717589635404259
5544 110.88 1.717559756403166
5545 110.9 1.717505627112336
5546 110.92 1.71754078017541
5547 110.94 1.717573240798485
5548 110.96 1.717612367767261
5549 110.98 1.717662428159788
5550 111 1.717736231423888
5551 111.02 1.717854955112441
5552 111.04 1.71799630237144
5553 111.06 1.718188864183875
5554 111.08 1.718376371328311
5555 111.1 1.718614344559084
5556 111.12 1.7188250931583
5557 111.14 1.719079079098159
5558 111.16 1.719332541961798
5559 111.18 1.719584550473031
5560 111.2 1.720016795920442
5561 111.22 1.720418813780654
5562 111.24 1.720784020267746
5563 111.26 1.721152143002198
5564 111.28 1.721614347569298
5565 111.3 1.722079656097164
5566 111.32 1.722590395590822
5567 111.34 1.723074288878661
5568 111.36 1.723673956447273
5569 111.38 1.724101081022142
5570 111.4 1.724781935037192
5571 111.42 1.725417947157893
5572 111.44 1.726009965499983
5573 111.46 1.726662872862121
5574 111.48 1.727355336726567
5575 111.5 1.727980699366568
5576 111.52 1.728816819546365
5577 111.54 1.729570691021245
5578 111.56 1.730376684759096
5579 111.58 1.731128509188103
5580 111.6 1.731990040939042
5581 111.62 1.732679924448258
5582 111.64 1.73370140485918
5583 111.66 1.734427165895828
5584 111.68 1.735353580595846
5585 111.7 1.736375898250669
5586 111.72 1.737216207622928
5587 111.74 1.738246474500444
5588 111.76 1.739082109040258
5589 111.78 1.740088581442418
5590 111.8 1.741213571500645
5591 111.82 1.74210802023591
5592 111.84 1.74324640525561
5593 111.86 1.744169513689834
5594 111.88 1.745302268318757
5595 111.9 1.746232815226238
5596 111.92 1.747420081691772
5597 111.94 1.748530311258691
5598 111.96 1.749521557970408
5599 111.98 1.750626230739247
5600 112 1.75163934611386
5601 112.02 1.752785892303087
5602 112.04 1.753828568214019
5603 112.06 1.755005788862413
5604 112.08 1.755983643590791
5605 112.1 1.757205200658019
5606 112.12 1.758204636807127
5607 112.14 1.759396980630249
5608 112.16 1.760426773827661
5609 112.18 1.761585430387046
5610 112.2 1.762600741063481
5611 112.22 1.763726272095738
5612 112.24 1.764764123633741
5613 112.26 1.765781504624841
5614 112.28 1.766956249734352
5615 112.3 1.767929595264999
5616 112.32 1.768940170924765
5617 112.34 1.769996115082243
5618 112.36 1.771006380566131
5619 112.38 1.771971411238705
5620 112.4 1.772945910847821
5621 112.42 1.773878912614996
5622 112.44 1.7747741998657
5623 112.46 1.775674414947464
5624 112.48 1.776573723471347
5625 112.5 1.777449997202794
5626 112.52 1.778267806450499
5627 112.54 1.779097165463311
5628 112.56 1.779906503366236
5629 112.58 1.780655448075993
5630 112.6 1.781387746468938
5631 112.62 1.782118813138662
5632 112.64 1.782728848606603
5633 112.66 1.783387818554901
5634 112.68 1.784016219709952
5635 112.7 1.784625570298453
5636 112.72 1.7851994361785
5637 112.74 1.785746552498636
5638 112.76 1.786263630970983
5639 112.78 1.786723591959611
5640 112.8 1.787232714022596
5641 112.82 1.787629164141323
5642 112.84 1.788026530921433
5643 112.86 1.78843493138695
5644 112.88 1.7887559745782
5645 112.9 1.789060887675513
5646 112.92 1.789365129883197
5647 112.94 1.78954363244594
5648 112.96 1.789760323635356
5649 112.98 1.789958366735074
5650 113 1.790157866665171
5651 113.02 1.790207104972547
5652 113.04 1.790275591852542
5653 113.06 1.79027269011263
5654 113.08 1.790329273130898
5655 113.1 1.790306836021301
5656 113.12 1.790271073061081
5657 113.14 1.790231613464482
5658 113.16 1.790121360420904
5659 113.18 1.789988948522572
5660 113.2 1.789855288191715
5661 113.22 1.789707963361171
5662 113.24 1.789529959530402
5663 113.26 1.789263534171458
5664 113.28 1.789056082080933
5665 113.3 1.78877493481721
5666 113.32 1.7884403013734
5667 113.34 1.788130036118488
5668 113.36 1.78775179013857
5669 113.38 1.787408424156353
5670 113.4 1.787011095519155
5671 113.42 1.786594539008998
5672 113.44 1.78618604682152
5673 113.46 1.785719617833484
5674 113.48 1.785290056634369
5675 113.5 1.784796153657511
5676 113.52 1.784297092702235
5677 113.54 1.783779442015683
5678 113.56 1.783334164691893
5679 113.58 1.782777392504395
5680 113.6 1.782281310209823
5681 113.62 1.781691882474404
5682 113.64 1.781118653760185
5683 113.66 1.780560042366526
5684 113.68 1.779983897981051
5685 113.7 1.779465507583345
5686 113.72 1.778785444582725
5687 113.74 1.778228971893773
5688 113.76 1.777603634870851
5689 113.78 1.777013668940554
5690 113.8 1.776348824280983
5691 113.82 1.775745075946785
5692 113.84 1.775102663489439
5693 113.86 1.774505786765283
5694 113.88 1.773879207665449
5695 113.9 1.773242805033589
5696 113.92 1.772680217264907
5697 113.94 1.772045156543228
5698 113.96 1.771406628271731
5699 113.98 1.770884844827458
5700 114 1.770276587020797
5701 114.02 1.769679898135002
5702 114.04 1.769156419365975
5703 114.06 1.768571512577894
5704 114.08 1.767929568463273
5705 114.1 1.767510041496151
5706 114.12 1.766991556801085
5707 114.14 1.766324396564826
5708 114.16 1.765943256980794
5709 114.18 1.765341742288384
5710 114.2 1.764881517555919
5711 114.22 1.764483104397605
5712 114.24 1.7640052674474
5713 114.26 1.763635163044859
5714 114.28 1.76326194938332
5715 114.3 1.762904149884918
5716 114.32 1.762549996797501
5717 114.34 1.762166788787835
5718 114.36 1.761908260212861
5719 114.38 1.761596494194694
5720 114.4 1.761336921481355
5721 114.42 1.761090197186659
5722 114.44 1.760918831534011
5723 114.46 1.760810880064219
5724 114.48 1.760639436328757
5725 114.5 1.760543654055846
5726 114.52 1.76046626395196
5727 114.54 1.760421495961201
5728 114.56 1.760400368999379
5729 114.58 1.760410084021311
5730 114.6 1.760477822900856
5731 114.62 1.760564339442222
5732 114.64 1.760690523664938
5733 114.66 1.760859744984007
5734 114.68 1.761019031942727
5735 114.7 1.761275246547794
5736 114.72 1.76150971368234
5737 114.74 1.761805491870711
5738 114.76 1.762090148038591
5739 114.78 1.762404898794965
5740 114.8 1.76287140163981
5741 114.82 1.76325940206668
5742 114.84 1.763782928140831
5743 114.86 1.764219390762674
5744 114.88 1.764765663731716
5745 114.9 1.765282943061174
5746 114.92 1.765918954282986
5747 114.94 1.766532434536332
5748 114.96 1.767116986086958
5749 114.98 1.767864402775586
5750 115 1.768552379149931
5751 115.02 1.769307333129329
5752 115.04 1.7700539120125
5753 115.06 1.770879067147805
5754 115.08 1.77172579462664
5755 115.1 1.772585690623008
5756 115.12 1.773452328149201
5757 115.14 1.774385443422703
5758 115.16 1.775309487900915
5759 115.18 1.776259097006054
5760 115.2 1.777242778436282
5761 115.22 1.778244471974005
5762 115.24 1.779280786060982
5763 115.26 1.780362713860339
5764 115.28 1.781427433910084
5765 115.3 1.782516715966212
5766 115.32 1.783685710373307
5767 115.34 1.784766741752885
5768 115.36 1.785993639482389
5769 115.38 1.787142454563648
5770 115.4 1.788370048795464
5771 115.42 1.789547235511725
5772 115.44 1.790708135970808
5773 115.46 1.791931914568202
5774 115.48 1.793144375682337
5775 115.5 1.794365129590298
5776 115.52 1.795640439384356
5777 115.54 1.796898535490372
5778 115.56 1.798129958424384
5779 115.58 1.799335822171793
5780 115.6 1.800598661394793
5781 115.62 1.801826457765672
5782 115.64 1.803026331067065
5783 115.66 1.804250751782335
5784 115.68 1.805444166970729
5785 115.7 1.806614998915623
5786 115.72 1.807836310541205
5787 115.74 1.808995907285501
5788 115.76 1.810159921932772
5789 115.78 1.811288999023128
5790 115.8 1.812436870224432
5791 115.82 1.813548762909513
5792 115.84 1.814611175897079
5793 115.86 1.815711420058515
5794 115.88 1.816778768503244
5795 115.9 1.81781093878912
5796 115.92 1.818736565282948
5797 115.94 1.819785017400231
5798 115.96 1.820688018340183
5799 115.98 1.821656219886417
5800 116 1.822511251471319
5801 116.02 1.823367850948058
5802 116.04 1.824188916306011
5803 116.06 1.824898354851337
5804 116.08 1.8256957904958
5805 116.1 1.826370346159519
5806 116.12 1.827123965941299
5807 116.14 1.827810667062801
5808 116.16 1.828414081418659
5809 116.18 1.829019904700014
5810 116.2 1.829519504835053
5811 116.22 1.830017977884164
5812 116.24 1.830501874746308
5813 116.26 1.830976801155431
5814 116.28 1.831373265260098
5815 116.3 1.831701898571734
5816 116.32 1.832037550272379
5817 116.34 1.832391172642046
5818 116.36 1.832683030467857
5819 116.38 1.832957426480906
5820 116.4 1.833121056418192
5821 116.42 1.833246622495876
5822 116.44 1.833383086289101
5823 116.46 1.83346217117329
5824 116.48 1.833525329222822
5825 116.5 1.83347781340582
5826 116.52 1.833524714698358
5827 116.54 1.833432231918391
5828 116.56 1.833357367184143
5829 116.58 1.833229063116992
5830 116.6 1.833065826128874
5831 116.62 1.832862124106048
5832 116.64 1.832605732062791
5833 116.66 1.832422206819636
5834 116.68 1.832097909248962
5835 116.7 1.831792944132912
5836 116.72 1.831408514988359
5837 116.74 1.831037605827121
5838 116.76 1.830609202121551
5839 116.78 1.830201967502161
5840 116.8 1.829739205796254
5841 116.82 1.829282305464422
5842 116.84 1.828801601497458
5843 116.86 1.828226919511082
5844 116.88 1.827669400828984
5845 116.9 1.827064105719856
5846 116.92 1.826463279003917
5847 116.94 1.82587212223245
5848 116.96 1.825211220584056
5849 116.98 1.824618697951101
5850 117 1.823889098695566
5851 117.02 1.823169378879239
5852 117.04 1.822467073461437
5853 117.06 1.821710177888575
5854 117.08 1.820986676803728
5855 117.1 1.820296290613454
5856 117.12 1.819511569804503
5857 117.14 1.818758018284739
5858 117.16 1.817929632401425
5859 117.18 1.8171786404037
5860 117.2 1.816398961272236
5861 117.22 1.815616413328929
5862 117.24 1.814868033618207
5863 117.26 1.814086783686558
5864 117.28 1.813325758869914
5865 117.3 1.81254876611463
5866 117.32 1.81179514254633
5867 117.34 1.810982849383495
5868 117.36 1.810219314926767
5869 117.38 1.809395353568758
5870 117.4 1.808802972219362
5871 117.42 1.808141073758244
5872 117.44 1.807413416455185
5873 117.46 1.806617625869023
5874 117.48 1.806035526946055
5875 117.5 1.805508097096991
5876 117.52 1.804712395395852
5877 117.54 1.804139702226742
5878 117.56 1.803534199099722
5879 117.58 1.802783489665659
5880 117.6 1.802064591342584
5881 117.62 1.801478760899933
5882 117.64 1.800863839212415
5883 117.66 1.800322086100478
5884 117.68 1.799694195653721
5885 117.7 1.79918675316865
5886 117.72 1.798640686927813
5887 117.74 1.798165715581102
5888 117.76 1.797756453951609
5889 117.78 1.797375127848895
5890 117.8 1.796983206606696
5891 117.82 1.79654999598643
5892 117.84 1.796198639582305
5893 117.86 1.795815243204348
5894 117.88 1.79552218152241
5895 117.9 1.795274772629279
5896 117.92 1.795091700986787
5897 117.94 1.794895178661648
5898 117.96 1.794690264468247
5899 117.98 1.79450523438962
5900 118 1.794379155754078
5901 118.02 1.794292486754244
5902 118.04 1.794272412480085
5903 118.06 1.794275310379733
5904 118.08 1.794314592452436
5905 118.1 1.794331588234388
5906 118.12 1.794410062828541
5907 118.14 1.794595105677931
5908 118.16 1.794748715607212
5909 118.18 1.794948218303984
5910 118.2 1.795175354295769
5911 118.22 1.795484915383552
5912 118.24 1.795748535636253
5913 118.26 1.796048757566869
5914 118.28 1.796411426133114
5915 118.3 1.796864690645978
5916 118.32 1.797324388127985
5917 118.34 1.797823131524797
5918 118.36 1.798321708462724
5919 118.38 1.798870248008883
5920 118.4 1.799474298369837
5921 118.42 1.800083465151509
5922 118.44 1.800773347405147
5923 118.46 1.801482090116843
5924 118.48 1.802198192802837
5925 118.5 1.802984260822769
5926 118.52 1.803703547736463
5927 118.54 1.804597778025017
5928 118.56 1.805402544270146
5929 118.58 1.806350970380346
5930 118.6 1.807285052899005
5931 118.62 1.808262237428907
5932 118.64 1.809212004845222
5933 118.66 1.810281597498008
5934 118.68 1.811279476339976
5935 118.7 1.812405321613474
5936 118.72 1.813414166310313
5937 118.74 1.81447246186939
5938 118.76 1.815620448849956
5939 118.78 1.816702994814071
5940 118.8 1.81784503013937
5941 118.82 1.818995517417461
5942 118.84 1.8201467769252
5943 118.86 1.821251367503717
5944 118.88 1.822396957144836
5945 118.9 1.823602142810498
5946 118.92 1.824791917679577
5947 118.94 1.825999136549594
5948 118.96 1.827236600485038
5949 118.98 1.828418650776244
5950 119 1.829630646749511
5951 119.02 1.830790538096366
5952 119.04 1.832009048519891
5953 119.06 1.833225998953811
5954 119.08 1.834359965904105
5955 119.1 1.83549999839653
5956 119.12 1.836606930546395
5957 119.14 1.837824287959894
5958 119.16 1.838957373091342
5959 119.18 1.840083690596514
5960 119.2 1.841161355774759
5961 119.22 1.842253695220854
5962 119.24 1.843290330950129
5963 119.26 1.844330906536769
5964 119.28 1.84534441270023
5965 119.3 1.846295634182703
5966 119.32 1.847278776594341
5967 119.34 1.848180742977153
5968 119.36 1.849081696878481
5969 119.38 1.849986884193412
5970 119.4 1.850780113897327
5971 119.42 1.851534929870972
5972 119.44 1.8523574456808
5973 119.46 1.853086061990501
5974 119.48 1.853769977373397
5975 119.5 1.854440128211805
5976 119.52 1.855025770692211
5977 119.54 1.855527896411561
5978 119.56 1.856048850207791
5979 119.58 1.856517213357821
5980 119.6 1.856912532124598
5981 119.62 1.857322602395357
5982 119.64 1.85764711408937
5983 119.66 1.858018180574567
5984 119.68 1.858270451896514
5985 119.7 1.858542358594928
5986 119.72 1.85869201723791
5987 119.74 1.858873527145934
5988 119.76 1.858956214279548
5989 119.78 1.85906355757276
5990 119.8 1.859128778026279
5991 119.82 1.859054417087835
5992 119.84 1.859110931803107
5993 119.86 1.859062023114309
5994 119.88 1.858994867578399
5995 119.9 1.858914799284127
5996 119.92 1.858767503349752
5997 119.94 1.858570644312081
5998 119.96 1.858294626442761
5999 119.98 1.85804560870702
6000 120 1.857737190051584
6001 120.02 1.857435258239947
6002 120.04 1.856997052922791
6003 120.06 1.85674750074978
6004 120.08 1.856347750118278
6005 120.1 1.85591047044729
6006 120.12 1.855438255867773
6007 120.14 1.854952089355968
6008 120.16 1.854483812613042
6009 120.18 1.853941184432705
6010 120.2 1.853448637911778
6011 120.22 1.852848982596837
6012 120.24 1.852270077253407
6013 120.26 1.851643296256137
6014 120.28 1.85101328287688
6015 120.3 1.85036849982842
6016 120.32 1.849729320169699
6017 120.34 1.849042287609784
6018 120.36 1.848367647891286
6019 120.38 1.847558782974042
6020 120.4 1.846781980774001
6021 120.42 1.846030759186354
6022 120.44 1.84527981755181
6023 120.46 1.844495216710143
6024 120.48 1.843672766797005
6025 120.5 1.842886522775904
6026 120.52 1.842120168985599
6027 120.54 1.841303892056662
6028 120.56 1.840505759818429
6029 120.58 1.839668424521117
6030 120.6 1.838887311164005
6031 120.62 1.838117329318692
6032 120.64 1.837275849030963
6033 120.66 1.836454774432088
6034 120.68 1.835653619512369
6035 120.7 1.834843763920512
6036 120.72 1.834056661945128
6037 120.74 1.833207275914004
6038 120.76 1.832407970038259
6039 120.78 1.83159984054704
6040 120.8 1.83081391395572
6041 120.82 1.830011580146016
6042 120.84 1.829256971702775
6043 120.86 1.828475542453601
6044 120.88 1.827716378037726
6045 120.9 1.826985555478097
6046 120.92 1.826297049891564
6047 120.94 1.82555818754769
6048 120.96 1.824879436140191
6049 120.98 1.824266499482514
6050 121 1.823564033451578
6051 121.02 1.822984355575162
6052 121.04 1.82237874482043
6053 121.06 1.821754789242944
6054 121.08 1.821144992507613
6055 121.1 1.820618116005632
6056 121.12 1.820126224389535
6057 121.14 1.819651783873454
6058 121.16 1.819242104227942
6059 121.18 1.818824266974457
6060 121.2 1.818422689787602
6061 121.22 1.818098306457408
6062 121.24 1.817721439036661
6063 121.26 1.817386751103413
6064 121.28 1.817043468323668
6065 121.3 1.816711481461124
6066 121.32 1.816347591606778
6067 121.34 1.816084806640721
6068 121.36 1.815842215942383
6069 121.38 1.815645189260765
6070 121.4 1.81553941499366
6071 121.42 1.815423905372569
6072 121.44 1.815406145974237
6073 121.46 1.815285460403465
6074 121.48 1.815346323114596
6075 121.5 1.815321352844786
6076 121.52 1.81535415568252
6077 121.54 1.815452301948115
6078 121.56 1.815549153557491
6079 121.58 1.815634795602019
6080 121.6 1.815794078351429
6081 121.62 1.815956101733144
6082 121.64 1.816234628257346
6083 121.66 1.816521796723086
6084 121.68 1.816874795168133
6085 121.7 1.817242854973544
6086 121.72 1.817628538003885
6087 121.74 1.818044069512623
6088 121.76 1.81848032534226
6089 121.78 1.818979886193035
6090 121.8 1.81952285358417
6091 121.82 1.820073170365585
6092 121.84 1.820639556694497
6093 121.86 1.821219043282513
6094 121.88 1.821865478832706
6095 121.9 1.822523144448807
6096 121.92 1.823253479148777
6097 121.94 1.82398128997566
6098 121.96 1.824694173876307
6099 121.98 1.825481463816249
6100 122 1.826348647408166
6101 122.02 1.827175828761977
6102 122.04 1.828037810635417
6103 122.06 1.828883027029147
6104 122.08 1.829904263489799
6105 122.1 1.830769888248556
6106 122.12 1.831792820455109
6107 122.14 1.832732570278183
6108 122.16 1.833758851845944
6109 122.18 1.834750805205834
6110 122.2 1.835742263398573
6111 122.22 1.836770360961729
6112 122.24 1.837860061440872
6113 122.26 1.838926886062714
6114 122.28 1.839971978771082
6115 122.3 1.841084066900859
6116 122.32 1.842153056999607
6117 122.34 1.843297834194833
6118 122.36 1.844300459597406
6119 122.38 1.845413222439669
6120 122.4 1.846579215873958
6121 122.42 1.847811607537262
6122 122.44 1.848941249565411
6123 122.46 1.850118599658582
6124 122.48 1.851282048079959
6125 122.5 1.852438197060487
6126 122.52 1.853657238950748
6127 122.54 1.854866242793452
6128 122.56 1.855967260947976
6129 122.58 1.857145936574542
6130 122.6 1.858270382272394
6131 122.62 1.859407147213086
6132 122.64 1.860506443018931
6133 122.66 1.861598212549266
6134 122.68 1.862632089077067
6135 122.7 1.863697156335418
6136 122.72 1.864611898004156
6137 122.74 1.865590217119853
6138 122.76 1.866465341099637
6139 122.78 1.867295833355145
6140 122.8 1.868214462234977
6141 122.82 1.868985859199625
6142 122.84 1.869734762626877
6143 122.86 1.870479574328679
6144 122.88 1.871098595788287
6145 122.9 1.871715413008652
6146 122.92 1.872324776783734
6147 122.94 1.872880504128299
6148 122.96 1.873411924175079
6149 122.98 1.873818986324543
6150 123 1.874244651148946
6151 123.02 1.874604472957182
6152 123.04 1.874946379400814
6153 123.06 1.875266797270935
6154 123.08 1.875435666967566
6155 123.1 1.875594691709958
6156 123.12 1.875697133524095
6157 123.14 1.87568788284244
6158 123.16 1.875698678299699
6159 123.18 1.875614270102865
6160 123.2 1.875522242782342
6161 123.22 1.875388483821539
6162 123.24 1.875236230771208
6163 123.26 1.874979572380866
6164 123.28 1.874680103624033
6165 123.3 1.874353590858831
6166 123.32 1.873891546269592
6167 123.34 1.87352292204953
6168 123.36 1.873061341147626
6169 123.38 1.872505380897745
6170 123.4 1.871979330100678
6171 123.42 1.871461012783373
6172 123.44 1.870879089477627
6173 123.46 1.870270476463728
6174 123.48 1.869613035115191
6175 123.5 1.868976721699508
6176 123.52 1.868235751432322
6177 123.54 1.867506398634616
6178 123.56 1.86664144539246
6179 123.58 1.865855008638352
6180 123.6 1.865118764477157
6181 123.62 1.864320485661058
6182 123.64 1.863481346166371
6183 123.66 1.862574611802695
6184 123.68 1.86167679171826
6185 123.7 1.860776616476939
6186 123.72 1.859896581650911
6187 123.74 1.858961876287917
6188 123.76 1.857983759229622
6189 123.78 1.857039807339357
6190 123.8 1.856099867191899
6191 123.82 1.855133796638862
6192 123.84 1.854132704358274
6193 123.86 1.85320420172033
6194 123.88 1.852209730347277
6195 123.9 1.851231820983177
6196 123.92 1.85027169755864
6197 123.94 1.849246409829329
6198 123.96 1.848293121703184
6199 123.98 1.847319554266084
6200 124 1.846365716883717
6201 124.02 1.84535061471024
6202 124.04 1.844416462309197
6203 124.06 1.843494628821987
6204 124.08 1.842549930009544
6205 124.1 1.841599611437423
6206 124.12 1.840655674520475
6207 124.14 1.839706201363641
6208 124.16 1.838791789472328
6209 124.18 1.837900486846882
6210 124.2 1.837000862140135
6211 124.22 1.836118039929082
6212 124.24 1.835252132570646
6213 124.26 1.834408420542474
6214 124.28 1.833596095946518
6215 124.3 1.832777763058839
6216 124.32 1.831981632266259
6217 124.34 1.831160555372659
6218 124.36 1.830406907553694
6219 124.38 1.829669265804957
6220 124.4 1.828941054322516
6221 124.42 1.828259120560813
6222 124.44 1.827592336265573
6223 124.46 1.826936016042824
6224 124.48 1.82633807522457
6225 124.5 1.825725784698275
6226 124.52 1.825168542934242
6227 124.54 1.824652711239342
6228 124.56 1.824168936486376
6229 124.58 1.823662057899221
6230 124.6 1.823246312442122
6231 124.62 1.822842886079134
6232 124.64 1.822466313973693
6233 124.66 1.822051892613899
6234 124.68 1.821678742456282
6235 124.7 1.821421637697639
6236 124.72 1.821120561353189
6237 124.74 1.820823902137591
6238 124.76 1.82062447004958
6239 124.78 1.820485070341654
6240 124.8 1.820387086725849
6241 124.82 1.820343696040132
6242 124.84 1.820275507770582
6243 124.86 1.820329908639115
6244 124.88 1.820391681497959
6245 124.9 1.820376201102823
6246 124.92 1.820378480923829
6247 124.94 1.8203837958406
6248 124.96 1.82050619393003
6249 124.98 1.820636019559967
6250 125 1.820776482787259
6251 125.02 1.821027023278599
6252 125.04 1.821203284866928
6253 125.06 1.821508360394029
6254 125.08 1.821763457833488
6255 125.1 1.822091204090784
6256 125.12 1.822425794085829
6257 125.14 1.822784782585049
6258 125.16 1.823212922249643
6259 125.18 1.82370599559466
6260 125.2 1.824204939906905
6261 125.22 1.824696231628593
6262 125.24 1.825233635070387
6263 125.26 1.825845632455521
6264 125.28 1.826434442977274
6265 125.3 1.827019519723725
6266 125.32 1.827740551067893
6267 125.34 1.828412223031944
6268 125.36 1.829161762697233
6269 125.38 1.829895929590786
6270 125.4 1.830688894123145
6271 125.42 1.831539923704532
6272 125.44 1.832296634342711
6273 125.46 1.833132730748308
6274 125.48 1.834000271084664
6275 125.5 1.83492058997237
6276 125.52 1.835797505779226
6277 125.54 1.83669615702755
6278 125.56 1.83764552403567
6279 125.58 1.838583322535368
6280 125.6 1.839570342624956
6281 125.62 1.840572381250285
6282 125.64 1.84149473789687
6283 125.66 1.842515427669251
6284 125.68 1.843604408999364
6285 125.7 1.844667934223273
6286 125.72 1.845750060249311
6287 125.74 1.846802240912527
6288 125.76 1.847890558668646
6289 125.78 1.848982583140526
6290 125.8 1.850126257062058
6291 125.82 1.851202782779932
6292 125.84 1.85235102954656
6293 125.86 1.85343561304903
6294 125.88 1.854555583331179
6295 125.9 1.855702611923809
6296 125.92 1.856812892854545
6297 125.94 1.857997025252539
6298 125.96 1.859078137032568
6299 125.98 1.86016167184772
6300 126 1.861267941268976
6301 126.02 1.862290500709832
6302 126.04 1.863415992521174
6303 126.06 1.864564231294085
6304 126.08 1.865632920759952
6305 126.1 1.866712457878735
6306 126.12 1.867808546886486
6307 126.14 1.868822381317082
6308 126.16 1.869836232646706
6309 126.18 1.870868373309929
6310 126.2 1.871764369559278
6311 126.22 1.872760076534374
6312 126.24 1.873658472507097
6313 126.26 1.874602566576683
6314 126.28 1.875546896985086
6315 126.3 1.876418595627328
6316 126.32 1.877272099963395
6317 126.34 1.87809829109573
6318 126.36 1.878814733510074
6319 126.38 1.879503577576392
6320 126.4 1.880227057474507
6321 126.42 1.880846893489158
6322 126.44 1.881454143991783
6323 126.46 1.882022834767556
6324 126.48 1.88246023603884
6325 126.5 1.882966665674665
6326 126.52 1.883297395943346
6327 126.54 1.883662177198675
6328 126.56 1.883948375264764
6329 126.58 1.884167680844006
6330 126.6 1.884323743198305
6331 126.62 1.884477437831491
6332 126.64 1.88460081212267
6333 126.66 1.884610950882605
6334 126.68 1.884544707973761
6335 126.7 1.884464827781821
6336 126.72 1.884449002372027
6337 126.74 1.884221744875585
6338 126.76 1.883933750535945
6339 126.78 1.883597588997285
6340 126.8 1.883234323170631
6341 126.82 1.882816778578582
6342 126.84 1.882388120857039
6343 126.86 1.881837874836532
6344 126.88 1.881278403270734
6345 126.9 1.880688394745334
6346 126.92 1.880014294420951
6347 126.94 1.879346914969694
6348 126.96 1.878510613474985
6349 126.98 1.877704812233229
6350 127 1.876868874463301
6351 127.02 1.876100942676453
6352 127.04 1.875262369226437
6353 127.06 1.874332511271399
6354 127.08 1.87338828093152
6355 127.1 1.872379408687763
6356 127.12 1.871423476950832
6357 127.14 1.870365729904432
6358 127.16 1.869295741813371
6359 127.18 1.868139504700406
6360 127.2 1.867142306803889
6361 127.22 1.866008913063095
6362 127.24 1.864900219218655
6363 127.26 1.863674616788879
6364 127.28 1.862489306371172
6365 127.3 1.861298284926056
6366 127.32 1.860086466016112
6367 127.34 1.858867544375402
6368 127.36 1.857572056791878
6369 127.38 1.856307291843882
6370 127.4 1.855058895658938
6371 127.42 1.85382737314009
6372 127.44 1.852535775919457
6373 127.46 1.851250626643352
6374 127.48 1.850012785989589
6375 127.5 1.848815088178748
6376 127.52 1.847526506970097
6377 127.54 1.846309065133572
6378 127.56 1.845151405910731
6379 127.58 1.843956402957409
6380 127.6 1.842743921656378
6381 127.62 1.841625095922315
6382 127.64 1.840496556766075
6383 127.66 1.839418830148892
6384 127.68 1.838298113575919
6385 127.7 1.837221270533988
6386 127.72 1.836138002712403
6387 127.74 1.835071330612427
6388 127.76 1.834022347944242
6389 127.78 1.833039619940039
6390 127.8 1.832135279850547
6391 127.82 1.83119581611093
6392 127.84 1.830315375589611
6393 127.86 1.829405041002115
6394 127.88 1.828585736611043
6395 127.9 1.827741123943709
6396 127.92 1.826931865730847
6397 127.94 1.826192007292825
6398 127.96 1.825372110838503
6399 127.98 1.824648091925051
6400 128 1.823923650941538
6401 128.02 1.823200151098588
6402 128.04 1.822582960874309
6403 128.06 1.821980500472919
6404 128.08 1.82132523633056
6405 128.1 1.820801875019253
6406 128.12 1.820315409977768
6407 128.14 1.819894062789927
6408 128.16 1.819431966902511
6409 128.18 1.819015554483702
6410 128.2 1.818668778298342
6411 128.22 1.818361384021677
6412 128.24 1.818092050252364
6413 128.26 1.817833895882781
6414 128.28 1.817620639976419
6415 128.3 1.817443982656969
6416 128.32 1.81730856167023
6417 128.34 1.817238985466743
6418 128.36 1.817185905188497
6419 128.38 1.81711453574667
6420 128.4 1.817108428097149
6421 128.42 1.817173364633361
6422 128.44 1.817223610229726
6423 128.46 1.817338494039763
6424 128.48 1.817535888308045
6425 128.5 1.817769166525148
6426 128.52 1.818053312671668
6427 128.54 1.818317293692949
6428 128.56 1.818688603771478
6429 128.58 1.818926184673987
6430 128.6 1.819258686304281
6431 128.62 1.819584312211494
6432 128.64 1.819960079040701
6433 128.66 1.820395724876743
6434 128.68 1.820868999107762
6435 128.7 1.821396640461333
6436 128.72 1.821978007933895
6437 128.74 1.822440800105962
6438 128.76 1.82304551413464
6439 128.78 1.823615436045906
6440 128.8 1.824245133540237
6441 128.82 1.824863264738257
6442 128.84 1.825559924552221
6443 128.86 1.826299059479457
6444 128.88 1.827022957020895
6445 128.9 1.827802830215975
6446 128.92 1.828667202430239
6447 128.94 1.829443793711503
6448 128.96 1.830217775958207
6449 128.98 1.831106459890713
6450 129 1.832003295834348
6451 129.02 1.832963375922015
6452 129.04 1.833953754791696
6453 129.06 1.83487554368992
6454 129.08 1.835911837250783
6455 129.1 1.836859938011732
6456 129.12 1.837845974931201
6457 129.14 1.83889271464061
6458 129.16 1.839846697497334
6459 129.18 1.840922424985606
6460 129.2 1.841985825698673
6461 129.22 1.843032688980826
6462 129.24 1.84418958997784
6463 129.26 1.845238586493037
6464 129.28 1.846317086618188
6465 129.3 1.84741947175451
6466 129.32 1.848542792549438
6467 129.34 1.84965518661376
6468 129.36 1.850781992182051
6469 129.38 1.851920881472844
6470 129.4 1.853136571069605
6471 129.42 1.854272538738745
6472 129.44 1.855504040546164
6473 129.46 1.856573715488525
6474 129.48 1.857742433670623
6475 129.5 1.858899422507708
6476 129.52 1.860061996940374
6477 129.54 1.861264209407482
6478 129.56 1.862365423390832
6479 129.58 1.863468692929941
6480 129.6 1.864632234872003
6481 129.62 1.865737402429477
6482 129.64 1.866746981086888
6483 129.66 1.867820865135086
6484 129.68 1.868807207867391
6485 129.7 1.869923606038185
6486 129.72 1.871041901199572
6487 129.74 1.87207373777516
6488 129.76 1.873102369987876
6489 129.78 1.874087650591561
6490 129.8 1.875058652929302
6491 129.82 1.876010668879364
6492 129.84 1.876943755196557
6493 129.86 1.87782693502209
6494 129.88 1.878712412592482
6495 129.9 1.879521227960869
6496 129.92 1.880336193471367
6497 129.94 1.881126971297298
6498 129.96 1.881910230881438
6499 129.98 1.882583165328235
6500 130 1.88327920502943
6501 130.02 1.883929902160074
6502 130.04 1.884554057338526
6503 130.06 1.885224060840001
6504 130.08 1.885718573451285
6505 130.1 1.8862090413691
6506 130.12 1.886689232985815
6507 130.14 1.887068894829936
6508 130.16 1.887400334788569
6509 130.18 1.887636044817298
6510 130.2 1.88784928285882
6511 130.22 1.888111636165722
6512 130.24 1.888198628855788
6513 130.26 1.888289146705851
6514 130.28 1.888224866507257
6515 130.3 1.888212317948438
6516 130.32 1.888189698541953
6517 130.34 1.887902475332755
6518 130.36 1.887744437840206
6519 130.38 1.887456788468179
6520 130.4 1.887149609723503
6521 130.42 1.886658465278409
6522 130.44 1.886239201427652
6523 130.46 1.885691136417058
6524 130.48 1.885168827067032
6525 130.5 1.884591981813512
6526 130.52 1.883900352965681
6527 130.54 1.883133121967071
6528 130.56 1.882345922922753
6529 130.58 1.881524241477535
6530 130.6 1.880601497266132
6531 130.62 1.879730865297741
6532 130.64 1.878727589637274
6533 130.66 1.877717039528247
6534 130.68 1.87676051805019
6535 130.7 1.875689733132578
6536 130.72 1.874700574334743
6537 130.74 1.873611382684372
6538 130.76 1.872460679898414
6539 130.78 1.871290737287422
6540 130.8 1.870062089410319
6541 130.82 1.86885117268485
6542 130.84 1.867509576932491
6543 130.86 1.866343381321882
6544 130.88 1.86511216861257
6545 130.9 1.863782398677404
6546 130.92 1.862449155995124
6547 130.94 1.861027892315469
6548 130.96 1.859652239707658
6549 130.98 1.858308108929257
6550 131 1.856897203119833
6551 131.02 1.855557628458103
6552 131.04 1.854075421804854
6553 131.06 1.852646280726409
6554 131.08 1.851287064757196
6555 131.1 1.849911075486364
6556 131.12 1.848413824446443
6557 131.14 1.847074361038592
6558 131.16 1.845657999586527
6559 131.18 1.844265062458558
6560 131.2 1.842899766697339
6561 131.22 1.841553853710125
6562 131.24 1.840308980138171
6563 131.26 1.838962823086086
6564 131.28 1.837711129021856
6565 131.3 1.836441998391747
6566 131.32 1.8352312234061
6567 131.34 1.834015377737574
6568 131.36 1.832853712067582
6569 131.38 1.831757446065131
6570 131.4 1.830664229543075
6571 131.42 1.829609709581254
6572 131.44 1.828520052870854
6573 131.46 1.827544416283919
6574 131.48 1.82651609420814
6575 131.5 1.825624429784866
6576 131.52 1.824653241097895
6577 131.54 1.823832732944426
6578 131.56 1.823027837967135
6579 131.58 1.822247505539306
6580 131.6 1.821463567659069
6581 131.62 1.820681026300614
6582 131.64 1.820005817444164
6583 131.66 1.81927660027795
6584 131.68 1.818636439847339
6585 131.7 1.817975388954383
6586 131.72 1.817431039454297
6587 131.74 1.816892955711002
6588 131.76 1.816397068553458
6589 131.78 1.81589093008895
6590 131.8 1.815498080614146
6591 131.82 1.815142873831471
6592 131.84 1.814815988110936
6593 131.86 1.814558442957989
6594 131.88 1.814281237387577
6595 131.9 1.814081350385316
6596 131.92 1.813947983842729
6597 131.94 1.813818087520654
6598 131.96 1.81372492062044
6599 131.98 1.813672093404915
6600 132 1.813709325561905
6601 132.02 1.813726407852895
6602 132.04 1.813746602372261
6603 132.06 1.813878752384445
6604 132.08 1.814034056302857
6605 132.1 1.814212004076289
6606 132.12 1.814409879411019
6607 132.14 1.81468862283455
6608 132.16 1.815012614187886
6609 132.18 1.815394212054403
6610 132.2 1.81581241671739
6611 132.22 1.81635370640094
6612 132.24 1.816699619708933
6613 132.26 1.817149493675049
6614 132.28 1.817597136587614
6615 132.3 1.818143857489866
6616 132.32 1.818635432399796
6617 132.34 1.81922147497131
6618 132.36 1.819808457235659
6619 132.38 1.820408037839841
6620 132.4 1.821041709948167
6621 132.42 1.821767034250929
6622 132.44 1.822477595941346
6623 132.46 1.823277996086154
6624 132.48 1.823977092027897
6625 132.5 1.824751611132295
6626 132.52 1.825583791533348
6627 132.54 1.826440912677771
6628 132.56 1.827250472714459
6629 132.58 1.828183127961019
6630 132.6 1.829065804133453
6631 132.62 1.830029338701093
6632 132.64 1.831025793325253
6633 132.66 1.831994722849416
6634 132.68 1.832999069027277
6635 132.7 1.833999189478495
6636 132.72 1.835006468202393
6637 132.74 1.836065901050999
6638 132.76 1.837096078927096
6639 132.78 1.838218368692829
6640 132.8 1.839352820185042
6641 132.82 1.840384006662395
6642 132.84 1.841448735613817
6643 132.86 1.842555220042177
6644 132.88 1.843731109968149
6645 132.9 1.844838988409343
6646 132.92 1.845962475956631
6647 132.94 1.847065962233363
6648 132.96 1.848233070696153
6649 132.98 1.849434064126214
6650 133 1.850614553191553
6651 133.02 1.85178482945207
6652 133.04 1.852878625427923
6653 133.06 1.854040698635385
6654 133.08 1.85526908602009
6655 133.1 1.856472112797686
6656 133.12 1.85764577236288
6657 133.14 1.85884608080076
6658 133.16 1.859965594432404
6659 133.18 1.861192928662416
6660 133.2 1.862336384773391
6661 133.22 1.863488686310099
6662 133.24 1.864631782652759
6663 133.26 1.865755600539245
6664 133.28 1.866898169368795
6665 133.3 1.867956086080026
6666 133.32 1.869081350048826
6667 133.34 1.870141552812005
6668 133.36 1.871211991590139
6669 133.38 1.872148762302167
6670 133.4 1.873190469709531
6671 133.42 1.874204061941144
6672 133.44 1.87519227884122
6673 133.46 1.876159421812936
6674 133.48 1.877166877660705
6675 133.5 1.878018021503803
6676 133.52 1.878954102156482
6677 133.54 1.879772176865673
6678 133.56 1.880578737851524
6679 133.58 1.881379760832603
6680 133.6 1.882080013755883
6681 133.62 1.882829330482762
6682 133.64 1.883528385514422
6683 133.66 1.884132875053739
6684 133.68 1.884754055292845
6685 133.7 1.885411662271911
6686 133.72 1.885934911052343
6687 133.74 1.886504155566366
6688 133.76 1.887045258301894
6689 133.78 1.887443389186935
6690 133.8 1.887814108586055
6691 133.82 1.888177287324985
6692 133.84 1.888447819216393
6693 133.86 1.888648859197492
6694 133.88 1.888846964729613
6695 133.9 1.889005231908512
6696 133.92 1.889025254685474
6697 133.94 1.889013696752419
6698 133.96 1.888984141151192
6699 133.98 1.888888946073886
6700 134 1.888756222066422
6701 134.02 1.888493097296586
6702 134.04 1.888211303717587
6703 134.06 1.887927528140789
6704 134.08 1.887557497683852
6705 134.1 1.887041911253929
6706 134.12 1.886494748988543
6707 134.14 1.885855152943105
6708 134.16 1.885239779303377
6709 134.18 1.884604125773568
6710 134.2 1.883816745043684
6711 134.22 1.883052614521551
6712 134.24 1.882157955744554
6713 134.26 1.881255519786617
6714 134.28 1.880303654423521
6715 134.3 1.879322931968488
6716 134.32 1.878256340222173
6717 134.34 1.877233778894301
6718 134.36 1.876152852447451
6719 134.38 1.875073882164564
6720 134.4 1.874004402451352
6721 134.42 1.872837009009176
6722 134.44 1.871609598175755
6723 134.46 1.870373537498535
6724 134.48 1.869119458328866
6725 134.5 1.86781140645562
6726 134.52 1.866466480810587
6727 134.54 1.865225785386647
6728 134.56 1.863891529573866
6729 134.58 1.862527306958284
6730 134.6 1.861108382314682
6731 134.62 1.859665519299902
6732 134.64 1.858182833684449
6733 134.66 1.85679131648526
6734 134.68 1.855346289966473
6735 134.7 1.853894424648699
6736 134.72 1.852409561934727
6737 134.74 1.850939927181963
6738 134.76 1.849419859399171
6739 134.78 1.847958021614048
6740 134.8 1.846476404813674
6741 134.82 1.845026631158872
6742 134.84 1.843580971441165
6743 134.86 1.842141602587418
6744 134.88 1.840687665957661
6745 134.9 1.839314334799913
6746 134.92 1.837982166121925
6747 134.94 1.836669084492371
6748 134.96 1.835352773390973
6749 134.98 1.834066162363521
6750 135 1.83281542874304
6751 135.02 1.831565909184973
6752 135.04 1.83039288813128
6753 135.06 1.829281323296909
6754 135.08 1.828119176954021
6755 135.1 1.826971633160009
6756 135.12 1.825902593484551
6757 135.14 1.824870272396909
6758 135.16 1.823915108831955
6759 135.18 1.82300175191614
6760 135.2 1.822038524385576
6761 135.22 1.821181402051064
6762 135.24 1.820376416871498
6763 135.26 1.81955829967291
6764 135.28 1.818849608144411
6765 135.3 1.818119321989566
6766 135.32 1.817434200065468
6767 135.34 1.816758460905598
6768 135.36 1.81608604551399
6769 135.38 1.815488939069488
6770 135.4 1.814906842098159
6771 135.42 1.814395315108053
6772 135.44 1.813910378684804
6773 135.46 1.813465907033746
6774 135.48 1.813116091779154
6775 135.5 1.812769310838438
6776 135.52 1.812420003266124
6777 135.54 1.812174405488109
6778 135.56 1.811988712499436
6779 135.58 1.811837137802641
6780 135.6 1.811710519230836
6781 135.62 1.811616418841591
6782 135.64 1.811623994110356
6783 135.66 1.81161866048002
6784 135.68 1.811663980790568
6785 135.7 1.811735942417909
6786 135.72 1.811872522082757
6787 135.74 1.812006475678219
6788 135.76 1.812218863545501
6789 135.78 1.81239244104718
6790 135.8 1.81262857334228
6791 135.82 1.812973428398985
6792 135.84 1.813408252262763
6793 135.86 1.813819313240771
6794 135.88 1.814290401298708
6795 135.9 1.81478415779826
6796 135.92 1.815325722420285
6797 135.94 1.815829675899129
6798 135.96 1.81626694684842
6799 135.98 1.816803557057918
6800 136 1.817390840541947
6801 136.02 1.818007575938751
6802 136.04 1.818677495587589
6803 136.06 1.81941829662711
6804 136.08 1.820138460242117
6805 136.1 1.820850544745387
6806 136.12 1.821630833928168
6807 136.14 1.822378631704777
6808 136.16 1.823144805936715
6809 136.18 1.823945417937217
6810 136.2 1.824698531500732
6811 136.22 1.825622054921417
6812 136.24 1.8265397816597
6813 136.26 1.827595945755316
6814 136.28 1.828551497144723
6815 136.3 1.829463473998871
6816 136.32 1.830448730458054
6817 136.34 1.831445048328327
6818 136.36 1.832414368540693
6819 136.38 1.833551069215545
6820 136.4 1.834527246868413
6821 136.42 1.835662391260633
6822 136.44 1.836773414600448
6823 136.46 1.837855664227558
6824 136.48 1.839018588788456
6825 136.5 1.840167220344754
6826 136.52 1.841130630303001
6827 136.54 1.842308666082266
6828 136.56 1.843479329346167
6829 136.58 1.844650889010297
6830 136.6 1.845807867058866
6831 136.62 1.846959979071327
6832 136.64 1.848110303283258
6833 136.66 1.849328139831661
6834 136.68 1.850493681967543
6835 136.7 1.851656543296847
6836 136.72 1.852823302251063
6837 136.74 1.854010470752477
6838 136.76 1.855184749958037
6839 136.78 1.856418283151064
6840 136.8 1.857599453355592
6841 136.82 1.858808771756803
6842 136.84 1.860030387141657
6843 136.86 1.861203798167977
6844 136.88 1.8622857368885
6845 136.9 1.863502349911339
6846 136.92 1.86465791693057
6847 136.94 1.865811662862477
6848 136.96 1.866876841398146
6849 136.98 1.867964813056922
6850 137 1.869060182033659
6851 137.02 1.870115499079364
6852 137.04 1.871205875603691
6853 137.06 1.872117954656592
6854 137.08 1.873146309056289
6855 137.1 1.874249449253294
6856 137.12 1.875179658404145
6857 137.14 1.876162705098969
6858 137.16 1.877084800122403
6859 137.18 1.877965566321032
6860 137.2 1.878909001775361
6861 137.22 1.879749904884915
6862 137.24 1.880550458388982
6863 137.26 1.881367663843408
6864 137.28 1.882081382510261
6865 137.3 1.882795107526912
6866 137.32 1.883503286338901
6867 137.34 1.884140261082988
6868 137.36 1.884763046568953
6869 137.38 1.885346699291742
6870 137.4 1.885895948658054
6871 137.42 1.886467984716266
6872 137.44 1.886940301332132
6873 137.46 1.887430884149657
6874 137.48 1.887829514014394
6875 137.5 1.88813000066123
6876 137.52 1.888433992947129
6877 137.54 1.888608748558174
6878 137.56 1.888849516321796
6879 137.58 1.888966514980662
6880 137.6 1.889023456660895
6881 137.62 1.888967774501313
6882 137.64 1.888949481552177
6883 137.66 1.888838259268979
6884 137.68 1.888690601455064
6885 137.7 1.888462477087931
6886 137.72 1.88825037306216
6887 137.74 1.887871140408744
6888 137.76 1.887489949504282
6889 137.78 1.887002879952963
6890 137.8 1.886399738230254
6891 137.82 1.88586216006218
6892 137.84 1.885241122840057
6893 137.86 1.884558455643423
6894 137.88 1.883841991091534
6895 137.9 1.882995940101555
6896 137.92 1.882146295749967
6897 137.94 1.881175894840591
6898 137.96 1.880234521006879
6899 137.98 1.879256553892322
6900 138 1.878199789122618
6901 138.02 1.877112775010219
6902 138.04 1.876010910684387
6903 138.06 1.874908411554177
6904 138.08 1.873772586093795
6905 138.1 1.872634632511431
6906 138.12 1.871426809408389
6907 138.14 1.870158498723063
6908 138.16 1.86890009727682
6909 138.18 1.867593419716781
6910 138.2 1.866207719622431
6911 138.22 1.864929576584266
6912 138.24 1.86359899595163
6913 138.26 1.862219795609651
6914 138.28 1.860790038878274
6915 138.3 1.859349075619068
6916 138.32 1.857873527613536
6917 138.34 1.856396066159919
6918 138.36 1.854879926188446
6919 138.38 1.85345997732433
6920 138.4 1.851965491626825
6921 138.42 1.850451093923289
6922 138.44 1.848990556219653
6923 138.46 1.847528874382051
6924 138.48 1.845997503040142
6925 138.5 1.844536906905042
6926 138.52 1.843049090080472
6927 138.54 1.841600336588886
6928 138.56 1.840162932885641
6929 138.58 1.838708517200723
6930 138.6 1.837366752226699
6931 138.62 1.83596514126084
6932 138.64 1.834649167116593
6933 138.66 1.833307521948591
6934 138.68 1.83204610709528
6935 138.7 1.830790279816232
6936 138.72 1.82954950818432
6937 138.74 1.828421770333151
6938 138.76 1.827257567043021
6939 138.78 1.826178168326321
6940 138.8 1.825047027330753
6941 138.82 1.824064622163859
6942 138.84 1.822958789063885
6943 138.86 1.822028500235124
6944 138.88 1.821114191567541
6945 138.9 1.820207857201812
6946 138.92 1.81935251946759
6947 138.94 1.81857173061714
6948 138.96 1.817790232411177
6949 138.98 1.817082342472825
6950 139 1.816403271419929
6951 139.02 1.815719921825286
6952 139.04 1.815105558451111
6953 139.06 1.814447334841863
6954 139.08 1.81385511459594
6955 139.1 1.813390998288385
6956 139.12 1.812864479171105
6957 139.14 1.812446007807112
6958 139.16 1.812040032004933
6959 139.18 1.811727082157039
6960 139.2 1.811377021489951
6961 139.22 1.811167948401589
6962 139.24 1.811001991862541
6963 139.26 1.810807532174451
6964 139.28 1.810686413939199
6965 139.3 1.810608192823683
6966 139.32 1.8106030712634
6967 139.34 1.81061501161637
6968 139.36 1.810616879077545
6969 139.38 1.810727093415206
6970 139.4 1.810822470071287
6971 139.42 1.810965399728557
6972 139.44 1.811152667383609
6973 139.46 1.811404814440826
6974 139.48 1.811700894845939
6975 139.5 1.81200806613088
6976 139.52 1.81235193417906
6977 139.54 1.81280894162975
6978 139.56 1.81327287090836
6979 139.58 1.813781594378505
6980 139.6 1.814343758955588
6981 139.62 1.814811106120004
6982 139.64 1.815332470449269
6983 139.66 1.815900983074139
6984 139.68 1.816512066994185
6985 139.7 1.817131921837958
6986 139.72 1.817786385670235
6987 139.74 1.818475710079986
6988 139.76 1.819130586043932
6989 139.78 1.819910598757425
6990 139.8 1.820675322474884
6991 139.82 1.821449333185338
6992 139.84 1.822282569762864
6993 139.86 1.823120716410926
6994 139.88 1.823972935936419
6995 139.9 1.824847381582025
6996 139.92 1.825799376719605
6997 139.94 1.826721519468709
6998 139.96 1.827671506889468
6999 139.98 1.828589382565204
7000 140 1.829604552039556
7001 140.02 1.830677872210073
7002 140.04 1.831728180466384
7003 140.06 1.832799969026275
7004 140.08 1.833775496606895
7005 140.1 1.834895377972401
7006 140.12 1.836043259598179
7007 140.14 1.837066981547292
7008 140.16 1.838208666783621
7009 140.18 1.839387028532059
7010 140.2 1.840442251353242
7011 140.22 1.841632450816044
7012 140.24 1.842764047687943
7013 140.26 1.843993920891609
7014 140.28 1.845090287813776
7015 140.3 1.846211614210328
7016 140.32 1.847401699126056
7017 140.34 1.848544543316029
7018 140.36 1.849812118626925
7019 140.38 1.850985708007862
7020 140.4 1.852121940531196
7021 140.42 1.853274969530051
7022 140.44 1.854493644670367
7023 140.46 1.855675784912204
7024 140.48 1.856885627732612
7025 140.5 1.858087012247795
7026 140.52 1.859282962457276
7027 140.54 1.860467013462159
7028 140.56 1.861678558233796
7029 140.58 1.862792264888268
7030 140.6 1.863949798547955
7031 140.62 1.865106706255893
7032 140.64 1.866215502763911
7033 140.66 1.867325152340223
7034 140.68 1.868382598868468
7035 140.7 1.869473284766354
7036 140.72 1.870567834699103
7037 140.74 1.871615645852656
7038 140.76 1.872510212311771
7039 140.78 1.87351566535728
7040 140.8 1.874546377766245
7041 140.82 1.875476535465537
7042 140.84 1.876504276940123
7043 140.86 1.877367515304495
7044 140.88 1.878275389906694
7045 140.9 1.879143154318437
7046 140.92 1.879955936906188
7047 140.94 1.880744440578503
7048 140.96 1.88150447447203
7049 140.98 1.88223227006708
7050 141 1.882906280000409
7051 141.02 1.883560622511265
7052 141.04 1.884127124964188
7053 141.06 1.884739036714534
7054 141.08 1.885325584113463
7055 141.1 1.885890987010678
7056 141.12 1.886397702316927
7057 141.14 1.886873323708337
7058 141.16 1.887243008248972
7059 141.18 1.887604917206769
7060 141.2 1.887977928768624
7061 141.22 1.888178112988599
7062 141.24 1.888385242715178
7063 141.26 1.888540836953174
7064 141.28 1.888627550944632
7065 141.3 1.888676912856724
7066 141.32 1.888595694442853
7067 141.34 1.888519771622434
7068 141.36 1.888437518996869
7069 141.38 1.888238555746419
7070 141.4 1.888007772065235
7071 141.42 1.887747549175701
7072 141.44 1.887383041252743
7073 141.46 1.886907333673604
7074 141.48 1.886383976036169
7075 141.5 1.885800934204067
7076 141.52 1.885199112363811
7077 141.54 1.884506920505737
7078 141.56 1.883831205738778
7079 141.58 1.88300655061263
7080 141.6 1.882203227601409
7081 141.62 1.881272794547814
7082 141.64 1.880334029220248
7083 141.66 1.879375350875637
7084 141.68 1.878340911887537
7085 141.7 1.877275782719568
7086 141.72 1.876161700158288
7087 141.74 1.875113410247209
7088 141.76 1.873983256681936
7089 141.78 1.872806977140405
7090 141.8 1.871677584468685
7091 141.82 1.870431312044566
7092 141.84 1.869157704588563
7093 141.86 1.867885106910707
7094 141.88 1.866548368058646
7095 141.9 1.865242404942374
7096 141.92 1.863909441265491
7097 141.94 1.862573935595251
7098 141.96 1.861174572293861
7099 141.98 1.859681308155676
7100 142 1.858209212634951
7101 142.02 1.856757705902203
7102 142.04 1.855307362917265
7103 142.06 1.853835569120633
7104 142.08 1.852391452012509
7105 142.1 1.850877156445943
7106 142.12 1.849371059022594
7107 142.14 1.847852883053717
7108 142.16 1.846361979057183
7109 142.18 1.844893571769187
7110 142.2 1.843386043555452
7111 142.22 1.841931423978183
7112 142.24 1.84048542690625
7113 142.26 1.839031906643474
7114 142.28 1.837598107989042
7115 142.3 1.836255641895618
7116 142.32 1.834928854268469
7117 142.34 1.83359973590086
7118 142.36 1.832318217632716
7119 142.38 1.831068304783484
7120 142.4 1.829808257279065
7121 142.42 1.82862400049582
7122 142.44 1.827498696779214
7123 142.46 1.826339719016356
7124 142.48 1.825192179292609
7125 142.5 1.824096677842173
7126 142.52 1.823092924981457
7127 142.54 1.82213830317099
7128 142.56 1.821181179339755
7129 142.58 1.820280823830264
7130 142.6 1.819424239872967
7131 142.62 1.818621913550293
7132 142.64 1.817807637494234
7133 142.66 1.817087152384545
7134 142.68 1.816404053747469
7135 142.7 1.815718649596324
7136 142.72 1.815039682346378
7137 142.74 1.814395572957912
7138 142.76 1.813822043730776
7139 142.78 1.813235601232863
7140 142.8 1.812770914657944
7141 142.82 1.812266931392713
7142 142.84 1.811875655177183
7143 142.86 1.811541661877694
7144 142.88 1.811211897500768
7145 142.9 1.810878980135508
7146 142.92 1.810654498549107
7147 142.94 1.810504851593175
7148 142.96 1.810379599023217
7149 142.98 1.810301086385452
7150 143 1.810210165173923
7151 143.02 1.810232194700552
7152 143.04 1.810262556525775
7153 143.06 1.810328786597794
7154 143.08 1.810449061319405
7155 143.1 1.810579077953995
7156 143.12 1.810785222449317
7157 143.14 1.810981899272066
7158 143.16 1.811202497462015
7159 143.18 1.811485291651645
7160 143.2 1.811820650692313
7161 143.22 1.81228561133278
7162 143.24 1.812735077356834
7163 143.26 1.813238042900954
7164 143.28 1.813723453904714
7165 143.3 1.814304019792255
7166 143.32 1.814827722684693
7167 143.34 1.815301463503868
7168 143.36 1.815876404632754
7169 143.38 1.816471347503977
7170 143.4 1.817107358223042
7171 143.42 1.817823427694526
7172 143.44 1.818546554074548
7173 143.46 1.819334502469297
7174 143.48 1.820050210934731
7175 143.5 1.82086240975136
7176 143.52 1.821619137474472
7177 143.54 1.822430150781085
7178 143.56 1.823208075130366
7179 143.58 1.824011587534283
7180 143.6 1.824967797701522
7181 143.62 1.825855478974481
7182 143.64 1.826975567131307
7183 143.66 1.827899118304564
7184 143.68 1.828885982267453
7185 143.7 1.829905432283253
7186 143.72 1.830816272116532
7187 143.74 1.831894430783499
7188 143.76 1.833000086675308
7189 143.78 1.834010246202915
7190 143.8 1.83511772563967
7191 143.82 1.836276964179326
7192 143.84 1.837358676070508
7193 143.86 1.838549338007855
7194 143.88 1.839658786688017
7195 143.9 1.84069338493003
7196 143.92 1.841841742091129
7197 143.94 1.843041636218687
7198 143.96 1.844194166768452
7199 143.98 1.845368792031893
7200 144 1.846542384953358
7201 144.02 1.847703933483313
7202 144.04 1.848899013684148
7203 144.06 1.850097244592632
7204 144.08 1.851239682175227
7205 144.1 1.852415138867732
7206 144.12 1.853560797035663
7207 144.14 1.854812433584559
7208 144.16 1.856001122016522
7209 144.18 1.857202413632157
7210 144.2 1.858414737225081
7211 144.22 1.859636705957175
7212 144.24 1.86080491852556
7213 144.26 1.861900450518596
7214 144.28 1.863137796201448
7215 144.3 1.864232277966593
7216 144.32 1.865420923310354
7217 144.34 1.866499898620548
7218 144.36 1.867589595468522
7219 144.38 1.868651313233749
7220 144.4 1.869760011306981
7221 144.42 1.870792651969129
7222 144.44 1.871834991290547
7223 144.46 1.872763140462518
7224 144.48 1.873833917183036
7225 144.5 1.874808799249541
7226 144.52 1.875724633712602
7227 144.54 1.876685437772496
7228 144.56 1.877553541320105
7229 144.58 1.878479943086582
7230 144.6 1.879307738916866
7231 144.62 1.88014026677881
7232 144.64 1.880924465627383
7233 144.66 1.881723406433162
7234 144.68 1.882361386834291
7235 144.7 1.88307084835067
7236 144.72 1.88368755458461
7237 144.74 1.884309933076584
7238 144.76 1.884928055875343
7239 144.78 1.885399660746829
7240 144.8 1.886023012676935
7241 144.82 1.886539650612574
7242 144.84 1.88696912799451
7243 144.86 1.887404695078223
7244 144.88 1.887651940145682
7245 144.9 1.887987896630221
7246 144.92 1.888184648496409
7247 144.94 1.888391456131725
7248 144.96 1.88850192040395
7249 144.98 1.888566393781082
7250 145 1.88856452187538
7251 145.02 1.888523140046993
7252 145.04 1.888407917898129
7253 145.06 1.888273721266321
7254 145.08 1.888025434454713
7255 145.1 1.887873823709028
7256 145.12 1.887449537663964
7257 145.14 1.8870636562356
7258 145.16 1.886606522208857
7259 145.18 1.886011457882487
7260 145.2 1.885478017553157
7261 145.22 1.884839229919385
7262 145.24 1.884176075198574
7263 145.26 1.883405695380625
7264 145.28 1.882632080202728
7265 145.3 1.881741807332899
7266 145.32 1.880813706671392
7267 145.34 1.879864422563088
7268 145.36 1.878878535022279
7269 145.38 1.87777065868667
7270 145.4 1.876704329346004
7271 145.42 1.875651318826474
7272 145.44 1.874520534077353
7273 145.46 1.873368676672546
7274 145.48 1.872254029415516
7275 145.5 1.871050730866934
7276 145.52 1.869763627537834
7277 145.54 1.868506505699455
7278 145.56 1.867216329518595
7279 145.58 1.865828221251008
7280 145.6 1.86456076878821
7281 145.62 1.863208466267722
7282 145.64 1.861841885171817
7283 145.66 1.860398396615225
7284 145.68 1.858969643083329
7285 145.7 1.857479483879645
7286 145.72 1.85598957066124
7287 145.74 1.854509014669346
7288 145.76 1.853132414454012
7289 145.78 1.851610102872499
7290 145.8 1.850100308137096
7291 145.82 1.848625112224083
7292 145.84 1.847162151686504
7293 145.86 1.845631568894668
7294 145.88 1.84416783329256
7295 145.9 1.842667926579894
7296 145.92 1.84124764936206
7297 145.94 1.839780038351956
7298 145.96 1.838296723242223
7299 145.98 1.83695343471328
7300 146 1.835586637296367
7301 146.02 1.834218121935636
7302 146.04 1.832894146845661
7303 146.06 1.831608670432977
7304 146.08 1.830390885378613
7305 146.1 1.829121320217328
7306 146.12 1.827983992467324
7307 146.14 1.826837049780929
7308 146.16 1.825719492571119
7309 146.18 1.824636647277491
7310 146.2 1.823619768230531
7311 146.22 1.822513417043453
7312 146.24 1.821597957025095
7313 146.26 1.820673522634635
7314 146.28 1.81976417464477
7315 146.3 1.818915749913126
7316 146.32 1.818112145441309
7317 146.34 1.817314803976692
7318 146.36 1.81664070456933
7319 146.38 1.815947423147835
7320 146.4 1.815288501876908
7321 146.42 1.814647499690931
7322 146.44 1.814006541725302
7323 146.46 1.81341118540259
7324 146.48 1.812940242059145
7325 146.5 1.812437171393089
7326 146.52 1.811990079058161
7327 146.54 1.811621614499705
7328 146.56 1.811272772033136
7329 146.58 1.81094297632773
7330 146.6 1.810696930782034
7331 146.62 1.810553453881455
7332 146.64 1.810361758417726
7333 146.66 1.81024065181626
7334 146.68 1.810153853861871
7335 146.7 1.810164132344323
7336 146.72 1.810171745417388
7337 146.74 1.810192950481571
7338 146.76 1.810282551380848
7339 146.78 1.810380488524343
7340 146.8 1.810542561609676
7341 146.82 1.810710192278814
7342 146.84 1.810977786014391
7343 146.86 1.811242511632162
7344 146.88 1.811600974481903
7345 146.9 1.811918703246433
7346 146.92 1.812374214379822
7347 146.94 1.812840688672178
7348 146.96 1.813358006193545
7349 146.98 1.813924268851002
7350 147 1.814408112095762
7351 147.02 1.81489590326364
7352 147.04 1.815477171207991
7353 147.06 1.816092935278265
7354 147.08 1.816711795329647
7355 147.1 1.817369509068104
7356 147.12 1.81805833148943
7357 147.14 1.81871468655253
7358 147.16 1.819506547820123
7359 147.18 1.820234976708921
7360 147.2 1.821026776498929
7361 147.22 1.821871521829139
7362 147.24 1.822705496673565
7363 147.26 1.823561482826976
7364 147.28 1.82443687082752
7365 147.3 1.825380634917579
7366 147.32 1.826313513374453
7367 147.34 1.82727439148585
7368 147.36 1.828190123321665
7369 147.38 1.829211301252538
7370 147.4 1.830251121394394
7371 147.42 1.831306572445967
7372 147.44 1.832385182590709
7373 147.46 1.833401272405335
7374 147.48 1.834496826504636
7375 147.5 1.835595977023667
7376 147.52 1.836656057379129
7377 147.54 1.837835364661185
7378 147.56 1.838983751385448
7379 147.58 1.840057929309569
7380 147.6 1.84119566639703
7381 147.62 1.8423607229981
7382 147.64 1.843576544776889
7383 147.66 1.844680948460373
7384 147.68 1.845814476504794
7385 147.7 1.846990116815577
7386 147.72 1.848133163410845
7387 147.74 1.849400512344796
7388 147.76 1.850556911046205
7389 147.78 1.851749241430087
7390 147.8 1.852894963716832
7391 147.82 1.854074262203019
7392 147.84 1.855269836093064
7393 147.86 1.856474097016215
7394 147.88 1.857661741503364
7395 147.9 1.858887144111083
7396 147.92 1.860041994064377
7397 147.94 1.861261552192401
7398 147.96 1.862400553500012
7399 147.98 1.863552507574367
7400 148 1.864696970150672
7401 148.02 1.865845512020938
7402 148.04 1.866923471210345
7403 148.06 1.86799280477075
7404 148.08 1.869096593429011
7405 148.1 1.870130029013191
7406 148.12 1.871239770901696
7407 148.14 1.87212743870975
7408 148.16 1.873139650458105
7409 148.18 1.874149963579518
7410 148.2 1.875154682173121
7411 148.22 1.876064340447395
7412 148.24 1.877001705743828
7413 148.26 1.877941025330721
7414 148.28 1.878805872314396
7415 148.3 1.879651276381786
7416 148.32 1.880411149714116
7417 148.34 1.881181267001696
7418 148.36 1.881924493451788
7419 148.38 1.882547378162726
7420 148.4 1.883291095698189
7421 148.42 1.883775316810479
7422 148.44 1.884421624656065
7423 148.46 1.885016454150999
7424 148.48 1.885560963550416
7425 148.5 1.886102691345641
7426 148.52 1.88658638423186
7427 148.54 1.886962898955226
7428 148.56 1.887341450269593
7429 148.58 1.887681806371662
7430 148.6 1.887929435078639
7431 148.62 1.888135563640578
7432 148.64 1.888295387034099
7433 148.66 1.888405838811001
7434 148.68 1.88842974009144
7435 148.7 1.888392943712558
7436 148.72 1.888326750347878
7437 148.74 1.888244685277901
7438 148.76 1.888049555522352
7439 148.78 1.887862368451094
7440 148.8 1.887601459876949
7441 148.82 1.887233297683683
7442 148.84 1.886796603190451
7443 148.86 1.886242192566633
7444 148.88 1.885707974946453
7445 148.9 1.885099308565714
7446 148.92 1.884414627795521
7447 148.94 1.883734756174301
7448 148.96 1.882930586276275
7449 148.98 1.882136633510621
7450 149 1.881229317235572
7451 149.02 1.880269924957302
7452 149.04 1.879335854642913
7453 149.06 1.878322812313167
7454 149.08 1.877232210170345
7455 149.1 1.876158725641241
7456 149.12 1.875090492325583
7457 149.14 1.8739486058037
7458 149.16 1.872845081605408
7459 149.18 1.871682426684034
7460 149.2 1.870435748061548
7461 149.22 1.86919084058452
7462 149.24 1.867902462176612
7463 149.26 1.86658966220326
7464 149.28 1.865173150376873
7465 149.3 1.863949893188512
7466 149.32 1.862616203193186
7467 149.34 1.861199030203341
7468 149.36 1.859784871031755
7469 149.38 1.858268816818417
7470 149.4 1.856827954109378
7471 149.42 1.855394643534336
7472 149.44 1.853934724276521
7473 149.46 1.852453135100772
7474 149.48 1.850996434635512
7475 149.5 1.849441396654564
7476 149.52 1.847955391871752
7477 149.54 1.8464720422298
7478 149.56 1.844983441303633
7479 149.58 1.843486649386118
7480 149.6 1.842011585306215
7481 149.62 1.840577991929521
7482 149.64 1.839120492249854
7483 149.66 1.83769128229015
7484 149.68 1.836332088846957
7485 149.7 1.835008017458429
7486 149.72 1.833703117891596
7487 149.74 1.832381118506435
7488 149.76 1.831128564485732
7489 149.78 1.82988365370183
7490 149.8 1.828668831664399
7491 149.82 1.827560916065878
7492 149.84 1.826397821676949
7493 149.86 1.825269924246703
7494 149.88 1.824140556461199
7495 149.9 1.823139582338967
7496 149.92 1.822169120186404
7497 149.94 1.821244715335313
7498 149.96 1.820286172850442
7499 149.98 1.81947210356765
7500 150 1.818610180015848
7501 150.02 1.817841058280472
7502 150.04 1.817105000882546
7503 150.06 1.816408154879544
7504 150.08 1.815720445976123
7505 150.1 1.815058034936843
7506 150.12 1.814408435186461
7507 150.14 1.813785237611214
7508 150.16 1.813237930505103
7509 150.18 1.812755983959426
7510 150.2 1.812241813755262
7511 150.22 1.811842625233314
7512 150.24 1.811491999397698
7513 150.26 1.811182280273324
7514 150.28 1.810837374601538
7515 150.3 1.810596706088958
7516 150.32 1.810439396136827
7517 150.34 1.810306240420611
7518 150.36 1.810221015981414
7519 150.38 1.810138179801166
7520 150.4 1.810145518436347
7521 150.42 1.810170668104373
7522 150.44 1.810235455217751
7523 150.46 1.810349689927073
7524 150.48 1.810470352492292
7525 150.5 1.810668428806612
7526 150.52 1.810875747102509
7527 150.54 1.811087279820463
7528 150.56 1.811354548781968
7529 150.58 1.811677671657842
7530 150.6 1.812158247175383
7531 150.62 1.812566556978646
7532 150.64 1.813082775715387
7533 150.66 1.813564106674598
7534 150.68 1.814144574229019
7535 150.7 1.814669935904879
7536 150.72 1.815125360483079
7537 150.74 1.815724554076092
7538 150.76 1.816290275272433
7539 150.78 1.816919399654896
7540 150.8 1.817635160853252
7541 150.82 1.818352363418322
7542 150.84 1.819131873258947
7543 150.86 1.819853631545488
7544 150.88 1.820664718629227
7545 150.9 1.821415231168717
7546 150.92 1.822216779306881
7547 150.94 1.823009862988372
7548 150.96 1.823816690464956
7549 150.98 1.824732083775061
7550 151 1.825638182580157
7551 151.02 1.826708880179628
7552 151.04 1.827685349392449
7553 151.06 1.828655903758847
7554 151.08 1.829646013560152
7555 151.1 1.830587647544758
7556 151.12 1.831654084363737
7557 151.14 1.832747446201087
7558 151.16 1.833764004900584
7559 151.18 1.834853070855591
7560 151.2 1.836012804457313
7561 151.22 1.837103775687154
7562 151.24 1.838293263334443
7563 151.26 1.839353328901974
7564 151.28 1.840485426416137
7565 151.3 1.841560227706613
7566 151.32 1.842757489713988
7567 151.34 1.8439419043587
7568 151.36 1.845084619990784
7569 151.38 1.846270113556366
7570 151.4 1.847431670078896
7571 151.42 1.848656634979901
7572 151.44 1.849814553731216
7573 151.46 1.850983870951381
7574 151.48 1.852113338020624
7575 151.5 1.853323648259674
7576 151.52 1.854539579432707
7577 151.54 1.855727753539298
7578 151.56 1.856915606988425
7579 151.58 1.858116222467123
7580 151.6 1.859345126342959
7581 151.62 1.860539891261334
7582 151.64 1.86166671248088
7583 151.66 1.862789156352713
7584 151.68 1.864012881100828
7585 151.7 1.865169230589266
7586 151.72 1.866225779435954
7587 151.74 1.867321268279204
7588 151.76 1.868416873849381
7589 151.78 1.869504453042861
7590 151.8 1.870535814343295
7591 151.82 1.871586833976643
7592 151.84 1.872523740308633
7593 151.86 1.873566376596091
7594 151.88 1.874601346632052
7595 151.9 1.87549631267449
7596 151.92 1.876458877658518
7597 151.94 1.877320449026368
7598 151.96 1.878277496820848
7599 151.98 1.879088193313396
7600 152 1.879936914607841
7601 152.02 1.880739869479008
7602 152.04 1.881535594124158
7603 152.06 1.882175126518566
7604 152.08 1.882880658963064
7605 152.1 1.883566975407525
7606 152.12 1.884115904923426
7607 152.14 1.884725760330872
7608 152.16 1.885251118633938
7609 152.18 1.885875527704568
7610 152.2 1.886341362050892
7611 152.22 1.886820672543318
7612 152.24 1.88724718962579
7613 152.26 1.887541001183593
7614 152.28 1.887887695296534
7615 152.3 1.888101396365101
7616 152.32 1.888283511671511
7617 152.34 1.888431701048954
7618 152.36 1.888514722931011
7619 152.38 1.888511191215222
7620 152.4 1.888473852929498
7621 152.42 1.888359253387443
7622 152.44 1.88825147814822
7623 152.46 1.887995022687415
7624 152.48 1.88788395895002
7625 152.5 1.887472800761915
7626 152.52 1.887104944646721
7627 152.54 1.88665978031304
7628 152.56 1.886039254924629
7629 152.58 1.88553570653167
7630 152.6 1.884883980318976
7631 152.62 1.884231931867301
7632 152.64 1.883494269270846
7633 152.66 1.882737448322902
7634 152.68 1.881792796618191
7635 152.7 1.880984384394791
7636 152.72 1.879939006772395
7637 152.74 1.879021377427863
7638 152.76 1.877908764345558
7639 152.78 1.876815896700447
7640 152.8 1.875794617442706
7641 152.82 1.874676899598201
7642 152.84 1.873526302657619
7643 152.86 1.872407722776743
7644 152.88 1.871221458161983
7645 152.9 1.869959949539491
7646 152.92 1.868683123761633
7647 152.94 1.867414965925131
7648 152.96 1.866071608251573
7649 152.98 1.864748315317283
7650 153 1.863395821965892
7651 153.02 1.862065517388389
7652 153.04 1.860620009309871
7653 153.06 1.859200099876498
7654 153.08 1.857709608649646
7655 153.1 1.856225589919601
7656 153.12 1.854830221731131
7657 153.14 1.853342076724373
7658 153.16 1.851843427933386
7659 153.18 1.850350179824598
7660 153.2 1.848860295334772
7661 153.22 1.847416684829695
7662 153.24 1.845905650867724
7663 153.26 1.844402974780035
7664 153.28 1.842915136212727
7665 153.3 1.841478340744838
7666 153.32 1.839973781251469
7667 153.34 1.838561508147764
7668 153.36 1.83717301731424
7669 153.38 1.83581698674681
7670 153.4 1.834462253397833
7671 153.42 1.833134255901999
7672 153.44 1.83185813585282
7673 153.46 1.830578552315622
7674 153.48 1.829359600443793
7675 153.5 1.828182770713076
7676 153.52 1.827035937977368
7677 153.54 1.825932063157931
7678 153.56 1.824848572584726
7679 153.58 1.823809043156014
7680 153.6 1.822715530670209
7681 153.62 1.821770709737348
7682 153.64 1.820842979746041
7683 153.66 1.819962013939304
7684 153.68 1.81908676025559
7685 153.7 1.818265213404094
7686 153.72 1.817492667762868
7687 153.74 1.816784840809516
7688 153.76 1.816089162171669
7689 153.78 1.815439771269369
7690 153.8 1.814794446660065
7691 153.82 1.814135781161035
7692 153.84 1.813551061676239
7693 153.86 1.813043176846512
7694 153.88 1.81256690025881
7695 153.9 1.81209803197261
7696 153.92 1.811719410183705
7697 153.94 1.811369624224499
7698 153.96 1.811018512105931
7699 153.98 1.810783264932214
7700 154 1.810621702015745
7701 154.02 1.810430522116595
7702 154.04 1.810299375954316
7703 154.06 1.810218660581782
7704 154.08 1.810190936710705
7705 154.1 1.810214316363365
7706 154.12 1.810220308062598
7707 154.14 1.810312576108311
7708 154.16 1.810395923212661
7709 154.18 1.810553693529649
7710 154.2 1.810710449804944
7711 154.22 1.810972692710456
7712 154.24 1.811242550039794
7713 154.26 1.811572499835111
7714 154.28 1.811887784538077
7715 154.3 1.812337077166672
7716 154.32 1.812797316020081
7717 154.34 1.813303503458838
7718 154.36 1.813884204917368
7719 154.38 1.81433983952242
7720 154.4 1.814836319816317
7721 154.42 1.81542048190723
7722 154.44 1.816009009982466
7723 154.46 1.816642325408968
7724 154.48 1.817292937651553
7725 154.5 1.81797649420726
7726 154.52 1.818630203374939
7727 154.54 1.819408228350234
7728 154.56 1.820137249050104
7729 154.58 1.820931483890947
7730 154.6 1.821733790117327
7731 154.62 1.82261279955079
7732 154.64 1.823439130440913
7733 154.66 1.824321759282156
7734 154.68 1.825220993426261
7735 154.7 1.82621019763173
7736 154.72 1.827121270214934
7737 154.74 1.828084959326605
7738 154.76 1.829049803820151
7739 154.78 1.830130482571889
7740 154.8 1.831161047003725
7741 154.82 1.832211509853818
7742 154.84 1.833258350024269
7743 154.86 1.834367672089245
7744 154.88 1.835422277254565
7745 154.9 1.83651883800812
7746 154.92 1.837646050302658
7747 154.94 1.838825498375302
7748 154.96 1.839893446402937
7749 154.98 1.841033712629327
7750 155 1.842174209182483
7751 155.02 1.843402293849635
7752 155.04 1.844521993961475
7753 155.06 1.8456343224374
7754 155.08 1.846815918346293
7755 155.1 1.847966980529685
7756 155.12 1.849206603650922
7757 155.14 1.850375938928914
7758 155.16 1.851571500559456
7759 155.18 1.852705298375846
7760 155.2 1.853897655774287
7761 155.22 1.855082103639647
7762 155.24 1.856294199535454
7763 155.26 1.857489223079013
7764 155.28 1.858676355717672
7765 155.3 1.859898118857237
7766 155.32 1.861034886604817
7767 155.34 1.862252645564883
7768 155.36 1.863383590917504
7769 155.38 1.864519592725868
7770 155.4 1.865647061900968
7771 155.42 1.866763743801777
7772 155.44 1.867827320614178
7773 155.46 1.868939870663548
7774 155.48 1.869963484337426
7775 155.5 1.87106246343244
7776 155.52 1.87209662365248
7777 155.54 1.873005957317839
7778 155.56 1.873974934593866
7779 155.58 1.87500307835667
7780 155.6 1.875943599974984
7781 155.62 1.876867439692548
7782 155.64 1.877757212222709
7783 155.66 1.878671079615605
7784 155.68 1.879502895411818
7785 155.7 1.880296828885039
7786 155.72 1.881064013399355
7787 155.74 1.881785512263566
7788 155.76 1.882489400570737
7789 155.78 1.883118100886767
7790 155.8 1.883719714537222
7791 155.82 1.884339335077141
7792 155.84 1.884920386741877
7793 155.86 1.885487014809757
7794 155.88 1.886056063117017
7795 155.9 1.886499899221665
7796 155.92 1.886914650682023
7797 155.94 1.887294687894859
7798 155.96 1.887635671082844
7799 155.98 1.88790290446441
7800 156 1.888121246189469
7801 156.02 1.888294553893805
7802 156.04 1.888400945477961
7803 156.06 1.888425331334428
7804 156.08 1.888426833667415
7805 156.1 1.888367721827479
7806 156.12 1.888272349297302
7807 156.14 1.888086455483059
7808 156.16 1.887897955333171
7809 156.18 1.88766407631652
7810 156.2 1.887301583712622
7811 156.22 1.886894892023141
7812 156.24 1.886350995585897
7813 156.26 1.885821778492453
7814 156.28 1.8852221590532
7815 156.3 1.884555999696957
7816 156.32 1.883865317170817
7817 156.34 1.883099959776457
7818 156.36 1.882293936698545
7819 156.38 1.881391548119153
7820 156.4 1.880457552176605
7821 156.42 1.879514174480735
7822 156.44 1.878516475528611
7823 156.46 1.877410095546288
7824 156.48 1.876369806110853
7825 156.5 1.875263974528587
7826 156.52 1.874170722121597
7827 156.54 1.873064365429353
7828 156.56 1.871926454501195
7829 156.58 1.870661397055746
7830 156.6 1.869438976715582
7831 156.62 1.868167738026
7832 156.64 1.866834554728918
7833 156.66 1.865438378112731
7834 156.68 1.864210046367037
7835 156.7 1.862856359376596
7836 156.72 1.86149545889931
7837 156.74 1.860038329950244
7838 156.76 1.858571312074409
7839 156.78 1.857098709515198
7840 156.8 1.85565525431681
7841 156.82 1.854212896145907
7842 156.84 1.852758681248963
7843 156.86 1.851273138053898
7844 156.88 1.849749635678343
7845 156.9 1.848227998406568
7846 156.92 1.846775052018552
7847 156.94 1.845258603805146
7848 156.96 1.843766299705941
7849 156.98 1.842298203302877
7850 157 1.840859726441759
7851 157.02 1.839427527341336
7852 157.04 1.83794246096776
7853 157.06 1.836609511538825
7854 157.08 1.835263241221579
7855 157.1 1.833992786709519
7856 157.12 1.832638241679965
7857 157.14 1.831410438788534
7858 157.16 1.830114579671656
7859 157.18 1.828920438539217
7860 157.2 1.82780947205294
7861 157.22 1.826664351218314
7862 157.24 1.825514833246833
7863 157.26 1.824387366542164
7864 157.28 1.823364947594648
7865 157.3 1.822383627512958
7866 157.32 1.821467957412864
7867 157.34 1.820514028422062
7868 157.36 1.819674011164733
7869 157.38 1.818804861833123
7870 157.4 1.818027829067487
7871 157.42 1.817304008019942
7872 157.44 1.816587071459092
7873 157.46 1.815920022110725
7874 157.48 1.815229169589233
7875 157.5 1.814590759020626
7876 157.52 1.813943032393707
7877 157.54 1.813407951283912
7878 157.56 1.81290383885013
7879 157.58 1.812389469400806
7880 157.6 1.81198661614405
7881 157.62 1.811620361885393
7882 157.64 1.811310221038251
7883 157.66 1.810967880886308
7884 157.68 1.810695348754185
7885 157.7 1.810541550444369
7886 157.72 1.810398875091229
7887 157.74 1.810315337591531
7888 157.76 1.810212412359926
7889 157.78 1.810221175872333
7890 157.8 1.810233711924624
7891 157.82 1.81030014843063
7892 157.84 1.810397738906952
7893 157.86 1.81052417396324
7894 157.88 1.81069226778558
7895 157.9 1.810923590542495
7896 157.92 1.811126371914334
7897 157.94 1.811390208220454
7898 157.96 1.811693191492627
7899 157.98 1.812150625022308
7900 158 1.812565271375945
7901 158.02 1.813068067750699
7902 158.04 1.813557319922173
7903 158.06 1.814141268618515
7904 158.08 1.814657755226584
7905 158.1 1.815131884714323
7906 158.12 1.815679864382528
7907 158.14 1.816252955072012
7908 158.16 1.816903804544216
7909 158.18 1.817579956023723
7910 158.2 1.818325823323496
7911 158.22 1.819038544839516
7912 158.24 1.819817464100874
7913 158.26 1.820600176628872
7914 158.28 1.821359029545527
7915 158.3 1.822158011327655
7916 158.32 1.822953932642488
7917 158.34 1.823775798126146
7918 158.36 1.824612522380205
7919 158.38 1.825560118167527
7920 158.4 1.826595879962677
7921 158.42 1.827608716504559
7922 158.44 1.82855984495901
7923 158.46 1.829507597774477
7924 158.48 1.830538814269738
7925 158.5 1.831534675009914
7926 158.52 1.832639325129644
7927 158.54 1.833652787181305
7928 158.56 1.834738910182757
7929 158.58 1.835889423654786
7930 158.6 1.836980751362614
7931 158.62 1.838168308552962
7932 158.64 1.83924027340523
7933 158.66 1.840384875520072
7934 158.68 1.841404719847109
7935 158.7 1.842639860721916
7936 158.72 1.843806116067788
7937 158.74 1.844961173011459
7938 158.76 1.846134569072237
7939 158.78 1.847289506683736
7940 158.8 1.84850423566979
7941 158.82 1.849678554826279
7942 158.84 1.850876144285246
7943 158.86 1.851969248572725
7944 158.88 1.853198490138095
7945 158.9 1.854386953729438
7946 158.92 1.855589149149122
7947 158.94 1.856775003233355
7948 158.96 1.857965621811082
7949 158.98 1.859222470777989
7950 159 1.860389889829448
7951 159.02 1.861551227594191
7952 159.04 1.862671360018875
7953 159.06 1.863870099010742
7954 159.08 1.865044543353695
7955 159.1 1.866113015627693
7956 159.12 1.867202662753976
7957 159.14 1.868319529830396
7958 159.16 1.869344025597617
7959 159.18 1.870423983658534
7960 159.2 1.871456594812043
7961 159.22 1.872405692238585
7962 159.24 1.873438241500488
7963 159.26 1.874504229471468
7964 159.28 1.875371220762617
7965 159.3 1.876334850851771
7966 159.32 1.877222846005669
7967 159.34 1.878165376157273
7968 159.36 1.878995372276259
7969 159.38 1.879865035418025
7970 159.4 1.880642357822103
7971 159.42 1.881401886069924
7972 159.44 1.882112514363346
7973 159.46 1.882764155462568
7974 159.48 1.883486714523993
7975 159.5 1.884056191860874
7976 159.52 1.884680021022524
7977 159.54 1.885216376535836
7978 159.56 1.885817022304971
7979 159.58 1.886279420607974
7980 159.6 1.886811733010078
7981 159.62 1.887214324395381
7982 159.64 1.887540535203552
7983 159.66 1.887849531769875
7984 159.68 1.888099236900997
7985 159.7 1.888253716362716
7986 159.72 1.888490605562165
7987 159.74 1.888515410394153
7988 159.76 1.888571309056086
7989 159.78 1.888497967296088
7990 159.8 1.888425597187819
7991 159.82 1.888321180943518
7992 159.84 1.888077121857693
7993 159.86 1.887975989079051
7994 159.88 1.887546620300895
7995 159.9 1.887223491646999
7996 159.92 1.886757442210655
7997 159.94 1.886174272372072
7998 159.96 1.885657307121138
7999 159.98 1.885004845656432
8000 160 1.884375901605953
8001 160.02 1.883642092177821
8002 160.04 1.882893244556016
8003 160.06 1.881989535339557
8004 160.08 1.881153793259222
8005 160.1 1.880120437168469
8006 160.12 1.879189499873368
8007 160.14 1.878152764420445
8008 160.16 1.877011111902662
8009 160.18 1.876002795861623
8010 160.2 1.874878740858223
8011 160.22 1.873758633028527
8012 160.24 1.872607289014258
8013 160.26 1.871450979305902
8014 160.28 1.870188968279859
8015 160.3 1.86893359197239
8016 160.32 1.86765962058414
8017 160.34 1.866327066335811
8018 160.36 1.864988901006709
8019 160.38 1.863624048092825
8020 160.4 1.862328914936309
8021 160.42 1.860892545718705
8022 160.44 1.859425987720021
8023 160.46 1.858004468183291
8024 160.48 1.856481778013059
8025 160.5 1.855054263526984
8026 160.52 1.853611485694595
8027 160.54 1.852130670991048
8028 160.56 1.850633358304779
8029 160.58 1.849127890409717
8030 160.6 1.847714587810188
8031 160.62 1.846144377947484
8032 160.64 1.844666091881912
8033 160.66 1.843218753986756
8034 160.68 1.841746804726702
8035 160.7 1.840247232727163
8036 160.72 1.838823382126952
8037 160.74 1.837453535281508
8038 160.76 1.83608620197439
8039 160.78 1.834710083355204
8040 160.8 1.833392188924471
8041 160.82 1.832088872296727
8042 160.84 1.830832510347209
8043 160.86 1.829579193428901
8044 160.88 1.828425476062325
8045 160.9 1.827270991156156
8046 160.92 1.826157767766778
8047 160.94 1.825064999459489
8048 160.96 1.824013224532164
8049 160.98 1.822960184101184
8050 161 1.821973304036899
8051 161.02 1.821042290740005
8052 161.04 1.820158909029629
8053 161.06 1.81928153343638
8054 161.08 1.818451338817019
8055 161.1 1.817676230822782
8056 161.12 1.816941951048726
8057 161.14 1.816285892808806
8058 161.16 1.815580865526999
8059 161.18 1.814954807737468
8060 161.2 1.814313661137593
8061 161.22 1.813731759509515
8062 161.24 1.813157913833998
8063 161.26 1.812708329753034
8064 161.28 1.812228478078302
8065 161.3 1.811843390005853
8066 161.32 1.811486270754866
8067 161.34 1.811127672947305
8068 161.36 1.810879404496947
8069 161.38 1.810709563485553
8070 161.4 1.81053082868194
8071 161.42 1.810377352327699
8072 161.44 1.810292466262027
8073 161.46 1.8102520822738
8074 161.48 1.810268494072244
8075 161.5 1.810278163641294
8076 161.52 1.810367800996746
8077 161.54 1.810441454329394
8078 161.56 1.810590717406476
8079 161.58 1.810746179100994
8080 161.6 1.811000431881542
8081 161.62 1.811263938234084
8082 161.64 1.811583376325108
8083 161.66 1.811908813362864
8084 161.68 1.812314480640705
8085 161.7 1.812799568829738
8086 161.72 1.813297811812619
8087 161.74 1.813873311889433
8088 161.76 1.814331142149498
8089 161.78 1.814819717748881
8090 161.8 1.815388732036177
8091 161.82 1.815978495814747
8092 161.84 1.816606041780482
8093 161.86 1.8172601582698
8094 161.88 1.817927538088384
8095 161.9 1.818591759195728
8096 161.92 1.819353228856088
8097 161.94 1.820121360457433
8098 161.96 1.820833745344914
8099 161.98 1.821678657084189
8100 162 1.822545124985288
8101 162.02 1.823360057802316
8102 162.04 1.824248236240246
8103 162.06 1.82513964516862
8104 162.08 1.826119049621073
8105 162.1 1.827056831668803
8106 162.12 1.827997186552521
8107 162.14 1.828947188391721
8108 162.16 1.83002629682982
8109 162.18 1.831062832562937
8110 162.2 1.832106063219568
8111 162.22 1.833154838779676
8112 162.24 1.834247024416241
8113 162.26 1.835316875294235
8114 162.28 1.836408238708241
8115 162.3 1.837527780056895
8116 162.32 1.838697358895409
8117 162.34 1.839778315482506
8118 162.36 1.840920916816943
8119 162.38 1.842021012785416
8120 162.4 1.843255836114606
8121 162.42 1.844403422258411
8122 162.44 1.845527757499734
8123 162.46 1.846676983903589
8124 162.48 1.847818518144888
8125 162.5 1.849067119766647
8126 162.52 1.850250199873356
8127 162.54 1.851436488166907
8128 162.56 1.852562751476698
8129 162.58 1.853769252384331
8130 162.6 1.854935548568327
8131 162.62 1.856180078919228
8132 162.64 1.857330476246688
8133 162.66 1.858543351596629
8134 162.68 1.859762847097833
8135 162.7 1.860904191275608
8136 162.72 1.862107505066077
8137 162.74 1.863246655732299
8138 162.76 1.864382313202508
8139 162.78 1.865514175045393
8140 162.8 1.866649743908875
8141 162.82 1.867692483962941
8142 162.84 1.868812012750921
8143 162.86 1.869853872485287
8144 162.88 1.870945506905789
8145 162.9 1.87197043106381
8146 162.92 1.872885890747146
8147 162.94 1.873861984969485
8148 162.96 1.874853833254285
8149 162.98 1.875818908858206
8150 163 1.876755145476255
8151 163.02 1.877682554155307
8152 163.04 1.878551798632419
8153 163.06 1.8794180625694
8154 163.08 1.880197842671762
8155 163.1 1.880962820536146
8156 163.12 1.881738254201124
8157 163.14 1.88234801178076
8158 163.16 1.883062101409904
8159 163.18 1.883671436828733
8160 163.2 1.884261560509736
8161 163.22 1.884870317906467
8162 163.24 1.885433877847815
8163 163.26 1.885961723479479
8164 163.28 1.886470462198101
8165 163.3 1.886875891609133
8166 163.32 1.887272972778952
8167 163.34 1.887615287686738
8168 163.36 1.887895272268816
8169 163.38 1.888112753189313
8170 163.4 1.888305366194494
8171 163.42 1.88841909912751
8172 163.44 1.888462460804605
8173 163.46 1.888477774053574
8174 163.48 1.888402803563575
8175 163.5 1.888310109716014
8176 163.52 1.888135340212363
8177 163.54 1.887966428373415
8178 163.56 1.887729128389857
8179 163.58 1.887379842184651
8180 163.6 1.886990280719532
8181 163.62 1.886454200308757
8182 163.64 1.885933253855091
8183 163.66 1.885343474176396
8184 163.68 1.884664493512994
8185 163.7 1.88399114935687
8186 163.72 1.883257783936355
8187 163.74 1.882428539075722
8188 163.76 1.881572073702132
8189 163.78 1.880596720798651
8190 163.8 1.879674488252828
8191 163.82 1.878699291193977
8192 163.84 1.877682135652363
8193 163.86 1.876538036519243
8194 163.88 1.875458745460665
8195 163.9 1.874350362287633
8196 163.92 1.873260379255553
8197 163.94 1.872098143482823
8198 163.96 1.870882859722069
8199 163.98 1.869651088644906
8200 164 1.86834553073441
8201 164.02 1.86708338214134
8202 164.04 1.865677629481613
8203 164.06 1.864394736019164
8204 164.08 1.863086566693209
8205 164.1 1.861722425392018
8206 164.12 1.860292308102682
8207 164.14 1.858812931064947
8208 164.16 1.85732975878662
8209 164.18 1.855900512604864
8210 164.2 1.854468301484729
8211 164.22 1.852988126206896
8212 164.24 1.851533361007671
8213 164.26 1.85000280797175
8214 164.28 1.848482428948653
8215 164.3 1.847011057197238
8216 164.32 1.845501336907284
8217 164.34 1.844019969642712
8218 164.36 1.842564089439169
8219 164.38 1.841094889862268
8220 164.4 1.839669931490814
8221 164.42 1.83817750149844
8222 164.44 1.836836605280456
8223 164.46 1.835503379733053
8224 164.48 1.834212082206038
8225 164.5 1.832886976974494
8226 164.52 1.831603699583245
8227 164.54 1.830344810668503
8228 164.56 1.829138099515204
8229 164.58 1.828004061790823
8230 164.6 1.826846293077402
8231 164.62 1.825718619067068
8232 164.64 1.824584168400346
8233 164.66 1.823541606524377
8234 164.68 1.822554697979491
8235 164.7 1.821638646360305
8236 164.72 1.820678469325813
8237 164.74 1.819839359544529
8238 164.76 1.818963062189701
8239 164.78 1.818178117571802
8240 164.8 1.8174651993497
8241 164.82 1.816739909202587
8242 164.84 1.816041907865373
8243 164.86 1.815377677731216
8244 164.88 1.81473546104749
8245 164.9 1.814085407238483
8246 164.92 1.813507956322305
8247 164.94 1.813014109111047
8248 164.96 1.812527761370271
8249 164.98 1.81208657058032
8250 165 1.811723336079893
8251 165.02 1.811396633869698
8252 165.04 1.811060823765215
8253 165.06 1.810773079998582
8254 165.08 1.810611804263309
8255 165.1 1.810463305744955
8256 165.12 1.810375858902256
8257 165.14 1.810272485071892
8258 165.16 1.810275629072106
8259 165.18 1.81026722935707
8260 165.2 1.81034729874801
8261 165.22 1.810435806690639
8262 165.24 1.810541317514222
8263 165.26 1.810727008169783
8264 165.28 1.810935893796432
8265 165.3 1.811146138230052
8266 165.32 1.811398317923578
8267 165.34 1.811680813057639
8268 165.36 1.812126392905779
8269 165.38 1.812574095705646
8270 165.4 1.813031074024882
8271 165.42 1.813530935839044
8272 165.44 1.814130782947237
8273 165.46 1.814612095889578
8274 165.48 1.815115566748801
8275 165.5 1.815647704280466
8276 165.52 1.816205348663805
8277 165.54 1.816842188558273
8278 165.56 1.817532468752572
8279 165.58 1.818232416412003
8280 165.6 1.819003360218207
8281 165.62 1.819744825693939
8282 165.64 1.820534595537807
8283 165.66 1.821281168092937
8284 165.68 1.822085821383827
8285 165.7 1.82288061411447
8286 165.72 1.823695795327861
8287 165.74 1.824521077968686
8288 165.76 1.825473912911771
8289 165.78 1.826482814347727
8290 165.8 1.827495303159649
8291 165.82 1.828471601132717
8292 165.84 1.829404775378104
8293 165.86 1.830433029406786
8294 165.88 1.83141460295518
8295 165.9 1.832524887417015
8296 165.92 1.833543295974678
8297 165.94 1.834619888897988
8298 165.96 1.835752145707312
8299 165.98 1.836867085799543
8300 166 1.838024972479263
8301 166.02 1.839127348376304
8302 166.04 1.84026171511872
8303 166.06 1.841305713437469
8304 166.08 1.84249179417387
8305 166.1 1.843670401790902
8306 166.12 1.844841124012017
8307 166.14 1.84598461101928
8308 166.16 1.847154416428936
8309 166.18 1.848362750806179
8310 166.2 1.849550306027237
8311 166.22 1.850740180139254
8312 166.24 1.851826594695552
8313 166.26 1.853090866624751
8314 166.28 1.854239270892383
8315 166.3 1.855451806562507
8316 166.32 1.856628821740016
8317 166.34 1.857821366508249
8318 166.36 1.859057954253337
8319 166.38 1.860246173944919
8320 166.4 1.861442409609121
8321 166.42 1.862509460163445
8322 166.44 1.86372865920469
8323 166.46 1.864896737931639
8324 166.48 1.865966297681636
8325 166.5 1.867062130167977
8326 166.52 1.868188768857492
8327 166.54 1.869223925659248
8328 166.56 1.870270196434094
8329 166.58 1.871326430522809
8330 166.6 1.872266270899169
8331 166.62 1.873290014969487
8332 166.64 1.874388445395895
8333 166.66 1.875283614491815
8334 166.68 1.876228543145882
8335 166.7 1.877115422321959
8336 166.72 1.878056794918172
8337 166.74 1.878902855650702
8338 166.76 1.879773712185868
8339 166.78 1.880533750333739
8340 166.8 1.881325407035243
8341 166.82 1.882037886220973
8342 166.84 1.882691588404057
8343 166.86 1.8833973920295
8344 166.88 1.883999026609753
8345 166.9 1.884578456281411
8346 166.92 1.88514502619125
8347 166.94 1.885724465678659
8348 166.96 1.886270739088293
8349 166.98 1.886749256475186
8350 167 1.887169481699714
8351 167.02 1.887519957102896
8352 167.04 1.887812870462931
8353 167.06 1.88807191317507
8354 167.08 1.888272183669612
8355 167.1 1.888446413381511
8356 167.12 1.888534038752828
8357 167.14 1.888563105071321
8358 167.16 1.888508598583696
8359 167.18 1.888455696317055
8360 167.2 1.888351163210134
8361 167.22 1.888133188149816
8362 167.24 1.887938208938041
8363 167.26 1.887684108322496
8364 167.28 1.887232794520668
8365 167.3 1.886811274916568
8366 167.32 1.886289216208023
8367 167.34 1.885732266921661
8368 167.36 1.88509005958746
8369 167.38 1.884478483050821
8370 167.4 1.883763626210249
8371 167.42 1.883022931561537
8372 167.44 1.882103787490761
8373 167.46 1.881289807547651
8374 167.48 1.880279904693526
8375 167.5 1.879342453444984
8376 167.52 1.878312119203333
8377 167.54 1.877181329292633
8378 167.56 1.876147197563629
8379 167.58 1.875045413375563
8380 167.6 1.873922787912108
8381 167.62 1.87279633229182
8382 167.64 1.87163442908976
8383 167.66 1.870380931410186
8384 167.68 1.869125389133588
8385 167.7 1.867844701535138
8386 167.72 1.866525670607059
8387 167.74 1.865198767081732
8388 167.76 1.863851515911764
8389 167.78 1.862517335139177
8390 167.8 1.861097511901257
8391 167.82 1.859656044069165
8392 167.84 1.858215005347744
8393 167.86 1.856702832465966
8394 167.88 1.855274495765681
8395 167.9 1.85383103284419
8396 167.92 1.852357434432655
8397 167.94 1.850841350121589
8398 167.96 1.849353405287533
8399 167.98 1.847900105103637
8400 168 1.846420667670521
8401 168.02 1.844882667870277
8402 168.04 1.84342464753917
8403 168.06 1.841987077237234
8404 168.08 1.840510092106802
8405 168.1 1.839030925405927
8406 168.12 1.837647336828178
8407 168.14 1.83631266898781
8408 168.16 1.834926936238257
8409 168.18 1.833581087217959
8410 168.2 1.832278930360249
8411 168.22 1.831052557202349
8412 168.24 1.829773709471499
8413 168.26 1.828618029830433
8414 168.28 1.827454968172213
8415 168.3 1.826324763475821
8416 168.32 1.82525473280378
8417 168.34 1.824209317870895
8418 168.36 1.823106215238016
8419 168.38 1.822148316701143
8420 168.4 1.821182959260611
8421 168.42 1.82033220474263
8422 168.44 1.819412428545893
8423 168.46 1.818598756869999
8424 168.48 1.817819122315253
8425 168.5 1.817061762024125
8426 168.52 1.816402951953182
8427 168.54 1.81571017830396
8428 168.56 1.815077665758137
8429 168.58 1.814426993905174
8430 168.6 1.81384074583305
8431 168.62 1.813260231406536
8432 168.64 1.812806228913825
8433 168.66 1.812350453811655
8434 168.68 1.811919802076853
8435 168.7 1.811546886298106
8436 168.72 1.811200895745253
8437 168.74 1.810946619061729
8438 168.76 1.810766994803129
8439 168.78 1.810589360342143
8440 168.8 1.810412873402088
8441 168.82 1.810347592371872
8442 168.84 1.810282813047137
8443 168.86 1.810302420132778
8444 168.88 1.810315370552988
8445 168.9 1.810383487548274
8446 168.92 1.810453193467714
8447 168.94 1.810604838647364
8448 168.96 1.810754718775121
8449 168.98 1.810993947556495
8450 169 1.81125787997655
8451 169.02 1.811558702920008
8452 169.04 1.811904757791565
8453 169.06 1.812282274443246
8454 169.08 1.81277003503268
8455 169.1 1.813242110479221
8456 169.12 1.813755197680265
8457 169.14 1.814290559362885
8458 169.16 1.81478944900045
8459 169.18 1.815329930275096
8460 169.2 1.815932282859891
8461 169.22 1.816552685351629
8462 169.24 1.817196563324803
8463 169.26 1.817872281791751
8464 169.28 1.818508871760529
8465 169.3 1.819279092751805
8466 169.32 1.820011811956719
8467 169.34 1.82079402173319
8468 169.36 1.82157457132271
8469 169.38 1.822460190510015
8470 169.4 1.82326855211572
8471 169.42 1.82414674542005
8472 169.44 1.825079107626283
8473 169.46 1.82600741176218
8474 169.48 1.82693550193327
8475 169.5 1.827894650948235
8476 169.52 1.828823622639241
8477 169.54 1.829879159149478
8478 169.56 1.830946678210718
8479 169.58 1.831982454939046
8480 169.6 1.833063912186753
8481 169.62 1.834083801066401
8482 169.64 1.835167520379773
8483 169.66 1.836280062925077
8484 169.68 1.837385296512581
8485 169.7 1.83856201563408
8486 169.72 1.839665317824289
8487 169.74 1.840773317249776
8488 169.76 1.8418754275839
8489 169.78 1.843115415107133
8490 169.8 1.844255205639574
8491 169.82 1.845383376113598
8492 169.84 1.846530842128117
8493 169.86 1.847688126767276
8494 169.88 1.848875855413449
8495 169.9 1.850103090812113
8496 169.92 1.851305072844901
8497 169.94 1.852414463023892
8498 169.96 1.853613044506262
8499 169.98 1.854777697227012
8500 170 1.856003739337507
8501 170.02 1.857197119137409
8502 170.04 1.858384813347881
8503 170.06 1.859602041387086
8504 170.08 1.860769918445624
8505 170.1 1.861954759603084
8506 170.12 1.863097972418721
8507 170.14 1.86423810219693
8508 170.16 1.865381627807493
8509 170.18 1.866492344479824
8510 170.2 1.86756427917485
8511 170.22 1.86866838496049
8512 170.24 1.869715301959187
8513 170.26 1.870804382101569
8514 170.28 1.871844054481475
8515 170.3 1.872732203739372
8516 170.32 1.873741214643001
8517 170.34 1.87471427903526
8518 170.36 1.875694401823793
8519 170.38 1.876614141629428
8520 170.4 1.877570448555019
8521 170.42 1.87844791951476
8522 170.44 1.879315319664406
8523 170.46 1.880131361444951
8524 170.48 1.88087379301793
8525 170.5 1.881637252127885
8526 170.52 1.882297255089924
8527 170.54 1.882989879724809
8528 170.56 1.883594948723389
8529 170.58 1.884174306433452
8530 170.6 1.884793385498658
8531 170.62 1.885360101407367
8532 170.64 1.88591535602537
8533 170.66 1.886384435332612
8534 170.68 1.886830270939492
8535 170.7 1.887218372684065
8536 170.72 1.887568260607781
8537 170.74 1.887867278763935
8538 170.76 1.888092618622286
8539 170.78 1.888287369061378
8540 170.8 1.8884074358301
8541 170.82 1.888462770955473
8542 170.84 1.888477569478406
8543 170.86 1.88842736145162
8544 170.88 1.888316679736313
8545 170.9 1.888160091656813
8546 170.92 1.887986976790689
8547 170.94 1.887765484493024
8548 170.96 1.887425403749869
8549 170.98 1.887071151764678
8550 171 1.886527786953091
8551 171.02 1.886024889322738
8552 171.04 1.885419108216932
8553 171.06 1.884759795148002
8554 171.08 1.884088790022176
8555 171.1 1.883370408696854
8556 171.12 1.88252765211616
8557 171.14 1.881681389276496
8558 171.16 1.880766759440498
8559 171.18 1.879798104550326
8560 171.2 1.87882495394364
8561 171.22 1.877816771609966
8562 171.24 1.876683583780783
8563 171.26 1.875587239037905
8564 171.28 1.874523217626741
8565 171.3 1.873416358639809
8566 171.32 1.872257707819962
8567 171.34 1.871049160462637
8568 171.36 1.869836800770914
8569 171.38 1.86853160976994
8570 171.4 1.867277198796782
8571 171.42 1.865843663753317
8572 171.44 1.864609237634055
8573 171.46 1.863280906081231
8574 171.48 1.86190795565935
8575 171.5 1.86048255916387
8576 171.52 1.859022561231697
8577 171.54 1.857536493241099
8578 171.56 1.85610536994645
8579 171.58 1.854669927134403
8580 171.6 1.853217607253676
8581 171.62 1.851724515702246
8582 171.64 1.850221134799142
8583 171.66 1.848696256997126
8584 171.68 1.847218495119045
8585 171.7 1.845714615572496
8586 171.72 1.844227293514252
8587 171.74 1.842768373010594
8588 171.76 1.841322371408036
8589 171.78 1.839873167699842
8590 171.8 1.838375460539109
8591 171.82 1.837023770894362
8592 171.84 1.83567936513212
8593 171.86 1.834408935046084
8594 171.88 1.833067039782099
8595 171.9 1.831787574124816
8596 171.92 1.830528334086013
8597 171.94 1.829312524131882
8598 171.96 1.828177832059203
8599 171.98 1.827029300747877
8600 172 1.825877899539937
8601 172.02 1.824749827680377
8602 172.04 1.823702183213763
8603 172.06 1.822700713780281
8604 172.08 1.821783937761539
8605 172.1 1.820825653030085
8606 172.12 1.81996404992952
8607 172.14 1.819097630811366
8608 172.16 1.818301140034218
8609 172.18 1.817583852069585
8610 172.2 1.81683920353935
8611 172.22 1.816159125291123
8612 172.24 1.815487547739201
8613 172.26 1.814830425651069
8614 172.28 1.814196866528613
8615 172.3 1.813611468671885
8616 172.32 1.813096053721222
8617 172.34 1.812589230906968
8618 172.36 1.812173817990842
8619 172.38 1.81178968642079
8620 172.4 1.811432425670071
8621 172.42 1.811155669842791
8622 172.44 1.810829165508607
8623 172.46 1.81062464864419
8624 172.48 1.810507833885467
8625 172.5 1.810391579877466
8626 172.52 1.810338663108843
8627 172.54 1.810267440525585
8628 172.56 1.810294015924942
8629 172.58 1.810352592665357
8630 172.6 1.810442156504204
8631 172.62 1.81054170036282
8632 172.64 1.810730455995442
8633 172.66 1.81093639988487
8634 172.68 1.811116156201848
8635 172.7 1.811380772513667
8636 172.72 1.811666079086341
8637 172.74 1.812068697204792
8638 172.76 1.812535705989617
8639 172.78 1.812983279619832
8640 172.8 1.813486880590222
8641 172.82 1.814085606876995
8642 172.84 1.814561083075897
8643 172.86 1.815065196777211
8644 172.88 1.81557058313708
8645 172.9 1.816163733293299
8646 172.92 1.816760351052495
8647 172.94 1.817461141423957
8648 172.96 1.818143025165141
8649 172.98 1.818923841936911
8650 173 1.819651310130276
8651 173.02 1.820462044012825
8652 173.04 1.821178388000082
8653 173.06 1.821985189772228
8654 173.08 1.822802289281989
8655 173.1 1.82360426913656
8656 173.12 1.824376174697377
8657 173.14 1.825365345239315
8658 173.16 1.826349034229628
8659 173.18 1.827364886053814
8660 173.2 1.828356982837896
8661 173.22 1.829285793522416
8662 173.24 1.83029985352487
8663 173.26 1.831302979781912
8664 173.28 1.832366125491167
8665 173.3 1.833422406392348
8666 173.32 1.83447917207258
8667 173.34 1.835610416723699
8668 173.36 1.836726791427679
8669 173.38 1.837861874624251
8670 173.4 1.839007957518684
8671 173.42 1.840125423216434
8672 173.44 1.841151665214734
8673 173.46 1.842340732871042
8674 173.48 1.843521953125686
8675 173.5 1.844695659363368
8676 173.52 1.845837002344757
8677 173.54 1.847010468477298
8678 173.56 1.848203986390854
8679 173.58 1.849382352482609
8680 173.6 1.850604819972488
8681 173.62 1.851674858652222
8682 173.64 1.8529305628023
8683 173.66 1.854084845485641
8684 173.68 1.855292777254825
8685 173.7 1.856476021808238
8686 173.72 1.857666927328451
8687 173.74 1.85890719636596
8688 173.76 1.860126207411916
8689 173.78 1.861248428065694
8690 173.8 1.862368337886648
8691 173.82 1.863576910996237
8692 173.84 1.864741174304744
8693 173.86 1.865802568618188
8694 173.88 1.86692240671788
8695 173.9 1.868040151479426
8696 173.92 1.869073886606133
8697 173.94 1.870133886141592
8698 173.96 1.871176095727774
8699 173.98 1.872183315584137
8700 174 1.873165432690338
8701 174.02 1.874228501575437
8702 174.04 1.875159742202975
8703 174.06 1.876079119160349
8704 174.08 1.877010432315376
8705 174.1 1.87789184598625
8706 174.12 1.878782682414406
8707 174.14 1.879661752333461
8708 174.16 1.880427674175762
8709 174.18 1.881213900681163
8710 174.2 1.881947744784859
8711 174.22 1.882599822392764
8712 174.24 1.883308307638339
8713 174.26 1.88391695371214
8714 174.28 1.884491787320981
8715 174.3 1.885072382430732
8716 174.32 1.885655996223447
8717 174.34 1.88619923868007
8718 174.36 1.886681366724483
8719 174.38 1.887131613484317
8720 174.4 1.887456599759632
8721 174.42 1.887787039258845
8722 174.44 1.888034979424118
8723 174.46 1.888242868533003
8724 174.48 1.888409324942896
8725 174.5 1.888535117199472
8726 174.52 1.888550165254735
8727 174.54 1.888514971524621
8728 174.56 1.888466850021841
8729 174.58 1.888322043615525
8730 174.6 1.888193829989363
8731 174.62 1.887972872147876
8732 174.64 1.887717281958707
8733 174.66 1.887308061643153
8734 174.68 1.886857559705966
8735 174.7 1.886360454303838
8736 174.72 1.885788002159225
8737 174.74 1.88516260119362
8738 174.76 1.884584698271808
8739 174.78 1.883838427883503
8740 174.8 1.883113126526783
8741 174.82 1.882235037646118
8742 174.84 1.88140860971416
8743 174.86 1.880385034376006
8744 174.88 1.879474538606804
8745 174.9 1.878448026585791
8746 174.92 1.877318104613978
8747 174.94 1.87628044873489
8748 174.96 1.875179708838919
8749 174.98 1.874087670794086
8750 175 1.872908956306049
8751 175.02 1.871825742179973
8752 175.04 1.870565585591104
8753 175.06 1.869279925540944
8754 175.08 1.868001959916957
8755 175.1 1.866716656707629
8756 175.12 1.865296271843561
8757 175.14 1.864034786842961
8758 175.16 1.862700736196746
8759 175.18 1.861294220187008
8760 175.2 1.859863060004409
8761 175.22 1.85842094987764
8762 175.24 1.856907343534205
8763 175.26 1.855474019168365
8764 175.28 1.854043961545282
8765 175.3 1.852541727591126
8766 175.32 1.851068445171126
8767 175.34 1.849558313625291
8768 175.36 1.848091658016443
8769 175.38 1.84662605634017
8770 175.4 1.845103037357788
8771 175.42 1.843647308812966
8772 175.44 1.84217730644458
8773 175.46 1.840725417832412
8774 175.48 1.839214127305095
8775 175.5 1.837872401540335
8776 175.52 1.836492313803774
8777 175.54 1.83510624009498
8778 175.56 1.833785123212614
8779 175.58 1.832475159854615
8780 175.6 1.831221696724548
8781 175.62 1.82994886343733
8782 175.64 1.828781818562393
8783 175.66 1.82761543476688
8784 175.68 1.82649157617508
8785 175.7 1.825395667136081
8786 175.72 1.824355662965449
8787 175.74 1.823259579950129
8788 175.76 1.822287806416658
8789 175.78 1.821313898414386
8790 175.8 1.820457311377786
8791 175.82 1.819535124119639
8792 175.84 1.81871647857822
8793 175.86 1.817927476067462
8794 175.88 1.817157389351853
8795 175.9 1.816511313697533
8796 175.92 1.815817150935387
8797 175.94 1.815182127181276
8798 175.96 1.814500314429712
8799 175.98 1.813932160531099
8800 176 1.813343374969957
8801 176.02 1.812886185140195
8802 176.04 1.812406609891042
8803 176.06 1.811989820735065
8804 176.08 1.81160969179687
8805 176.1 1.811254530394196
8806 176.12 1.811003097453514
8807 176.14 1.810775473491086
8808 176.16 1.810626578666739
8809 176.18 1.810442087439706
8810 176.2 1.810369182513679
8811 176.22 1.810299019128386
8812 176.24 1.810311017128513
8813 176.26 1.810326742907995
8814 176.28 1.810378510760798
8815 176.3 1.810467924573272
8816 176.32 1.810586130992651
8817 176.34 1.810743797577227
8818 176.36 1.810960287087608
8819 176.38 1.811241896504952
8820 176.4 1.811531783447184
8821 176.42 1.811870647216975
8822 176.44 1.812236680113211
8823 176.46 1.812704246096016
8824 176.48 1.813183343503547
8825 176.5 1.813704633315197
8826 176.52 1.81423780483096
8827 176.54 1.81473058158572
8828 176.56 1.815264558343976
8829 176.58 1.815862284697498
8830 176.6 1.816475597598797
8831 176.62 1.817119808384195
8832 176.64 1.817769221658548
8833 176.66 1.818465250072389
8834 176.68 1.819163118760424
8835 176.7 1.819927370244405
8836 176.72 1.820689656450321
8837 176.74 1.821476751384493
8838 176.76 1.822358379207234
8839 176.78 1.823161977150379
8840 176.8 1.824032521799567
8841 176.82 1.824942541500768
8842 176.84 1.825891012229951
8843 176.86 1.826827415030235
8844 176.88 1.827782636645745
8845 176.9 1.828696352464622
8846 176.92 1.829748467755136
8847 176.94 1.830819219902388
8848 176.96 1.831873506512567
8849 176.98 1.832891834611417
8850 177 1.833947029088185
8851 177.02 1.83501026837032
8852 177.04 1.83615320158035
8853 177.06 1.8372264341984
8854 177.08 1.838398860078122
8855 177.1 1.839540498024104
8856 177.12 1.840604711346082
8857 177.14 1.841764081902421
8858 177.16 1.842956720150412
8859 177.18 1.84410576046109
8860 177.2 1.845234589373818
8861 177.22 1.846374630691003
8862 177.24 1.847528540821661
8863 177.26 1.848738501934115
8864 177.28 1.849952768627894
8865 177.3 1.851144074285099
8866 177.32 1.852265072642345
8867 177.34 1.85345205112351
8868 177.36 1.854599294763384
8869 177.38 1.855847216704089
8870 177.4 1.85703889052549
8871 177.42 1.858239998062315
8872 177.44 1.85943744148178
8873 177.46 1.860625309952958
8874 177.48 1.861798364445424
8875 177.5 1.862938900402015
8876 177.52 1.864084919597151
8877 177.54 1.86522722794421
8878 177.56 1.866353457730437
8879 177.58 1.867424754510505
8880 177.6 1.868525181631244
8881 177.62 1.869571335345156
8882 177.64 1.870663163076531
8883 177.66 1.871705013452451
8884 177.68 1.872597114721515
8885 177.7 1.873601296276073
8886 177.72 1.874615520086443
8887 177.74 1.875569426378299
8888 177.76 1.876476203692746
8889 177.78 1.877448548707273
8890 177.8 1.878345337067785
8891 177.82 1.87919378837486
8892 177.84 1.880003705474609
8893 177.86 1.880785749596959
8894 177.88 1.881483945810266
8895 177.9 1.882271872482517
8896 177.92 1.882881958330392
8897 177.94 1.883524482780832
8898 177.96 1.8840950730454
8899 177.98 1.884708977721701
8900 178 1.885284282351013
8901 178.02 1.885834861970963
8902 178.04 1.886345594426105
8903 178.06 1.886781117138643
8904 178.08 1.887167762591057
8905 178.1 1.887500292161683
8906 178.12 1.88784201912532
8907 178.14 1.888056962930462
8908 178.16 1.888252836104102
8909 178.18 1.888395269262861
8910 178.2 1.888473107122593
8911 178.22 1.888475445920269
8912 178.24 1.888425241366839
8913 178.26 1.888326091343117
8914 178.28 1.888183655256028
8915 178.3 1.888028878159246
8916 178.32 1.887802654972781
8917 178.34 1.887472379877382
8918 178.36 1.887122821246073
8919 178.38 1.886596441435859
8920 178.4 1.886091382782042
8921 178.42 1.885504195312994
8922 178.44 1.884849781990307
8923 178.46 1.884172378468179
8924 178.48 1.883470074249955
8925 178.5 1.882626298081332
8926 178.52 1.881806285721489
8927 178.54 1.880859199393807
8928 178.56 1.87994243873545
8929 178.58 1.878953788871117
8930 178.6 1.877925372394887
8931 178.62 1.876852799549881
8932 178.64 1.875712262483706
8933 178.66 1.87466353115434
8934 178.68 1.873559198453668
8935 178.7 1.872415363351574
8936 178.72 1.87121386001792
8937 178.74 1.869995948497534
8938 178.76 1.868689107928065
8939 178.78 1.86741407079913
8940 178.8 1.866055444150045
8941 178.82 1.864763261010232
8942 178.84 1.863458046080922
8943 178.86 1.862086922861447
8944 178.88 1.860666714881425
8945 178.9 1.859218245176331
8946 178.92 1.857729472863275
8947 178.94 1.856291910680047
8948 178.96 1.854856266947027
8949 178.98 1.853397936835934
8950 179 1.851940506237484
8951 179.02 1.850424366113822
8952 179.04 1.848888212970082
8953 179.06 1.847433993451437
8954 179.08 1.845898550382164
8955 179.1 1.844433409753959
8956 179.12 1.842950529462951
8957 179.14 1.841514196677144
8958 179.16 1.840057983657823
8959 179.18 1.838589558980749
8960 179.2 1.837195643252228
8961 179.22 1.835861340071551
8962 179.24 1.834567078278844
8963 179.26 1.833213563549424
8964 179.28 1.831958923136908
8965 179.3 1.830704552356407
8966 179.32 1.829476968738913
8967 179.34 1.828329467959716
8968 179.36 1.827183377865753
8969 179.38 1.826029747903774
8970 179.4 1.824901654880078
8971 179.42 1.823835535716869
8972 179.44 1.822845632819242
8973 179.46 1.821906786595037
8974 179.48 1.820951096416549
8975 179.5 1.820061123314446
8976 179.52 1.81923338728499
8977 179.54 1.818425185012383
8978 179.56 1.817665836060673
8979 179.58 1.816940560767852
8980 179.6 1.816255057515735
8981 179.62 1.815588253164768
8982 179.64 1.814932466469159
8983 179.66 1.814276221258047
8984 179.68 1.813706977639156
8985 179.7 1.813149181452797
8986 179.72 1.812670357438174
8987 179.74 1.81223598377709
8988 179.76 1.811835985038825
8989 179.78 1.811485244964545
8990 179.8 1.81120051598412
8991 179.82 1.810876549437421
8992 179.84 1.810653709876739
8993 179.86 1.810528574165048
8994 179.88 1.810419223361018
8995 179.9 1.810333670230882
8996 179.92 1.810296977785205
8997 179.94 1.810302092427955
8998 179.96 1.810339106695616
8999 179.98 1.810429391264123
9000 180 1.810542394819824
9001 180.02 1.810717006663274
9002 180.04 1.810911306244097
9003 180.06 1.811110844988193
9004 180.08 1.811353086162291
9005 180.1 1.811633436086364
9006 180.12 1.812014136678555
9007 180.14 1.812465760991907
9008 180.16 1.812964411332365
9009 180.18 1.813400994577503
9010 180.2 1.814036543233469
9011 180.22 1.814498734151066
9012 180.24 1.815010531740297
9013 180.26 1.815502687756961
9014 180.28 1.816092485017252
9015 180.3 1.816680536867569
9016 180.32 1.817367498582277
9017 180.34 1.818055069115402
9018 180.36 1.818837058502569
9019 180.38 1.819565532135015
9020 180.4 1.820359629090337
9021 180.42 1.821112247197395
9022 180.44 1.821862709460163
9023 180.46 1.822708311420192
9024 180.48 1.823494060438424
9025 180.5 1.824273007391833
9026 180.52 1.825245191127982
9027 180.54 1.82620031374991
9028 180.56 1.827271402878048
9029 180.58 1.828231157881535
9030 180.6 1.829155995567605
9031 180.62 1.83020867433051
9032 180.64 1.831145436661603
9033 180.66 1.83221942882236
9034 180.68 1.833308090873275
9035 180.7 1.834332643983476
9036 180.72 1.835476118536426
9037 180.74 1.83662288445745
9038 180.76 1.837674358783637
9039 180.78 1.838847185520934
9040 180.8 1.840027582460495
9041 180.82 1.840988567875668
9042 180.84 1.842190231804877
9043 180.86 1.843371862341394
9044 180.88 1.844533889769828
9045 180.9 1.845695328279538
9046 180.92 1.846873717341425
9047 180.94 1.848037027805393
9048 180.96 1.849225566494385
9049 180.98 1.850442950105451
9050 181 1.851530703793183
9051 181.02 1.852770478499303
9052 181.04 1.85392837073649
9053 181.06 1.855129412372346
9054 181.08 1.856313513062991
9055 181.1 1.857514825760967
9056 181.12 1.858743281045446
9057 181.14 1.859961677035681
9058 181.16 1.861115824128915
9059 181.18 1.862211651137003
9060 181.2 1.863424092492194
9061 181.22 1.864604691196735
9062 181.24 1.86566064681558
9063 181.26 1.866793767397513
9064 181.28 1.8678585448603
9065 181.3 1.868954461950445
9066 181.32 1.869992873372046
9067 181.34 1.871047345820959
9068 181.36 1.872130888503323
9069 181.38 1.87300271877812
9070 181.4 1.874103607011976
9071 181.42 1.87502934559267
9072 181.44 1.875959731212682
9073 181.46 1.876888961921791
9074 181.48 1.877749130017214
9075 181.5 1.878697738841908
9076 181.52 1.879539503721286
9077 181.54 1.880321360508468
9078 181.56 1.881119431747883
9079 181.58 1.881848161074189
9080 181.6 1.882518083716586
9081 181.62 1.883219920332964
9082 181.64 1.883833405344927
9083 181.66 1.884415339733432
9084 181.68 1.884987488196865
9085 181.7 1.885571249567553
9086 181.72 1.88613503483128
9087 181.74 1.886612171612978
9088 181.76 1.887077026558779
9089 181.78 1.887417557602949
9090 181.8 1.887738583572031
9091 181.82 1.887996623262387
9092 181.84 1.88818426702746
9093 181.86 1.888424873619853
9094 181.88 1.888499344756985
9095 181.9 1.888532430510425
9096 181.92 1.88854223021759
9097 181.94 1.888451847924978
9098 181.96 1.888380657434735
9099 181.98 1.888203786070253
9100 182 1.887974950228381
9101 182.02 1.887762851058023
9102 182.04 1.887352246131541
9103 182.06 1.886920854062853
9104 182.08 1.886427803520409
9105 182.1 1.885841864614498
9106 182.12 1.885250826230502
9107 182.14 1.884690770588511
9108 182.16 1.883936051717972
9109 182.18 1.88320173427703
9110 182.2 1.882390733299891
9111 182.22 1.881523186327501
9112 182.24 1.880504606538018
9113 182.26 1.879585920169624
9114 182.28 1.878599584931354
9115 182.3 1.877444473253744
9116 182.32 1.876433280962559
9117 182.34 1.875319744564669
9118 182.36 1.874204584803532
9119 182.38 1.873095993309258
9120 182.4 1.871965428830846
9121 182.42 1.87069098259296
9122 182.44 1.869463619451423
9123 182.46 1.868162254262444
9124 182.48 1.866877037676524
9125 182.5 1.865492103815033
9126 182.52 1.864210123100716
9127 182.54 1.862873180654697
9128 182.56 1.861486573189109
9129 182.58 1.860043520506003
9130 182.6 1.858617736448534
9131 182.62 1.85711798137094
9132 182.64 1.855649438922206
9133 182.66 1.854234175644441
9134 182.68 1.852724442462743
9135 182.7 1.851269692386859
9136 182.72 1.849748182077961
9137 182.74 1.84830385342417
9138 182.76 1.846787256262466
9139 182.78 1.845303246302175
9140 182.8 1.843808376769955
9141 182.82 1.842368767874762
9142 182.84 1.840919899895705
9143 182.86 1.839393750175026
9144 182.88 1.838059935106847
9145 182.9 1.836669570612534
9146 182.92 1.835300645763917
9147 182.94 1.833952146553358
9148 182.96 1.832652584264121
9149 182.98 1.831370785295988
9150 183 1.830130301960734
9151 183.02 1.82893212377172
9152 183.04 1.827769820068281
9153 183.06 1.826632230408402
9154 183.08 1.825541045143849
9155 183.1 1.824507593118473
9156 183.12 1.82339955917272
9157 183.14 1.822410734021353
9158 183.16 1.821455256255298
9159 183.18 1.820558381134368
9160 183.2 1.819652513618209
9161 183.22 1.818817236319781
9162 183.24 1.818047922701262
9163 183.26 1.817252275176609
9164 183.28 1.816604188763126
9165 183.3 1.815906370047122
9166 183.32 1.815255130159111
9167 183.34 1.814606894132112
9168 183.36 1.814008403512194
9169 183.38 1.813408291780861
9170 183.4 1.812951344960156
9171 183.42 1.812474878682277
9172 183.44 1.812040658058326
9173 183.46 1.811664939412536
9174 183.48 1.811307876104186
9175 183.5 1.811040037322251
9176 183.52 1.810797462637533
9177 183.54 1.81066241008476
9178 183.56 1.810460750271785
9179 183.58 1.810378819738973
9180 183.6 1.810313153390504
9181 183.62 1.810311580085662
9182 183.64 1.810328080870651
9183 183.66 1.810363038227808
9184 183.68 1.810453970537014
9185 183.7 1.810590448329087
9186 183.72 1.810721170661487
9187 183.74 1.810932107787604
9188 183.76 1.811205108633966
9189 183.78 1.811490791165892
9190 183.8 1.811833080422645
9191 183.82 1.812187669632185
9192 183.84 1.812649902707641
9193 183.86 1.813128398639545
9194 183.88 1.813644746061631
9195 183.9 1.814184548058168
9196 183.92 1.8146698132918
9197 183.94 1.815194329585448
9198 183.96 1.815792785690245
9199 183.98 1.816410711705154
9200 184 1.817031940508229
9201 184.02 1.817688211831419
9202 184.04 1.818382105550221
9203 184.06 1.819052441572998
9204 184.08 1.81984283408261
9205 184.1 1.820595217692989
9206 184.12 1.821383238272152
9207 184.14 1.822241801019696
9208 184.16 1.823064504676685
9209 184.18 1.823916951575496
9210 184.2 1.824848125791684
9211 184.22 1.825778645046031
9212 184.24 1.826703524645735
9213 184.26 1.827658267254441
9214 184.28 1.828586987071671
9215 184.3 1.829617005319585
9216 184.32 1.830683189773529
9217 184.34 1.831736457998833
9218 184.36 1.832767796473946
9219 184.38 1.833811234170978
9220 184.4 1.834879718207228
9221 184.42 1.836032575287167
9222 184.44 1.837079118830285
9223 184.46 1.838255369210541
9224 184.48 1.839404270081376
9225 184.5 1.840464584338387
9226 184.52 1.841609038407674
9227 184.54 1.842801688284503
9228 184.56 1.843961004076196
9229 184.58 1.845095335674134
9230 184.6 1.846222093562664
9231 184.62 1.847420960417313
9232 184.64 1.848554155271335
9233 184.66 1.849805277295862
9234 184.68 1.850990558360629
9235 184.7 1.852117470357141
9236 184.72 1.85330205731518
9237 184.74 1.854446113511781
9238 184.76 1.855693476890795
9239 184.78 1.856883820300386
9240 184.8 1.85808513908114
9241 184.82 1.859297366269026
9242 184.84 1.860440752074622
9243 184.86 1.861669007285589
9244 184.88 1.862786871679409
9245 184.9 1.863936611805462
9246 184.92 1.865079462345646
9247 184.94 1.866211623514353
9248 184.96 1.867283841035959
9249 184.98 1.868351504550692
9250 185 1.869458031187245
9251 185.02 1.870529824049781
9252 185.04 1.871576298637339
9253 185.06 1.872454329077159
9254 185.08 1.87347660527496
9255 185.1 1.874484700230016
9256 185.12 1.875426826246348
9257 185.14 1.876361179342056
9258 185.16 1.877330732249022
9259 185.18 1.878231096976372
9260 185.2 1.879080180299846
9261 185.22 1.879900950549374
9262 185.24 1.880673948951501
9263 185.26 1.881411593204457
9264 185.28 1.88217906530184
9265 185.3 1.882799638053707
9266 185.32 1.883430277260039
9267 185.34 1.884034570450334
9268 185.36 1.884625418663576
9269 185.38 1.88521261554717
9270 185.4 1.88576157640631
9271 185.42 1.886277581577074
9272 185.44 1.886733286591587
9273 185.46 1.887106801817691
9274 185.48 1.887468717255586
9275 185.5 1.887809785856059
9276 185.52 1.888023134280051
9277 185.54 1.888225449688511
9278 185.56 1.888377349577454
9279 185.58 1.888472140965659
9280 185.6 1.888474407054
9281 185.62 1.888418381194822
9282 185.64 1.888340437336119
9283 185.66 1.888207153551163
9284 185.68 1.888052582090528
9285 185.7 1.887835456555861
9286 185.72 1.887503252048995
9287 185.74 1.887188860696285
9288 185.76 1.886656048724474
9289 185.78 1.886149441792769
9290 185.8 1.885555069926025
9291 185.82 1.884941009140947
9292 185.84 1.884244730086955
9293 185.86 1.88355546352685
9294 185.88 1.882739577770739
9295 185.9 1.881915572629178
9296 185.92 1.880994125855267
9297 185.94 1.880057560417881
9298 185.96 1.879074924918935
9299 185.98 1.878054157070652
9300 186 1.876987210301295
9301 186.02 1.875865244048527
9302 186.04 1.874796627830665
9303 186.06 1.87370365738494
9304 186.08 1.872553346831697
9305 186.1 1.871378928713304
9306 186.12 1.870147831686883
9307 186.14 1.868855827052261
9308 186.16 1.867575806387939
9309 186.18 1.866235686248094
9310 186.2 1.864928506407894
9311 186.22 1.863618946472128
9312 186.24 1.862263693904986
9313 186.26 1.860851471964889
9314 186.28 1.859403330273487
9315 186.3 1.857920240043213
9316 186.32 1.856478979580757
9317 186.34 1.855039325591445
9318 186.36 1.853579074556468
9319 186.38 1.852127995030288
9320 186.4 1.850617280688074
9321 186.42 1.849080275457172
9322 186.44 1.847608166955931
9323 186.46 1.846083234869549
9324 186.48 1.844634470007708
9325 186.5 1.843122056275429
9326 186.52 1.841716765249633
9327 186.54 1.84022860860063
9328 186.56 1.83876572663317
9329 186.58 1.837397428057438
9330 186.6 1.836012977319386
9331 186.62 1.834732101387769
9332 186.64 1.833370782121388
9333 186.66 1.832154125716474
9334 186.68 1.8308755593878
9335 186.7 1.829634540913655
9336 186.72 1.828466982441688
9337 186.74 1.827331154501002
9338 186.76 1.826182800460015
9339 186.78 1.825047759738061
9340 186.8 1.823963243481854
9341 186.82 1.822985110066087
9342 186.84 1.822022475740766
9343 186.86 1.821081886202654
9344 186.88 1.82016898448539
9345 186.9 1.819339182883567
9346 186.92 1.818541436586602
9347 186.94 1.817761317657862
9348 186.96 1.817039211550726
9349 186.98 1.81632986624339
9350 187 1.815682714447504
9351 187.02 1.814988753849612
9352 187.04 1.814383930994239
9353 187.06 1.81377334394002
9354 187.08 1.813217484545816
9355 187.1 1.812757519438648
9356 187.12 1.81226116608856
9357 187.14 1.811896343566003
9358 187.16 1.81153994722189
9359 187.18 1.811240561699138
9360 187.2 1.810913067132223
9361 187.22 1.81067971375551
9362 187.24 1.810548244204119
9363 187.26 1.810433449536273
9364 187.28 1.810367745017581
9365 187.3 1.810273817707141
9366 187.32 1.810313238124386
9367 187.34 1.810336000332986
9368 187.36 1.810421516407196
9369 187.38 1.810534386116403
9370 187.4 1.810694155689931
9371 187.42 1.810880793830743
9372 187.44 1.81109071420615
9373 187.46 1.811304737037114
9374 187.48 1.811609185378844
9375 187.5 1.811961032412111
9376 187.52 1.81241189427403
9377 187.54 1.812896612358074
9378 187.56 1.813351461637128
9379 187.58 1.813962358372625
9380 187.6 1.814443259946328
9381 187.62 1.814948911547575
9382 187.64 1.81543413677698
9383 187.66 1.816021353023643
9384 187.68 1.816603869244747
9385 187.7 1.817278608707091
9386 187.72 1.81797220974806
9387 187.74 1.818737508796764
9388 187.76 1.819476376504741
9389 187.78 1.820251801611936
9390 187.8 1.82100404111638
9391 187.82 1.82178649840521
9392 187.84 1.822595223004917
9393 187.86 1.823392884274861
9394 187.88 1.824169221752068
9395 187.9 1.825122554176573
9396 187.92 1.82606184710869
9397 187.94 1.827148990395474
9398 187.96 1.828116533111386
9399 187.98 1.829019430998075
9400 188 1.830086179134552
9401 188.02 1.83101613717762
9402 188.04 1.832081565334339
9403 188.06 1.833168763499325
9404 188.08 1.83419367777962
9405 188.1 1.835327614271507
9406 188.12 1.836472961635539
9407 188.14 1.837534123960488
9408 188.16 1.838714216071434
9409 188.18 1.839878756202697
9410 188.2 1.8408441778261
9411 188.22 1.84203861532157
9412 188.24 1.843221577323865
9413 188.26 1.844382835092194
9414 188.28 1.845540331454684
9415 188.3 1.846721831554907
9416 188.32 1.84789344496076
9417 188.34 1.84907619609464
9418 188.36 1.850250710270232
9419 188.38 1.851400347851297
9420 188.4 1.852613595240745
9421 188.42 1.853772278175448
9422 188.44 1.854955544369194
9423 188.46 1.85618589244894
9424 188.48 1.857343613865225
9425 188.5 1.858594849745403
9426 188.52 1.85980785157583
9427 188.54 1.860970237669351
9428 188.56 1.862058977640364
9429 188.58 1.863269153453216
9430 188.6 1.864453755675737
9431 188.62 1.865556954962792
9432 188.64 1.866634234720953
9433 188.66 1.867737926362979
9434 188.68 1.8687889401533
9435 188.7 1.869877721554928
9436 188.72 1.870937791075504
9437 188.74 1.871958672053782
9438 188.76 1.87290133599833
9439 188.78 1.873974092631967
9440 188.8 1.874915954015327
9441 188.82 1.875822993069441
9442 188.84 1.876770759154252
9443 188.86 1.877665805251158
9444 188.88 1.878577053766304
9445 188.9 1.879421400623249
9446 188.92 1.880244945753699
9447 188.94 1.88101651017089
9448 188.96 1.881756833817726
9449 188.98 1.882435305946333
9450 189 1.88313512552696
9451 189.02 1.883771796718964
9452 189.04 1.884370544279985
9453 189.06 1.884897242071659
9454 189.08 1.885503061599141
9455 189.1 1.886066322190309
9456 189.12 1.88657056195125
9457 189.14 1.887011151725513
9458 189.16 1.887377494221157
9459 189.18 1.887705551904133
9460 189.2 1.887980230622029
9461 189.22 1.888155834429368
9462 189.24 1.888411893882902
9463 189.26 1.888466552890301
9464 189.28 1.888559575411833
9465 189.3 1.888526742612326
9466 189.32 1.888507915462407
9467 189.34 1.888332541763285
9468 189.36 1.888256874541615
9469 189.38 1.887970274781999
9470 189.4 1.887796259514131
9471 189.42 1.887399399199925
9472 189.44 1.886986208174065
9473 189.46 1.886503543091823
9474 189.48 1.885917102046293
9475 189.5 1.885380484090355
9476 189.52 1.884734791248942
9477 189.54 1.884048350831147
9478 189.56 1.883281376663609
9479 189.58 1.882477878103227
9480 189.6 1.88164834303528
9481 189.62 1.880611415764885
9482 189.64 1.879714920145154
9483 189.66 1.878740319570433
9484 189.68 1.877628608925819
9485 189.7 1.876566498043585
9486 189.72 1.875493404392472
9487 189.74 1.874319791611391
9488 189.76 1.873245256447518
9489 189.78 1.872087294617008
9490 189.8 1.870860842323845
9491 189.82 1.869591199598264
9492 189.84 1.868345834210415
9493 189.86 1.867043679060447
9494 189.88 1.865672346298533
9495 189.9 1.864364384723979
9496 189.92 1.863041459325449
9497 189.94 1.861654720442167
9498 189.96 1.860226089751813
9499 189.98 1.858810161014212
9500 190 1.85729642294761
9501 190.02 1.855837771931999
9502 190.04 1.854408805989451
9503 190.06 1.852927349239175
9504 190.08 1.851457706132702
9505 190.1 1.849945538821687
9506 190.12 1.848471585487245
9507 190.14 1.847003161356895
9508 190.16 1.845461154279527
9509 190.18 1.844035734013155
9510 190.2 1.842527260559147
9511 190.22 1.841112318550342
9512 190.24 1.83957705704207
9513 190.26 1.838236992066444
9514 190.28 1.836840599271485
9515 190.3 1.835486111664611
9516 190.32 1.834121385650711
9517 190.34 1.832812332195443
9518 190.36 1.831529506756633
9519 190.38 1.830291909964976
9520 190.4 1.829078666272892
9521 190.42 1.827912209359659
9522 190.44 1.826782228197787
9523 190.46 1.825693880637527
9524 190.48 1.824615731270015
9525 190.5 1.823533941201684
9526 190.52 1.822534970549563
9527 190.54 1.82157077660936
9528 190.56 1.820682161753186
9529 190.58 1.819768941614454
9530 190.6 1.818920127292437
9531 190.62 1.818149404292551
9532 190.64 1.81736701916056
9533 190.66 1.816657830312734
9534 190.68 1.816008512459078
9535 190.7 1.815320002003216
9536 190.72 1.814707868973822
9537 190.74 1.814081731095414
9538 190.76 1.81347742871225
9539 190.78 1.813030206100289
9540 190.8 1.812512479921681
9541 190.82 1.812087869421463
9542 190.84 1.811718556761593
9543 190.86 1.81135677549043
9544 190.88 1.811067836382407
9545 190.9 1.810825741664873
9546 190.92 1.810685096864885
9547 190.94 1.81048369552612
9548 190.96 1.810391912920164
9549 190.98 1.810306003599029
9550 191 1.810322952110351
9551 191.02 1.810329704641708
9552 191.04 1.810350598029942
9553 191.06 1.810449556150526
9554 191.08 1.810560803870368
9555 191.1 1.810697047320369
9556 191.12 1.810907098160675
9557 191.14 1.81116880987805
9558 191.16 1.811456539038418
9559 191.18 1.811787544605614
9560 191.2 1.812137021337631
9561 191.22 1.812599608149634
9562 191.24 1.813062172658066
9563 191.26 1.813577933944415
9564 191.28 1.814136150672317
9565 191.3 1.814624292124243
9566 191.32 1.815111028101089
9567 191.34 1.815716571499593
9568 191.36 1.816325045352038
9569 191.38 1.816954173738396
9570 191.4 1.817606524230393
9571 191.42 1.818302268249145
9572 191.44 1.818955695437088
9573 191.46 1.819747497992374
9574 191.48 1.820499085161037
9575 191.5 1.821274873148711
9576 191.52 1.822131365225413
9577 191.54 1.822955794106569
9578 191.56 1.823816161049931
9579 191.58 1.824726242698834
9580 191.6 1.825640142777776
9581 191.62 1.8265886036082
9582 191.64 1.827532266409534
9583 191.66 1.828469009386362
9584 191.68 1.829502353434104
9585 191.7 1.83053674677285
9586 191.72 1.83160901627931
9587 191.74 1.832622074119885
9588 191.76 1.833669473641547
9589 191.78 1.834746698284796
9590 191.8 1.835874352192
9591 191.82 1.836936440193232
9592 191.84 1.838111138974625
9593 191.86 1.839257641303554
9594 191.88 1.840322938916541
9595 191.9 1.841454537578881
9596 191.92 1.84266441243986
9597 191.94 1.843821324756483
9598 191.96 1.844942405408607
9599 191.98 1.84607596401757
9600 192 1.847257680946742
9601 192.02 1.848400299224547
9602 192.04 1.849665895900422
9603 192.06 1.850838373732095
9604 192.08 1.851976907247229
9605 192.1 1.853128570628076
9606 192.12 1.85435059930801
9607 192.14 1.855517723622136
9608 192.16 1.856738365993056
9609 192.18 1.857920862487534
9610 192.2 1.859157511312659
9611 192.22 1.860284170238705
9612 192.24 1.861521332224568
9613 192.26 1.862640987332297
9614 192.28 1.863793135024947
9615 192.3 1.864932058042446
9616 192.32 1.866059464421147
9617 192.34 1.867159615472468
9618 192.36 1.868220446434265
9619 192.38 1.869303184899301
9620 192.4 1.870382965612354
9621 192.42 1.871451359775941
9622 192.44 1.872325650198903
9623 192.46 1.87335571774496
9624 192.48 1.874327229941138
9625 192.5 1.87532607866382
9626 192.52 1.876255656993179
9627 192.54 1.87722782742482
9628 192.56 1.878112294694953
9629 192.58 1.878986330723684
9630 192.6 1.879784738197581
9631 192.62 1.880553613410973
9632 192.64 1.881321425254131
9633 192.66 1.882085625538105
9634 192.68 1.88271162477243
9635 192.7 1.88335926027606
9636 192.72 1.883944794996966
9637 192.74 1.884539124237064
9638 192.76 1.885141421682826
9639 192.78 1.885689725277291
9640 192.8 1.88620348925049
9641 192.82 1.886694136638762
9642 192.84 1.887051665851892
9643 192.86 1.887424988927682
9644 192.88 1.887789153704271
9645 192.9 1.88799483768145
9646 192.92 1.888195405364603
9647 192.94 1.888359906699848
9648 192.96 1.888433782730208
9649 192.98 1.888491553831427
9650 193 1.88842047224966
9651 193.02 1.888337425067339
9652 193.04 1.888241413772806
9653 193.06 1.88807432340947
9654 193.08 1.887882737443384
9655 193.1 1.887551051234246
9656 193.12 1.887210419665088
9657 193.14 1.886736526095347
9658 193.16 1.886219942772628
9659 193.18 1.885625046452782
9660 193.2 1.885030260940691
9661 193.22 1.884330227024069
9662 193.24 1.88364543005965
9663 193.26 1.882838029150016
9664 193.28 1.882032392826414
9665 193.3 1.881113077370066
9666 193.32 1.880158582747989
9667 193.34 1.87921205568293
9668 193.36 1.87818243430867
9669 193.38 1.877106172910094
9670 193.4 1.876034835791988
9671 193.42 1.87493767845438
9672 193.44 1.873811021596794
9673 193.46 1.872709932060389
9674 193.48 1.871536916708622
9675 193.5 1.870297016216218
9676 193.52 1.869015375839449
9677 193.54 1.867740518825921
9678 193.56 1.866428960624485
9679 193.58 1.865082529958599
9680 193.6 1.86379323968467
9681 193.62 1.8624242840086
9682 193.64 1.861045275830606
9683 193.66 1.859593970236062
9684 193.68 1.858094149729791
9685 193.7 1.856643081596869
9686 193.72 1.855241773393445
9687 193.74 1.853763406789176
9688 193.76 1.852310796434092
9689 193.78 1.850809391907035
9690 193.8 1.849276399327146
9691 193.82 1.847783786301585
9692 193.84 1.846297536960688
9693 193.86 1.844812152560705
9694 193.88 1.843333537780763
9695 193.9 1.841870575507749
9696 193.92 1.840403823017325
9697 193.94 1.838965541914159
9698 193.96 1.837573739427527
9699 193.98 1.836188923773343
9700 194 1.834878133533347
9701 194.02 1.833558213365234
9702 194.04 1.832307044317171
9703 194.06 1.831035090710202
9704 194.08 1.829788993552737
9705 194.1 1.828606711208109
9706 194.12 1.827480993906228
9707 194.14 1.826326207755777
9708 194.16 1.825188264696888
9709 194.18 1.824090147405109
9710 194.2 1.823112028980332
9711 194.22 1.8221434748919
9712 194.24 1.821193346632134
9713 194.26 1.820285075876424
9714 194.28 1.819453119622962
9715 194.3 1.818638569944957
9716 194.32 1.817849367951007
9717 194.34 1.817127262977831
9718 194.36 1.816431699109614
9719 194.38 1.815754675681975
9720 194.4 1.815079900568994
9721 194.42 1.814431590701868
9722 194.44 1.813858355834765
9723 194.46 1.813286128956149
9724 194.48 1.812822017147412
9725 194.5 1.812316110490481
9726 194.52 1.811945533697085
9727 194.54 1.811584767941962
9728 194.56 1.811275734033452
9729 194.58 1.810942576822638
9730 194.6 1.810709899709906
9731 194.62 1.810571193370099
9732 194.64 1.810457239634214
9733 194.66 1.810370348900686
9734 194.68 1.810278937156874
9735 194.7 1.81031363198439
9736 194.72 1.810329390028083
9737 194.74 1.810407854485165
9738 194.76 1.810521220023197
9739 194.78 1.810664390421431
9740 194.8 1.810858278725663
9741 194.82 1.81106700174803
9742 194.84 1.811261947381448
9743 194.86 1.81156978239371
9744 194.88 1.811908078887205
9745 194.9 1.812382422236355
9746 194.92 1.812796739969213
9747 194.94 1.813322449311864
9748 194.96 1.813848797344149
9749 194.98 1.814382571725502
9750 195 1.814891469073407
9751 195.02 1.815373064244957
9752 195.04 1.815945852763906
9753 195.06 1.816525071550754
9754 195.08 1.817195461889809
9755 195.1 1.817886178420042
9756 195.12 1.81862560606556
9757 195.14 1.819398666350861
9758 195.16 1.820131767141572
9759 195.18 1.820922613289407
9760 195.2 1.821681872555806
9761 195.22 1.822494862013479
9762 195.24 1.823281611769788
9763 195.26 1.824066241952596
9764 195.28 1.825004658186395
9765 195.3 1.825930422828056
9766 195.32 1.8270399767447
9767 195.34 1.827971499477149
9768 195.36 1.828902455008852
9769 195.38 1.82996311279724
9770 195.4 1.830870907569012
9771 195.42 1.831960798147936
9772 195.44 1.83304101342804
9773 195.46 1.834058488284577
9774 195.48 1.835175944784635
9775 195.5 1.836322614947373
9776 195.52 1.837402795843585
9777 195.54 1.838566787158898
9778 195.56 1.839733866248736
9779 195.58 1.840705640863505
9780 195.6 1.841890019050881
9781 195.62 1.843071457509587
9782 195.64 1.844237240894019
9783 195.66 1.845384472451069
9784 195.68 1.846583184538563
9785 195.7 1.847741438716797
9786 195.72 1.848925276948813
9787 195.74 1.85012113977742
9788 195.76 1.851263780017006
9789 195.78 1.852443962540375
9790 195.8 1.853622212174578
9791 195.82 1.854807173522141
9792 195.84 1.856036647489944
9793 195.86 1.857196128912613
9794 195.88 1.858446052792403
9795 195.9 1.859653671917562
9796 195.92 1.860822901235069
9797 195.94 1.861919868640665
9798 195.96 1.863124524855416
9799 195.98 1.864281290967426
9800 196 1.865438488625724
9801 196.02 1.866481658380089
9802 196.04 1.867609317891277
9803 196.06 1.868647748394738
9804 196.08 1.869748351963291
9805 196.1 1.870807383750462
9806 196.12 1.87182352709656
9807 196.14 1.872780585954625
9808 196.16 1.873843800034562
9809 196.18 1.874785260062744
9810 196.2 1.875722830281701
9811 196.22 1.876681761455737
9812 196.24 1.877515633569348
9813 196.26 1.878495573646338
9814 196.28 1.879305213464823
9815 196.3 1.880105215458924
9816 196.32 1.880921152345393
9817 196.34 1.881686101753321
9818 196.36 1.882362249482461
9819 196.38 1.883049729847748
9820 196.4 1.883685279439314
9821 196.42 1.884273675433517
9822 196.44 1.884880449538129
9823 196.46 1.8854023861954
9824 196.48 1.885991560139559
9825 196.5 1.886506366384193
9826 196.52 1.886949608330321
9827 196.54 1.887343090719519
9828 196.56 1.887664827220457
9829 196.58 1.887948710510086
9830 196.6 1.888135021244982
9831 196.62 1.888376564359173
9832 196.64 1.888462789038442
9833 196.66 1.88856175484324
9834 196.68 1.888538696540694
9835 196.7 1.888498319189923
9836 196.72 1.888385375887027
9837 196.74 1.888254660957684
9838 196.76 1.888003505253473
9839 196.78 1.887846300271905
9840 196.8 1.887441768581175
9841 196.82 1.88704793431633
9842 196.84 1.886584816628701
9843 196.86 1.885961906373663
9844 196.88 1.885458819058047
9845 196.9 1.884815632616996
9846 196.92 1.884152398889305
9847 196.94 1.883381847078774
9848 196.96 1.882608018751631
9849 196.98 1.881716731226499
9850 197 1.88078451995269
9851 197.02 1.879838630743655
9852 197.04 1.87884975881438
9853 197.06 1.877768535176382
9854 197.08 1.876684924920027
9855 197.1 1.875646582029022
9856 197.12 1.874462231590334
9857 197.14 1.873386950933008
9858 197.16 1.872233916927173
9859 197.18 1.871035906402418
9860 197.2 1.869763291590111
9861 197.22 1.868500430019981
9862 197.24 1.867216650033789
9863 197.26 1.865860878818707
9864 197.28 1.864525564210551
9865 197.3 1.863227096560141
9866 197.32 1.861847940011895
9867 197.34 1.860400624152646
9868 197.36 1.858990712538285
9869 197.38 1.857493611480336
9870 197.4 1.856011001430898
9871 197.42 1.854587896646144
9872 197.44 1.853134343898797
9873 197.46 1.851646503051096
9874 197.48 1.850133318978282
9875 197.5 1.848658998858193
9876 197.52 1.847196144288002
9877 197.54 1.845652783943346
9878 197.56 1.844227133375567
9879 197.58 1.842707351155708
9880 197.6 1.841295016782294
9881 197.62 1.839761425827254
9882 197.64 1.838419333975788
9883 197.66 1.837002376669915
9884 197.68 1.835639891585636
9885 197.7 1.834301096419857
9886 197.72 1.832968551313181
9887 197.74 1.83167639978734
9888 197.76 1.830476793632497
9889 197.78 1.829213697031877
9890 197.8 1.828065954955763
9891 197.82 1.826920026883472
9892 197.84 1.825834171606117
9893 197.86 1.824743637947572
9894 197.88 1.823708496085986
9895 197.9 1.82262531939193
9896 197.92 1.82171210631492
9897 197.94 1.8207855491804
9898 197.96 1.81988792331262
9899 197.98 1.819032567202031
9900 198 1.818246378229961
9901 198.02 1.817433836781424
9902 198.04 1.816775245390177
9903 198.06 1.816076195653914
9904 198.08 1.815413634275545
9905 198.1 1.814787673589885
9906 198.12 1.814145610859303
9907 198.14 1.813548014898761
9908 198.16 1.813081025021638
9909 198.18 1.812578615911957
9910 198.2 1.812136178363129
9911 198.22 1.81176223132419
9912 198.24 1.811414755723455
9913 198.26 1.811096069451621
9914 198.28 1.810849392923478
9915 198.3 1.810706636034324
9916 198.32 1.810514179615857
9917 198.34 1.810392897154381
9918 198.36 1.810310181663181
9919 198.38 1.810319889291026
9920 198.4 1.810329367025372
9921 198.42 1.810345141007903
9922 198.44 1.810439538182528
9923 198.46 1.810536141433466
9924 198.48 1.810696414265245
9925 198.5 1.810873368651345
9926 198.52 1.811142178436606
9927 198.54 1.811410214310423
9928 198.56 1.811739941273097
9929 198.58 1.81208927380888
9930 198.6 1.812540426020824
9931 198.62 1.813002804884688
9932 198.64 1.813513874014356
9933 198.66 1.8140801852245
9934 198.68 1.814563834466537
9935 198.7 1.815051609486293
9936 198.72 1.81563245312951
9937 198.74 1.81625222947739
9938 198.76 1.816866194472509
9939 198.78 1.817524023182595
9940 198.8 1.818211809310418
9941 198.82 1.818867678920128
9942 198.84 1.819652114083742
9943 198.86 1.820400404348371
9944 198.88 1.821164363213618
9945 198.9 1.822038814312833
9946 198.92 1.822844420781864
9947 198.94 1.82370789853429
9948 198.96 1.824584611495094
9949 198.98 1.825524531480461
9950 199 1.826461359516687
9951 199.02 1.827413284982517
9952 199.04 1.82834535072661
9953 199.06 1.829352588461146
9954 199.08 1.830426252157625
9955 199.1 1.831467717836659
9956 199.12 1.832529955921985
9957 199.14 1.833522423181573
9958 199.16 1.834614646383413
9959 199.18 1.835733700367977
9960 199.2 1.836801656743501
9961 199.22 1.837953484877097
9962 199.24 1.839101550797466
9963 199.26 1.840184623369591
9964 199.28 1.841321311871313
9965 199.3 1.842492443812338
9966 199.32 1.84370510060178
9967 199.34 1.844792542319058
9968 199.36 1.845928476891909
9969 199.38 1.847108953058269
9970 199.4 1.84824866567263
9971 199.42 1.849529500987956
9972 199.44 1.850664766248222
9973 199.46 1.851841208261856
9974 199.48 1.852993875017305
9975 199.5 1.854193757028356
9976 199.52 1.855372976136385
9977 199.54 1.856579136935363
9978 199.56 1.857774371503113
9979 199.58 1.858995797771763
9980 199.6 1.86014150658855
9981 199.62 1.86136818776063
9982 199.64 1.8624973996389
9983 199.66 1.863653350889281
9984 199.68 1.864785630789493
9985 199.7 1.865931426051707
9986 199.72 1.867015777172124
9987 199.74 1.868080093679567
9988 199.76 1.869176944298108
9989 199.78 1.870233259202539
9990 199.8 1.871333666591134
9991 199.82 1.872189822966193
9992 199.84 1.873231193182873
9993 199.86 1.87420342143365
9994 199.88 1.875186411809008
9995 199.9 1.876143151559362
9996 199.92 1.877107775773309
9997 199.94 1.877998758108866
9998 199.96 1.878871019746897
9999 199.98 1.879722758835164
10000 200 1.880486002039025
