"rep-file-moment"
"Time Step" "flow-time etc.."
("Time Step" "flow-time" "report-def-moment")
0 0 0
1 0.02 -0.0001125903352704361
2 0.04 6.000485405411172e-05
3 0.06 -6.710571198524293e-06
4 0.08 -3.825095546484622e-06
5 0.1 2.316181104441593e-06
6 0.12 2.157703015330959e-05
7 0.14 3.175117284256275e-05
8 0.16 2.927825056045193e-06
9 0.18 1.207159199485244e-05
10 0.2 -3.469165107111661e-06
11 0.22 7.957499144743284e-06
12 0.24 3.256818730139983e-06
13 0.26 4.174790118370163e-06
14 0.28 -1.758628060045085e-06
15 0.3 -3.360448893914418e-05
16 0.32 5.871581512821307e-06
17 0.34 -7.627003237093062e-07
18 0.36 -1.749447725963416e-05
19 0.38 -7.146711306322575e-06
20 0.4 1.031292140488312e-06
21 0.42 7.505281767565487e-06
22 0.44 5.045548443526342e-06
23 0.46 3.709900411573007e-06
24 0.48 -8.807904584743969e-06
25 0.5 -1.135127393328886e-06
26 0.52 -3.059464931582463e-06
27 0.54 -3.37930974739361e-06
28 0.5600000000000001 -1.159758327216805e-05
29 0.58 -9.285936746585347e-06
30 0.6 -8.234910721388307e-06
31 0.62 -3.158410969576633e-06
32 0.64 -3.12699769666134e-06
33 0.66 -6.708701645936682e-06
34 0.68 -6.062456391515275e-06
35 0.7000000000000001 -2.972576171612331e-06
36 0.72 -2.587018530713768e-06
37 0.74 -3.69110936466842e-06
38 0.76 -9.084585056205979e-06
39 0.78 -1.085205196286917e-05
40 0.8 -7.88170545507565e-06
41 0.8200000000000001 -6.633181684159934e-06
42 0.84 -3.225873016612707e-06
43 0.86 -3.762702973385051e-07
44 0.88 -7.10712594438384e-07
45 0.9 -5.098605859263567e-06
46 0.92 -9.196131214589702e-06
47 0.9400000000000001 -1.025601567425285e-05
48 0.96 -8.380950156715728e-06
49 0.98 -3.402269689105011e-06
50 1 -2.979198986397468e-06
51 1.02 -5.165600434962826e-06
52 1.04 -4.407923529601101e-06
53 1.06 -4.945930931357352e-06
54 1.08 -3.707929943648952e-06
55 1.1 -3.185085854251013e-06
56 1.12 -3.886049194257212e-06
57 1.14 -3.035908267670574e-06
58 1.16 -2.038381014384617e-06
59 1.18 7.572960461700747e-07
60 1.2 1.377379684572001e-06
61 1.22 3.342963937476182e-06
62 1.24 4.777551054884448e-06
63 1.26 6.092950138304807e-06
64 1.28 7.513678093718363e-06
65 1.3 1.179191271774848e-05
66 1.32 1.36432280078839e-05
67 1.34 1.510859238548198e-05
68 1.36 1.66773325207079e-05
69 1.38 1.836761429627672e-05
70 1.4 1.952119956305084e-05
71 1.42 2.13557372738855e-05
72 1.44 2.230021274314756e-05
73 1.46 2.269023009626416e-05
74 1.48 2.328484268960266e-05
75 1.5 2.526126647532464e-05
76 1.52 2.621764283435357e-05
77 1.54 2.695991594657116e-05
78 1.56 2.722371885405444e-05
79 1.58 2.741872592607038e-05
80 1.6 2.846298304425381e-05
81 1.62 3.399338960975484e-05
82 1.64 3.619524679749032e-05
83 1.66 3.783321488908083e-05
84 1.68 3.493538872389544e-05
85 1.7 3.450960160767462e-05
86 1.72 3.400284890048854e-05
87 1.74 3.483764542695334e-05
88 1.76 3.292229621074683e-05
89 1.78 3.346570323192729e-05
90 1.8 3.363258689542167e-05
91 1.82 3.37968166509044e-05
92 1.84 3.449104481490429e-05
93 1.86 3.543228469155944e-05
94 1.88 3.613473621503437e-05
95 1.9 3.671174000656489e-05
96 1.92 3.747538349081222e-05
97 1.94 4.104062807605927e-05
98 1.96 3.937554895333619e-05
99 1.98 4.189714426532588e-05
100 2 4.430807611566047e-05
101 2.02 4.499596950573368e-05
102 2.04 4.481476224504812e-05
103 2.06 4.548540754881685e-05
104 2.08 4.555221766462827e-05
105 2.1 4.579384791666982e-05
106 2.12 4.576867687514385e-05
107 2.14 4.665324597223665e-05
108 2.16 4.661186680116969e-05
109 2.18 4.630621258846783e-05
110 2.2 4.593648458151749e-05
111 2.22 4.460475905034608e-05
112 2.24 4.369765139775668e-05
113 2.26 4.300311049404318e-05
114 2.28 4.361455830178092e-05
115 2.3 4.286199275732464e-05
116 2.32 4.153120294097103e-05
117 2.34 3.990342828049694e-05
118 2.36 4.000269238805675e-05
119 2.38 3.943953927708826e-05
120 2.4 3.941680679926879e-05
121 2.42 3.837796241698517e-05
122 2.44 3.959770119366693e-05
123 2.46 3.902658900037007e-05
124 2.48 3.874661362055951e-05
125 2.5 3.800071186937443e-05
126 2.52 3.769348401990385e-05
127 2.54 3.772386307810446e-05
128 2.56 3.813278192297723e-05
129 2.58 3.904284765268143e-05
130 2.6 3.939033439931828e-05
131 2.62 3.954756569283737e-05
132 2.64 4.216462658288256e-05
133 2.66 4.464787882315822e-05
134 2.68 4.645435164950772e-05
135 2.7 4.850050195505531e-05
136 2.72 5.049076218326679e-05
137 2.74 5.296109276630351e-05
138 2.76 5.575514513663903e-05
139 2.78 5.867360415982972e-05
140 2.8 6.135407716566178e-05
141 2.82 6.504069510698682e-05
142 2.84 6.930425640291161e-05
143 2.86 7.285965365771133e-05
144 2.88 7.670352263046577e-05
145 2.9 8.028151600311667e-05
146 2.92 8.398549755816857e-05
147 2.94 8.811906875925854e-05
148 2.96 9.265530851798739e-05
149 2.98 9.691243672223514e-05
150 3 0.0001009285735421297
151 3.02 0.0001049295049546426
152 3.04 0.0001087178254388385
153 3.06 0.000112330899719282
154 3.08 0.000116001486573969
155 3.1 0.0001200138730665227
156 3.12 0.0001235022736881138
157 3.14 0.0001267635183179751
158 3.16 0.0001302036393169243
159 3.18 0.0001328092495785228
160 3.2 0.0001345008345016095
161 3.22 0.0001371803380276621
162 3.24 0.0001396796025839155
163 3.26 0.0001423806511229088
164 3.28 0.0001445970868497321
165 3.3 0.0001469805841410161
166 3.32 0.0001499113367018264
167 3.34 0.0001510038514863898
168 3.36 0.0001546465138814441
169 3.38 0.0001576373946222251
170 3.4 0.0001597185209271603
171 3.42 0.0001655082577531554
172 3.44 0.0001674362312914387
173 3.46 0.0001699607442082438
174 3.48 0.0001730758164424019
175 3.5 0.000174353785806869
176 3.52 0.0001760973979053177
177 3.54 0.0001764478954013657
178 3.56 0.0001779285652470093
179 3.58 0.0001778470104721342
180 3.6 0.0001805074916818284
181 3.62 0.0001831554829261287
182 3.64 0.0001874188370092131
183 3.66 0.0001916988457100857
184 3.68 0.0001926992366496303
185 3.7 0.0001947954567921859
186 3.72 0.0001964369453515389
187 3.74 0.0001964138311403115
188 3.76 0.0001969342263404065
189 3.78 0.000196904564329739
190 3.8 0.0001984312177722423
191 3.82 0.0001978461174644999
192 3.84 0.0001980179550777441
193 3.86 0.0002024909257142021
194 3.88 0.0002020331484892855
195 3.9 0.0001999334199092441
196 3.92 0.0001992913979050059
197 3.94 0.0001982374322490115
198 3.96 0.0001974842122939078
199 3.98 0.0001947941559694799
200 4 0.0001944922007628621
201 4.02 0.0001988353271773896
202 4.04 0.0002000669421916142
203 4.06 0.0002003049457863016
204 4.08 0.0001979516592866237
205 4.1 0.0001955635983483648
206 4.12 0.0001926785472350662
207 4.14 0.0001837351240433838
208 4.16 0.0001816504208356255
209 4.18 0.0001798763318063371
210 4.2 0.0001771526022379779
211 4.22 0.0001753502395602177
212 4.24 0.0001738446593576151
213 4.26 0.0001720548174154751
214 4.28 0.0001728823166951738
215 4.3 0.0001712116674135451
216 4.32 0.0001701345157278103
217 4.34 0.0001679331078340383
218 4.36 0.0001544212556708231
219 4.38 0.0001497814959591504
220 4.4 0.0001480866005470901
221 4.42 0.0001485368415280425
222 4.44 0.0001488736509576375
223 4.46 0.0001496752397350622
224 4.48 0.0001496370752362121
225 4.5 0.0001495855660985901
226 4.52 0.0001484478992963333
227 4.54 0.0001465692798957007
228 4.56 0.0001453016123731048
229 4.58 0.000143988246418431
230 4.600000000000001 0.0001420875245695406
231 4.62 0.000139999630835208
232 4.64 0.0001386175288149133
233 4.66 0.0001370624308417328
234 4.68 0.000135513365753666
235 4.7 0.0001355122138140639
236 4.72 0.0001348983990573377
237 4.74 0.0001345039150490171
238 4.76 0.0001338710365299205
239 4.78 0.0001325061910489783
240 4.8 0.0001316184312392471
241 4.82 0.0001309405791745399
242 4.84 0.0001301433391820439
243 4.86 0.0001293548733395349
244 4.88 0.0001296885033251259
245 4.9 0.00012836531533874
246 4.92 0.0001285712228588775
247 4.94 0.0001273541668666974
248 4.96 0.0001273964956564001
249 4.98 0.0001261298806727073
250 5 0.0001253595968771812
251 5.02 0.0001245056088966216
252 5.04 0.0001245645641454966
253 5.06 0.0001232512693403582
254 5.08 0.0001220813301982755
255 5.100000000000001 0.000122766505704036
256 5.12 0.0001219595813040467
257 5.14 0.0001203571137221457
258 5.16 0.0001204478172985394
259 5.18 0.0001198771236162773
260 5.2 0.000119827562941372
261 5.22 0.000118863624370989
262 5.24 0.0001192258117578922
263 5.26 0.0001195050563773223
264 5.28 0.0001173191580085858
265 5.3 0.0001173091693152398
266 5.32 0.0001164299127715234
267 5.34 0.0001172725370132605
268 5.36 0.0001174306835091544
269 5.38 0.0001173925088654256
270 5.4 0.0001171743772449307
271 5.42 0.0001170375268745104
272 5.44 0.0001168661758208647
273 5.46 0.0001167714349843767
274 5.48 0.0001166141171727387
275 5.5 0.0001166384758564782
276 5.52 0.0001167956855573541
277 5.54 0.0001165613605810206
278 5.56 0.0001165687989634253
279 5.58 0.0001160528900116363
280 5.600000000000001 0.0001153247437305963
281 5.62 0.0001149596797070571
282 5.64 0.0001148762748858227
283 5.66 0.000114766130297567
284 5.68 0.0001152059979725432
285 5.7 0.0001150570516882042
286 5.72 0.0001143116909957821
287 5.74 0.0001153214182640161
288 5.76 0.000114494837298015
289 5.78 0.0001152245863570375
290 5.8 0.0001154474311425792
291 5.82 0.0001158613784714071
292 5.84 0.0001153354545965831
293 5.86 0.0001160027013652061
294 5.88 0.0001153637867983699
295 5.9 0.0001161624223197957
296 5.92 0.0001157485622056118
297 5.94 0.0001165485753428399
298 5.96 0.000115121611166816
299 5.98 0.0001164721630749716
300 6 0.0001159904554371092
301 6.02 0.0001168284442797395
302 6.04 0.0001160057404044214
303 6.06 0.000116898421841819
304 6.08 0.0001159023974885737
305 6.100000000000001 0.0001166838626971023
306 6.12 0.0001154203175111333
307 6.140000000000001 0.0001169387269761695
308 6.16 0.0001163455513882534
309 6.18 0.0001172081494804721
310 6.2 0.00011650320752681
311 6.22 0.0001173863522258819
312 6.24 0.0001163580417245703
313 6.26 0.0001171527736914841
314 6.28 0.0001164140147352843
315 6.3 0.0001175604971706041
316 6.32 0.0001150870349610682
317 6.34 0.0001167976900389096
318 6.36 0.0001151700720417244
319 6.38 0.0001166370130863548
320 6.4 0.0001147004251943319
321 6.42 0.0001161987954344141
322 6.44 0.0001143721334734993
323 6.46 0.0001157249921874122
324 6.48 0.000114290040008632
325 6.5 0.0001154003680118412
326 6.52 0.0001133883770686386
327 6.54 0.0001143546121336409
328 6.56 0.0001127641507687061
329 6.58 0.0001137509428191847
330 6.600000000000001 0.0001119811871581969
331 6.62 0.0001130053514613498
332 6.640000000000001 0.000111368061263266
333 6.66 0.0001122034181271021
334 6.68 0.0001101040612661754
335 6.7 0.000111049640359542
336 6.72 0.0001095268151384743
337 6.74 0.0001101066459608775
338 6.76 0.0001078637697773658
339 6.78 0.0001087045805866835
340 6.8 0.0001071898060018076
341 6.82 0.0001073818608578994
342 6.84 0.0001052178064791372
343 6.86 0.0001058776921534489
344 6.88 0.0001036227090380355
345 6.9 0.0001040914961299581
346 6.92 0.0001010801507810194
347 6.94 0.0001019312156373179
348 6.96 9.974092923493838e-05
349 6.98 9.9962886589215e-05
350 7 9.708927361240886e-05
351 7.02 9.766069580675394e-05
352 7.04 9.53429098812291e-05
353 7.06 9.560164555760051e-05
354 7.08 9.242371624851562e-05
355 7.100000000000001 9.288791370693807e-05
356 7.12 9.061552327741489e-05
357 7.140000000000001 9.059873608878596e-05
358 7.16 8.734925219329418e-05
359 7.18 8.780478347306205e-05
360 7.2 8.551126728141528e-05
361 7.22 8.547600649644033e-05
362 7.24 8.291735681407066e-05
363 7.26 8.26716662706472e-05
364 7.28 7.883186334181096e-05
365 7.3 7.943451907125768e-05
366 7.32 7.643814967839941e-05
367 7.34 7.658323539136952e-05
368 7.36 7.254951105013313e-05
369 7.38 7.40239038532908e-05
370 7.4 7.123621492537481e-05
371 7.42 7.100866355633886e-05
372 7.44 6.758326089898309e-05
373 7.46 6.769350696373983e-05
374 7.48 6.430359634223289e-05
375 7.5 6.399378922662072e-05
376 7.52 6.068719323043061e-05
377 7.54 6.041681601900236e-05
378 7.56 5.70248340011974e-05
379 7.58 5.690470776503576e-05
380 7.600000000000001 5.362016033417738e-05
381 7.62 5.331193843671279e-05
382 7.640000000000001 4.966935054238026e-05
383 7.66 4.938375571306698e-05
384 7.68 4.54528964832732e-05
385 7.7 4.514720193138151e-05
386 7.72 4.119707657324918e-05
387 7.74 4.073733517324214e-05
388 7.76 3.680600415594721e-05
389 7.78 3.625153517358407e-05
390 7.8 3.231799106336874e-05
391 7.82 3.181270690436558e-05
392 7.84 2.761164492977263e-05
393 7.86 2.70809762354949e-05
394 7.88 2.219592496238339e-05
395 7.9 2.153728863158876e-05
396 7.92 1.687672962237894e-05
397 7.94 1.628227354761981e-05
398 7.96 1.173908462580376e-05
399 7.98 1.110335449814395e-05
400 8 6.624193102544584e-06
401 8.02 6.1364837242918e-06
402 8.040000000000001 1.497617027942066e-06
403 8.06 1.070657987765736e-06
404 8.08 -3.651774308240087e-06
405 8.1 -4.190732286241379e-06
406 8.120000000000001 -8.937609654019196e-06
407 8.140000000000001 -9.519981155425686e-06
408 8.16 -1.438247670924664e-05
409 8.18 -1.49591354389794e-05
410 8.199999999999999 -1.977214345273261e-05
411 8.220000000000001 -2.027084151761319e-05
412 8.24 -2.508481724222044e-05
413 8.26 -2.56067655929218e-05
414 8.279999999999999 -3.044659756524393e-05
415 8.300000000000001 -3.107199143359938e-05
416 8.32 -3.582977179109177e-05
417 8.34 -3.65075810119754e-05
418 8.359999999999999 -4.14020381222485e-05
419 8.380000000000001 -4.216175660552033e-05
420 8.4 -4.702710409072979e-05
421 8.42 -4.776601951809468e-05
422 8.44 -5.265638240038866e-05
423 8.460000000000001 -5.343691715412451e-05
424 8.48 -5.813735689136278e-05
425 8.5 -5.938575363760694e-05
426 8.52 -6.425423298286675e-05
427 8.540000000000001 -6.490178094924818e-05
428 8.56 -6.961500126432474e-05
429 8.58 -7.038389824709742e-05
430 8.6 -7.236984718165973e-05
431 8.620000000000001 -7.788843783562799e-05
432 8.640000000000001 -7.888816708948474e-05
433 8.66 -8.338536428629842e-05
434 8.68 -8.45687478790639e-05
435 8.700000000000001 -8.921668420651434e-05
436 8.720000000000001 -9.034772909599435e-05
437 8.74 -9.239145081821642e-05
438 8.76 -9.871823897182719e-05
439 8.779999999999999 -0.0001000930621096726
440 8.800000000000001 -0.0001021920905406665
441 8.82 -0.0001077824261894503
442 8.84 -0.000108367635327949
443 8.859999999999999 -0.0001100667221491561
444 8.880000000000001 -0.0001153010381237785
445 8.9 -0.0001162069896484433
446 8.92 -0.0001179998248054933
447 8.94 -0.0001234221971153609
448 8.960000000000001 -0.000124335996546818
449 8.98 -0.0001261760086498655
450 9 -0.0001317398570164842
451 9.02 -0.0001324225831791561
452 9.040000000000001 -0.0001343397676286386
453 9.06 -0.000140268748000807
454 9.08 -0.0001408824852592515
455 9.1 -0.000142844582404198
456 9.120000000000001 -0.0001482741836089334
457 9.140000000000001 -0.0001487574938290911
458 9.16 -0.0001507305455761565
459 9.18 -0.0001559516068042638
460 9.200000000000001 -0.0001565677696768113
461 9.220000000000001 -0.0001583294999872071
462 9.24 -0.0001633795956080292
463 9.26 -0.0001641713415036468
464 9.279999999999999 -0.000166117745994845
465 9.300000000000001 -0.0001715108330175392
466 9.32 -0.0001719871772192677
467 9.34 -0.0001736541463925186
468 9.359999999999999 -0.000178660269085023
469 9.380000000000001 -0.0001790792487300772
470 9.4 -0.0001808834647330444
471 9.42 -0.0001858184600069361
472 9.44 -0.0001862418176331324
473 9.460000000000001 -0.0001880455599442952
474 9.48 -0.0001927633022763403
475 9.5 -0.0001932841847437321
476 9.52 -0.0001949665366944861
477 9.540000000000001 -0.0002000201838638275
478 9.56 -0.0002003707193011838
479 9.58 -0.0002020016297913457
480 9.6 -0.0002065298914505804
481 9.620000000000001 -0.0002064323168578955
482 9.640000000000001 -0.0002071193206116479
483 9.66 -0.0002111078587588644
484 9.68 -0.0002114105655796717
485 9.700000000000001 -0.0002129827834906611
486 9.720000000000001 -0.000217700153327293
487 9.74 -0.0002179346511071387
488 9.76 -0.0002195364623888393
489 9.779999999999999 -0.0002239805659773873
490 9.800000000000001 -0.000224423237104943
491 9.82 -0.0002257018048599307
492 9.84 -0.000227149153159993
493 9.859999999999999 -0.0002319375434083569
494 9.880000000000001 -0.0002319081565568028
495 9.9 -0.0002331807524361851
496 9.92 -0.0002371291591656503
497 9.94 -0.0002376043094372861
498 9.960000000000001 -0.0002387384939478252
499 9.98 -0.0002430664847186312
500 10 -0.0002432069509403042
501 10.02 -0.0002443496535848255
502 10.04 -0.0002456476312005397
503 10.06 -0.0002498279365415453
504 10.08 -0.0002500765204804889
505 10.1 -0.0002511513123713481
506 10.12 -0.0002524353757120116
507 10.14 -0.000256518299384779
508 10.16 -0.0002566438815367855
509 10.18 -0.0002577421123745573
510 10.2 -0.0002587444924721213
511 10.22 -0.0002627782457250913
512 10.24 -0.0002629278555023099
513 10.26 -0.0002639611168883348
514 10.28 -0.0002650510519460847
515 10.3 -0.0002686727635819163
516 10.32 -0.0002686729680693327
517 10.34 -0.0002695648519426773
518 10.36 -0.0002705118077785667
519 10.38 -0.0002739038811085692
520 10.4 -0.0002738056399498007
521 10.42 -0.0002747240437361954
522 10.44 -0.0002754745058923377
523 10.46 -0.0002786461793176652
524 10.48 -0.0002784502543771655
525 10.5 -0.0002790691467723478
526 10.52 -0.0002798394907604779
527 10.54 -0.0002796026073859728
528 10.56 -0.0002798967678195119
529 10.58 -0.0002806002242649226
530 10.6 -0.000281521412325244
531 10.62 -0.0002825287505617578
532 10.64 -0.0002836790941603842
533 10.66 -0.0002848397420762473
534 10.68 -0.0002864710117237805
535 10.7 -0.0002874617136324376
536 10.72 -0.0002882920381504431
537 10.74 -0.0002889982440380236
538 10.76 -0.0002896323829188459
539 10.78 -0.0002901898933068198
540 10.8 -0.0002907118152802216
541 10.82 -0.0002911776843464715
542 10.84 -0.0002916076252213585
543 10.86 -0.0002919829351014057
544 10.88 -0.0002923693668635821
545 10.9 -0.0002927517390533024
546 10.92 -0.0002931551888003081
547 10.94 -0.0002937087978290472
548 10.96 -0.00029503865279434
549 10.98 -0.0002965464489805172
550 11 -0.0002978339707294654
551 11.02 -0.0003045541266494746
552 11.04 -0.0003040782836041127
553 11.06 -0.0003048067055281937
554 11.08 -0.0003044319032574911
555 11.1 -0.0003050976150748762
556 11.12 -0.0003051797451293379
557 11.14 -0.0003056000033644774
558 11.16 -0.0003058411622988117
559 11.18 -0.0003061260461464601
560 11.2 -0.0003064455654151947
561 11.22 -0.000306766527981922
562 11.24 -0.0003071098286429721
563 11.26 -0.0003074432883362944
564 11.28 -0.0003077856271520789
565 11.3 -0.000308087402753803
566 11.32 -0.0003084669137236065
567 11.34 -0.0003088227791004845
568 11.36 -0.0003091793932430715
569 11.38 -0.000309521364962956
570 11.4 -0.0003098519474658414
571 11.42 -0.0003101390341551205
572 11.44 -0.0003104202693605515
573 11.46 -0.000310814093036585
574 11.48 -0.0003110857873923433
575 11.5 -0.0003113427080266818
576 11.52 -0.0003116199667178293
577 11.54 -0.0003118869162884612
578 11.56 -0.000312146303107653
579 11.58 -0.0003123976833465723
580 11.6 -0.000312637409192464
581 11.62 -0.0003128550861546931
582 11.64 -0.0003131221113207869
583 11.66 -0.0003133867638359491
584 11.68 -0.0003135004775439229
585 11.7 -0.0003136427776127833
586 11.72 -0.0003137986222670105
587 11.74 -0.0003139353563771374
588 11.76 -0.0003141127196590878
589 11.78 -0.0003142723677079094
590 11.8 -0.0003143482619638642
591 11.82 -0.0003143564488473676
592 11.84 -0.0003143169817005159
593 11.86 -0.0003142562216218736
594 11.88 -0.0003143942732113342
595 11.9 -0.0003145546653286468
596 11.92 -0.0003147093469230249
597 11.94 -0.0003147948409562589
598 11.96 -0.0003148500998963551
599 11.98 -0.0003149067214489686
600 12 -0.0003149555731562505
601 12.02 -0.0003150139423585107
602 12.04 -0.0003149077997809747
603 12.06 -0.000314911853680298
604 12.08 -0.0003149368623446634
605 12.1 -0.0003149528557017241
606 12.12 -0.0003147187491887012
607 12.14 -0.0003145269795134611
608 12.16 -0.0003138888547854314
609 12.18 -0.0003130781568578529
610 12.2 -0.0003128627610245744
611 12.22 -0.0003128119915933324
612 12.24 -0.0003127942248732304
613 12.26 -0.0003128015540976819
614 12.28 -0.0003128217531770962
615 12.3 -0.0003128584984942131
616 12.32 -0.0003129163859441806
617 12.34 -0.0003129739113832777
618 12.36 -0.0003130256275020314
619 12.38 -0.0003131059808861251
620 12.4 -0.0003131995871316904
621 12.42 -0.0003132730198570475
622 12.44 -0.0003133685403192899
623 12.46 -0.0003134271675890701
624 12.48 -0.0003134542186876606
625 12.5 -0.0003134021699790186
626 12.52 -0.0003133354191213276
627 12.54 -0.0003132678702206039
628 12.56 -0.0003131912616160276
629 12.58 -0.0003130998605923286
630 12.6 -0.0003130765492564387
631 12.62 -0.0003130351465893006
632 12.64 -0.0003130311419699879
633 12.66 -0.0003130384770476593
634 12.68 -0.0003130751033659559
635 12.7 -0.0003130866661932098
636 12.72 -0.0003131790844104031
637 12.74 -0.0003132714287182952
638 12.76 -0.0003134307929616113
639 12.78 -0.0003136226283771956
640 12.8 -0.0003138282707179992
641 12.82 -0.0003140470680909304
642 12.84 -0.0003142667350475188
643 12.86 -0.0003144515940308631
644 12.88 -0.0003147012274874145
645 12.9 -0.0003149246283849464
646 12.92 -0.0003151047769965678
647 12.94 -0.000315272671526209
648 12.96 -0.0003154248040689833
649 12.98 -0.0003155600904424065
650 13 -0.0003156795556169567
651 13.02 -0.0003157605059049529
652 13.04 -0.0003158240073436479
653 13.06 -0.0003158730677592181
654 13.08 -0.0003160577616257802
655 13.1 -0.0003159901765879291
656 13.12 -0.0003159656405064219
657 13.14 -0.0003159418548490044
658 13.16 -0.0003158504887846516
659 13.18 -0.0003157590070448316
660 13.2 -0.0003156753765418393
661 13.22 -0.000315604815519375
662 13.24 -0.0003155192803525556
663 13.26 -0.000315420459177534
664 13.28 -0.0003153057472774058
665 13.3 -0.0003151690897564504
666 13.32 -0.0003150779099244303
667 13.34 -0.0003149732716137929
668 13.36 -0.0003149002703202876
669 13.38 -0.0003147666225211905
670 13.4 -0.0003146354886472824
671 13.42 -0.0003144726468817777
672 13.44 -0.0003144036829186265
673 13.46 -0.000314293518855436
674 13.48 -0.0003141766610886148
675 13.5 -0.000314020884033512
676 13.52 -0.0003138609646087849
677 13.54 -0.0003136935227440327
678 13.56 -0.0003135318874843653
679 13.58 -0.0003133548902113598
680 13.6 -0.0003131757135935192
681 13.62 -0.0003129857813963468
682 13.64 -0.0003034034211681109
683 13.66 -0.0003053619520403795
684 13.68 -0.0003067702384672179
685 13.7 -0.0003076739893773989
686 13.72 -0.0003082289745484044
687 13.74 -0.0003085310833838248
688 13.76 -0.0003086476929696923
689 13.78 -0.0003086648739158923
690 13.8 -0.0003086519223035688
691 13.82 -0.0003085589100475853
692 13.84 -0.000308440021163936
693 13.86 -0.0003082950587844553
694 13.88 -0.0003081427086267346
695 13.9 -0.0003079459622549301
696 13.92 -0.0003077227626550043
697 13.94 -0.0003074332460608087
698 13.96 -0.0003071559816224857
699 13.98 -0.000306864262805806
700 14 -0.0003065830595404512
701 14.02 -0.000306319218336603
702 14.04 -0.0003060379339060139
703 14.06 -0.0003056945903683643
704 14.08 -0.0003054196293873458
705 14.1 -0.0003051481220529338
706 14.12 -0.0003048042999754196
707 14.14 -0.0003044624184346572
708 14.16 -0.0003041349355908828
709 14.18 -0.0003037889646329221
710 14.2 -0.0003034295337227008
711 14.22 -0.0003030300471019967
712 14.24 -0.0003026421075826227
713 14.26 -0.0003022678839575523
714 14.28 -0.000301882374412071
715 14.3 -0.0003015631325183509
716 14.32 -0.000301295587591462
717 14.34 -0.0003010292160917291
718 14.36 -0.0003007921179309862
719 14.38 -0.0003005364844960249
720 14.4 -0.0003002986915596394
721 14.42 -0.0003000289892699791
722 14.44 -0.0003000060620922056
723 14.46 -0.0003008400868387783
724 14.48 -0.0003018508839548868
725 14.5 -0.0003028275232146785
726 14.52 -0.0003028366073987797
727 14.54 -0.0003026656208255068
728 14.56 -0.0003024572838794339
729 14.58 -0.0003021157809805162
730 14.6 -0.0003017616583295277
731 14.62 -0.0003013686514378869
732 14.64 -0.0003009931548367446
733 14.66 -0.0003006453560702322
734 14.68 -0.0003002867465063226
735 14.7 -0.0002999229514456874
736 14.72 -0.0002995647879473643
737 14.74 -0.0002991911717523047
738 14.76 -0.0002987516368106665
739 14.78 -0.00029826400258172
740 14.8 -0.0002977669408373413
741 14.82 -0.0002972456351819231
742 14.84 -0.0002966591356864691
743 14.86 -0.0002959528459269799
744 14.88 -0.0002951801158931815
745 14.9 -0.0002943640577000639
746 14.92 -0.0002936244894015196
747 14.94 -0.0002928941811039907
748 14.96 -0.0002922796916592297
749 14.98 -0.0002915440025739971
750 15 -0.000290848794401332
751 15.02 -0.0002901523804346787
752 15.04 -0.0002894946716110959
753 15.06 -0.0002888492051923287
754 15.08 -0.0002882455273696092
755 15.1 -0.0002876251962919305
756 15.12 -0.0002871311084366117
757 15.14 -0.0002866374102108566
758 15.16 -0.0002861570990124324
759 15.18 -0.0002856809485426155
760 15.2 -0.0002851824162869853
761 15.22 -0.0002846629275464136
762 15.24 -0.0002841277131755622
763 15.26 -0.0002835874290673192
764 15.28 -0.0002830633377609745
765 15.3 -0.0002825388126715359
766 15.32 -0.0002819964405243701
767 15.34 -0.0002814675374931167
768 15.36 -0.0002809367170889356
769 15.38 -0.0002803992616591457
770 15.4 -0.0002798435445828427
771 15.42 -0.0002792513619571029
772 15.44 -0.0002785972101269969
773 15.46 -0.000277874950984692
774 15.48 -0.0002771656652129013
775 15.5 -0.0002764911087614053
776 15.52 -0.0002759862302964666
777 15.54 -0.000275554916393127
778 15.56 -0.0002751992273616869
779 15.58 -0.0002749011663982483
780 15.6 -0.0002746429895862528
781 15.62 -0.0002743564662498843
782 15.64 -0.000274070986786657
783 15.66 -0.0002737632144583174
784 15.68 -0.0002734290291573982
785 15.7 -0.0002730605051083744
786 15.72 -0.0002726089559130955
787 15.74 -0.0002721442410017563
788 15.76 -0.0002716581300747057
789 15.78 -0.0002711429281714308
790 15.8 -0.0002706692228174374
791 15.82 -0.0002701421480430593
792 15.84 -0.000269571904043212
793 15.86 -0.0002689833020543829
794 15.88 -0.0002684089372054232
795 15.9 -0.0002677917123540755
796 15.92 -0.0002671776405901563
797 15.94 -0.0002665523214065709
798 15.96 -0.0002659363931671378
799 15.98 -0.0002652639280137949
800 16 -0.0002645578879422125
801 16.02 -0.000263813973599666
802 16.04 -0.000263054838043244
803 16.06 -0.0002622812624115172
804 16.08 -0.0002615148627223194
805 16.1 -0.0002607285391228692
806 16.12 -0.0002599371750170566
807 16.14 -0.0002591375331111254
808 16.16 -0.0002583381395333284
809 16.18 -0.0002575326276895195
810 16.2 -0.000256732827016854
811 16.22 -0.0002559260377794753
812 16.24 -0.0002551527940865682
813 16.26 -0.0002544170416106467
814 16.28 -0.0002536746375668166
815 16.3 -0.0002529310253396871
816 16.32 -0.0002521768299523747
817 16.34 -0.0002514136277968738
818 16.36 -0.0002506255091310585
819 16.38 -0.0002498562094081357
820 16.4 -0.0002490541818502448
821 16.42 -0.0002482572148614235
822 16.44 -0.0002474526448570399
823 16.46 -0.0002466400212947401
824 16.48 -0.0002458231501662164
825 16.5 -0.0002450001676892362
826 16.52 -0.00024417412619469
827 16.54 -0.000243345918366932
828 16.56 -0.0002424910089881499
829 16.58 -0.0002416426432605041
830 16.6 -0.0002407936891220981
831 16.62 -0.0002399423816795213
832 16.64 -0.0002390877063318976
833 16.66 -0.0002382229081056747
834 16.68 -0.0002373499847668983
835 16.7 -0.0002364671205895351
836 16.72 -0.0002355687907952493
837 16.74 -0.0002346538788685467
838 16.76 -0.0002337282409060695
839 16.78 -0.0002327862685486309
840 16.8 -0.0002318272124963648
841 16.82 -0.0002308547309041341
842 16.84 -0.0002298809595354642
843 16.86 -0.0002289127735259272
844 16.88 -0.0002279504806324868
845 16.9 -0.0002269831036895667
846 16.92 -0.0002260618032769544
847 16.94 -0.0002251321038960045
848 16.96 -0.0002242017417060443
849 16.98 -0.000223257115849218
850 17 -0.0002223056825436416
851 17.02 -0.0002213459247952758
852 17.04 -0.0002203836475485698
853 17.06 -0.0002194146997026255
854 17.08 -0.0002184530470545726
855 17.1 -0.0002174920682575171
856 17.12 -0.0002165431732111196
857 17.14 -0.0002155463985175619
858 17.16 -0.0002146140707047898
859 17.18 -0.0002136761218108184
860 17.2 -0.0002127423431490569
861 17.22 -0.0002118861187445806
862 17.24 -0.000211074154041523
863 17.26 -0.0002102832667417561
864 17.28 -0.0002094702733620841
865 17.3 -0.0002086680948293477
866 17.32 -0.0002078722131092731
867 17.34 -0.0002070653218967882
868 17.36 -0.0002062635726928519
869 17.38 -0.000205466294891148
870 17.4 -0.0002046527561094637
871 17.42 -0.0002038239597186897
872 17.44 -0.0002029180750967928
873 17.46 -0.0002019474978933261
874 17.48 -0.0002009443776964017
875 17.5 -0.000199906812807006
876 17.52 -0.0001988574592294945
877 17.54 -0.0001977825139191286
878 17.56 -0.0001967017677992907
879 17.58 -0.0001956185891270347
880 17.6 -0.0001945235896546456
881 17.62 -0.0001934203049900723
882 17.64 -0.0001923187618719477
883 17.66 -0.0001911755030586964
884 17.68 -0.0001899606138127071
885 17.7 -0.0001887234799735804
886 17.72 -0.0001875136113159998
887 17.74 -0.0001863071579529955
888 17.76 -0.0001851557193849115
889 17.78 -0.0001840373167708985
890 17.8 -0.0001829644948381796
891 17.82 -0.0001819559185012456
892 17.84 -0.0001810299006857673
893 17.86 -0.0001801400174257931
894 17.88 -0.0001792746341182772
895 17.9 -0.0001784263595621719
896 17.92 -0.0001775520654414078
897 17.94 -0.0001766613703484378
898 17.96 -0.0001757904073891601
899 17.98 -0.0001748253044971957
900 18 -0.0001739003868208731
901 18.02 -0.0001729444332948809
902 18.04 -0.0001719729622474268
903 18.06 -0.000170981060428152
904 18.08 -0.0001699772522830919
905 18.1 -0.000168957812860315
906 18.12 -0.000167921926008098
907 18.14 -0.0001668499794680058
908 18.16 -0.0001658215422665303
909 18.18 -0.000164763457312637
910 18.2 -0.0001636658049291564
911 18.22 -0.0001625627218120483
912 18.24 -0.0001614564095887501
913 18.26 -0.0001603671413819149
914 18.28 -0.0001592490636936654
915 18.3 -0.0001581259685514428
916 18.32 -0.0001570080911261001
917 18.34 -0.000155885387507435
918 18.36 -0.0001547669094871149
919 18.38 -0.0001536441360182385
920 18.4 -0.0001525101781921427
921 18.42 -0.0001513994837143048
922 18.44 -0.0001503002823773371
923 18.46 -0.0001491901479091632
924 18.48 -0.000148080500044835
925 18.5 -0.0001469433569077505
926 18.52 -0.0001458510392046664
927 18.54 -0.0001447546525776432
928 18.56 -0.0001436425385765645
929 18.58 -0.0001425555783953649
930 18.6 -0.0001414599408329458
931 18.62 -0.0001403627202812083
932 18.64 -0.000139239073535656
933 18.66 -0.0001380740815820772
934 18.68 -0.0001369359407683699
935 18.7 -0.0001358083749871064
936 18.72 -0.0001346886876451081
937 18.74 -0.0001335759108804401
938 18.76 -0.0001324666375464962
939 18.78 -0.0001313693030571917
940 18.8 -0.0001302553098052421
941 18.82 -0.0001291421044468052
942 18.84 -0.0001280317544912388
943 18.86 -0.0001269246551733609
944 18.88 -0.0001258199710898271
945 18.9 -0.0001247331451513141
946 18.92 -0.0001235914767559799
947 18.94 -0.0001224676252708983
948 18.96 -0.0001213562031539076
949 18.98 -0.0001202451410756127
950 19 -0.0001191637219166232
951 19.02 -0.0001180801737558415
952 19.04 -0.000116998001705845
953 19.06 -0.0001159125406082432
954 19.08 -0.0001148192265153847
955 19.1 -0.0001137203086760118
956 19.12 -0.0001125976521447382
957 19.14 -0.0001114988583135809
958 19.16 -0.0001104349197633328
959 19.18 -0.0001093349608751539
960 19.2 -0.0001082336801305206
961 19.22 -0.0001071360549328581
962 19.24 -0.0001060448050290423
963 19.26 -0.000104947668725545
964 19.28 -0.0001039408683005397
965 19.3 -0.0001028528448052057
966 19.32 -0.0001017595221718342
967 19.34 -0.0001007157251452922
968 19.36 -9.969225826783902e-05
969 19.38 -9.867501310969303e-05
970 19.4 -9.766490817056999e-05
971 19.42 -9.668988197278733e-05
972 19.44 -9.567235032851944e-05
973 19.46 -9.465184818150738e-05
974 19.48 -9.365819039866808e-05
975 19.5 -9.267030740617692e-05
976 19.52 -9.169016875998157e-05
977 19.54 -9.076343902360288e-05
978 19.56 -8.984149407838912e-05
979 19.58 -8.892035973820061e-05
980 19.6 -8.799308786369979e-05
981 19.62 -8.706014215571818e-05
982 19.64 -8.614740302414388e-05
983 19.66 -8.520544840257371e-05
984 19.68 -8.426049852349661e-05
985 19.7 -8.331869852360226e-05
986 19.72 -8.237330547797465e-05
987 19.74 -8.140989656517257e-05
988 19.76 -8.043182472409884e-05
989 19.78 -7.945974902507546e-05
990 19.8 -7.845746575548307e-05
991 19.82 -7.745024557073566e-05
992 19.84 -7.644382603753377e-05
993 19.86 -7.543499148146009e-05
994 19.88 -7.442743843452921e-05
995 19.9 -7.341828541320591e-05
996 19.92 -7.241076319641067e-05
997 19.94 -7.138221721640907e-05
998 19.96 -7.03355200429159e-05
999 19.98 -6.928111794512837e-05
1000 20 -6.821935165500765e-05
1001 20.02 -6.715282755774256e-05
1002 20.04 -6.608807918327471e-05
1003 20.06 -6.501147524242223e-05
1004 20.08 -6.395977005543779e-05
1005 20.1 -6.291521264656555e-05
1006 20.12 -6.187789492945826e-05
1007 20.14 -6.08422123669289e-05
1008 20.16 -5.981801861834437e-05
1009 20.18 -5.881929649132563e-05
1010 20.2 -5.784535546326853e-05
1011 20.22 -5.687536845097494e-05
1012 20.24 -5.592314812370093e-05
1013 20.26 -5.499096106370864e-05
1014 20.28 -5.404684210543168e-05
1015 20.3 -5.310109166964505e-05
1016 20.32 -5.216418830798088e-05
1017 20.34 -5.12498688660423e-05
1018 20.36 -5.028621877707981e-05
1019 20.38 -4.934099932181414e-05
1020 20.4 -4.840778303463775e-05
1021 20.42 -4.747735577656472e-05
1022 20.44 -4.655349977269176e-05
1023 20.46 -4.560176384867148e-05
1024 20.48 -4.473096619075749e-05
1025 20.5 -4.381338974102618e-05
1026 20.52 -4.292447867338511e-05
1027 20.54 -4.202995270341864e-05
1028 20.56 -4.113222847709221e-05
1029 20.58 -4.023474166841249e-05
1030 20.6 -3.933656191899942e-05
1031 20.62 -3.844243642288912e-05
1032 20.64 -3.756159821172514e-05
1033 20.66 -3.667359649124715e-05
1034 20.68 -3.579134758278489e-05
1035 20.7 -3.490913490769131e-05
1036 20.72 -3.402696336155441e-05
1037 20.74 -3.31449313659995e-05
1038 20.76 -3.226932597438492e-05
1039 20.78 -3.139357227186309e-05
1040 20.8 -3.051836851333277e-05
1041 20.82 -2.964327073033623e-05
1042 20.84 -2.875078665273675e-05
1043 20.86 -2.786008346943723e-05
1044 20.88 -2.693863857398417e-05
1045 20.9 -2.607260590352771e-05
1046 20.92 -2.520697028958283e-05
1047 20.94 -2.433717345602935e-05
1048 20.96 -2.345880136859466e-05
1049 20.98 -2.257981360596835e-05
1050 21 -2.165656803728381e-05
1051 21.02 -2.070280546247418e-05
1052 21.04 -1.973578827087571e-05
1053 21.06 -1.874206075844048e-05
1054 21.08 -1.769942696241047e-05
1055 21.1 -1.665349179092758e-05
1056 21.12 -1.562020904068709e-05
1057 21.14 -1.462512533502226e-05
1058 21.16 -1.361700970243164e-05
1059 21.18 -1.259919578211711e-05
1060 21.2 -1.157498383079959e-05
1061 21.22 -1.054454820244799e-05
1062 21.24 -9.515091751338795e-06
1063 21.26 -8.491657086496603e-06
1064 21.28 -7.481319524365495e-06
1065 21.3 -6.483092972143327e-06
1066 21.32 -5.499005858207114e-06
1067 21.34 -4.528863305801244e-06
1068 21.36 -3.573704500773807e-06
1069 21.38 -2.629263772679009e-06
1070 21.4 -1.694549389050127e-06
1071 21.42 -7.716384585914424e-07
1072 21.44 1.392084588097756e-07
1073 21.46 1.043203842370319e-06
1074 21.48 1.937415401323689e-06
1075 21.5 2.828554943466189e-06
1076 21.52 3.713347721561673e-06
1077 21.54 4.59622344889911e-06
1078 21.56 5.474014008279277e-06
1079 21.58 6.352041240001615e-06
1080 21.6 7.244357900783046e-06
1081 21.62 8.090283356775874e-06
1082 21.64 8.946925293323951e-06
1083 21.66 9.811386249810232e-06
1084 21.68 1.067704942425355e-05
1085 21.7 1.154925631859705e-05
1086 21.72 1.241867689392021e-05
1087 21.74 1.329017988591841e-05
1088 21.76 1.416040536528726e-05
1089 21.78 1.505271694082532e-05
1090 21.8 1.592572249194914e-05
1091 21.82 1.679926420406252e-05
1092 21.84 1.768275747260133e-05
1093 21.86 1.856865092094225e-05
1094 21.88 1.944906544739127e-05
1095 21.9 2.032989743496559e-05
1096 21.92 2.121401595855032e-05
1097 21.94 2.208324674223534e-05
1098 21.96 2.295464047892862e-05
1099 21.98 2.382816771444528e-05
1100 22 2.469849897795237e-05
1101 22.02 2.556797037374045e-05
1102 22.04 2.64342468512677e-05
1103 22.06 2.730151262925768e-05
1104 22.08 2.816559681533623e-05
1105 22.1 2.903183937722197e-05
1106 22.12 2.989578974491077e-05
1107 22.14 3.076133063963131e-05
1108 22.16 3.161297500151127e-05
1109 22.18 3.249093990279036e-05
1110 22.2 3.33598811996772e-05
1111 22.22 3.422717495688661e-05
1112 22.24 3.508930002490995e-05
1113 22.26 3.595207328020224e-05
1114 22.28 3.681124120267195e-05
1115 22.3 3.767231656921388e-05
1116 22.32 3.853032820643067e-05
1117 22.34 3.939258120216205e-05
1118 22.36 4.0250714282725e-05
1119 22.38 4.107803723932022e-05
1120 22.4 4.190432842146854e-05
1121 22.42 4.273019581239126e-05
1122 22.44 4.358250193871926e-05
1123 22.46 4.441864067854718e-05
1124 22.48 4.525411044468082e-05
1125 22.5 4.609792563755061e-05
1126 22.52 4.69517757986686e-05
1127 22.54 4.781591469972532e-05
1128 22.56 4.864054680203484e-05
1129 22.58 4.94461445808515e-05
1130 22.6 5.034164085823026e-05
1131 22.62 5.116623758556838e-05
1132 22.64 5.199339254537945e-05
1133 22.66 5.282039455236689e-05
1134 22.68 5.364446436468398e-05
1135 22.7 5.446714479518884e-05
1136 22.72 5.528643329369487e-05
1137 22.74 5.610455296153443e-05
1138 22.76 5.691411511424635e-05
1139 22.78 5.773178357025114e-05
1140 22.8 5.854286609192616e-05
1141 22.82 5.935126187304622e-05
1142 22.84 6.017100289049011e-05
1143 22.86 6.098268073491756e-05
1144 22.88 6.178784642567901e-05
1145 22.9 6.25916804888106e-05
1146 22.92 6.338955191348423e-05
1147 22.94 6.418545837074428e-05
1148 22.96 6.497601997647647e-05
1149 22.98 6.575774872260296e-05
1150 23 6.655276847086052e-05
1151 23.02 6.734074160236738e-05
1152 23.04 6.811418246367583e-05
1153 23.06 6.889605156872784e-05
1154 23.08 6.967120890945541e-05
1155 23.1 7.044297968138914e-05
1156 23.12 7.120906716945632e-05
1157 23.14 7.197323727893109e-05
1158 23.16 7.272539069442492e-05
1159 23.18 7.349105613157788e-05
1160 23.2 7.424913788061964e-05
1161 23.22 7.500293335312379e-05
1162 23.24 7.575121449790543e-05
1163 23.26 7.649670156037987e-05
1164 23.28 7.723677813916221e-05
1165 23.3 7.797427036828787e-05
1166 23.32 7.870997316005151e-05
1167 23.34 7.944346952382681e-05
1168 23.36 8.01722430958904e-05
1169 23.38 8.089939891711123e-05
1170 23.4 8.162154456296183e-05
1171 23.42 8.234157378384484e-05
1172 23.44 8.305887889511229e-05
1173 23.46 8.376897165094139e-05
1174 23.48 8.447426961645276e-05
1175 23.5 8.517594456016099e-05
1176 23.52 8.58729951716536e-05
1177 23.54 8.655611612883412e-05
1178 23.56 8.725217168204125e-05
1179 23.58 8.794514400115002e-05
1180 23.6 8.863052998757014e-05
1181 23.62 8.931366074246389e-05
1182 23.64 8.999031654536895e-05
1183 23.66 9.067983870697537e-05
1184 23.68 9.133988085790502e-05
1185 23.7 9.199685347368011e-05
1186 23.72 9.267612434518908e-05
1187 23.74 9.331815968760451e-05
1188 23.76 9.396185858082619e-05
1189 23.78 9.460336685211214e-05
1190 23.8 9.525633257955366e-05
1191 23.82 9.590616707688107e-05
1192 23.84 9.654876905252525e-05
1193 23.86 9.719184757519351e-05
1194 23.88 9.782922718494387e-05
1195 23.9 9.846628464440305e-05
1196 23.92 9.909614647127234e-05
1197 23.94 9.972420650646764e-05
1198 23.96 0.0001003438234253304
1199 23.98 0.0001009612165140201
1200 24 0.0001015708032946453
1201 24.02 0.0001021862708990777
1202 24.04 0.0001027802583379778
1203 24.06 0.0001033744403801875
1204 24.08 0.0001039408194663499
1205 24.1 0.0001045474776966529
1206 24.12 0.000105134767754771
1207 24.14 0.0001057254257257657
1208 24.16 0.000106299466140142
1209 24.18 0.0001068730991655361
1210 24.2 0.000107441095885982
1211 24.22 0.0001080186170153888
1212 24.24 0.0001085719765165068
1213 24.26 0.0001091252130970357
1214 24.28 0.0001096763708898627
1215 24.3 0.0001102292064802998
1216 24.32 0.0001107768125764111
1217 24.34 0.0001113244547411787
1218 24.36 0.0001118677749139867
1219 24.38 0.000112432258071655
1220 24.4 0.0001129475847052247
1221 24.42 0.00011347315992501
1222 24.44 0.000113999958695437
1223 24.46 0.0001145273114151624
1224 24.48 0.0001150515837661129
1225 24.5 0.0001155730689206689
1226 24.52 0.0001160804850915537
1227 24.54 0.0001166013778027376
1228 24.56 0.0001171220715111674
1229 24.58 0.0001176268687685178
1230 24.6 0.0001181658555636274
1231 24.62 0.0001186659925026574
1232 24.64 0.0001191791617891315
1233 24.66 0.0001197079620813488
1234 24.68 0.0001202417208922847
1235 24.7 0.0001207871465683252
1236 24.72 0.0001213341328092044
1237 24.74 0.0001218847548862091
1238 24.76 0.0001224333806322581
1239 24.78 0.0001229859476744749
1240 24.8 0.0001235343753998474
1241 24.82 0.0001240837303906238
1242 24.84 0.0001246263589439364
1243 24.86 0.0001251659060135869
1244 24.88 0.0001256906493972834
1245 24.9 0.0001262041948322095
1246 24.92 0.0001266974446956831
1247 24.94 0.0001271767907585507
1248 24.96 0.0001276332729760925
1249 24.98 0.000128080527752296
1250 25 0.0001285099783236203
1251 25.02 0.0001289314637865125
1252 25.04 0.0001293402540293214
1253 25.06 0.0001297447890871839
1254 25.08 0.0001301307474910676
1255 25.1 0.0001305121084081778
1256 25.12 0.000130934962361128
1257 25.14 0.0001313433816335283
1258 25.16 0.0001317394448631209
1259 25.18 0.0001321331800537391
1260 25.2 0.0001325220401448206
1261 25.22 0.0001329182062240664
1262 25.24 0.0001332835650999152
1263 25.26 0.0001336680800099688
1264 25.28 0.0001340600222267148
1265 25.3 0.0001344596988295154
1266 25.32 0.0001348630161636915
1267 25.34 0.0001352869587604564
1268 25.36 0.0001356899208029345
1269 25.38 0.0001360973463469222
1270 25.4 0.0001365090538530052
1271 25.42 0.0001369219531513405
1272 25.44 0.0001373469877361133
1273 25.46 0.0001377731768408719
1274 25.48 0.0001381986022051422
1275 25.5 0.0001386268526456574
1276 25.52 0.0001390545584125965
1277 25.54 0.0001394835343915554
1278 25.56 0.0001399117708010578
1279 25.58 0.0001403407276533947
1280 25.6 0.0001407681443291904
1281 25.62 0.0001411949159487379
1282 25.64 0.0001416193959471227
1283 25.66 0.0001420434019741138
1284 25.68 0.0001424547195286945
1285 25.7 0.0001428816195603287
1286 25.72 0.0001433032971795626
1287 25.74 0.000143722897785156
1288 25.76 0.0001441381787129309
1289 25.78 0.0001445519026687005
1290 25.8 0.0001449615144377339
1291 25.82 0.0001453711663940932
1292 25.84 0.0001457769236313754
1293 25.86 0.0001461819713717021
1294 25.88 0.0001465831615261275
1295 25.9 0.0001469838818755255
1296 25.92 0.00014738125450607
1297 25.94 0.0001477797201065017
1298 25.96 0.0001481726395472576
1299 25.98 0.0001485618623733676
1300 26 0.0001489488366325176
1301 26.02 0.0001493371127692968
1302 26.04 0.0001497224357017195
1303 26.06 0.0001501091340999516
1304 26.08 0.0001504923338870681
1305 26.1 0.0001508798983278099
1306 26.12 0.0001512692701983325
1307 26.14 0.0001516517345117524
1308 26.16 0.0001520387032308061
1309 26.18 0.0001523928407039475
1310 26.2 0.0001527500305542028
1311 26.22 0.0001530991657009872
1312 26.24 0.0001534708753141765
1313 26.26 0.0001538389277351711
1314 26.28 0.0001542008292861599
1315 26.3 0.0001545549385196165
1316 26.32 0.0001549041957126643
1317 26.34 0.0001552520645996173
1318 26.36 0.0001555947870938896
1319 26.38 0.0001559355961275725
1320 26.4 0.0001562712339888429
1321 26.42 0.0001566087209533687
1322 26.44 0.0001569344739976009
1323 26.46 0.0001572589487165752
1324 26.48 0.0001575782423471905
1325 26.5 0.0001578926970692769
1326 26.52 0.0001582082301317783
1327 26.54 0.0001585200397070531
1328 26.56 0.0001588241562165446
1329 26.58 0.0001591250002649807
1330 26.6 0.0001594187909132666
1331 26.62 0.0001597092242964031
1332 26.64 0.0001599890152438908
1333 26.66 0.0001602668087328048
1334 26.68 0.0001605377575744967
1335 26.7 0.0001608040007494208
1336 26.72 0.0001610627767827111
1337 26.74 0.0001613161750269615
1338 26.76 0.0001615626187051776
1339 26.78 0.0001618039681671855
1340 26.8 0.0001620384652525926
1341 26.82 0.0001622669400197127
1342 26.84 0.000162487141671744
1343 26.86 0.0001627006367624236
1344 26.88 0.0001629053819806008
1345 26.9 0.0001631017238652526
1346 26.92 0.0001632879889476891
1347 26.94 0.0001634650673520797
1348 26.96 0.0001636318492403911
1349 26.98 0.0001637901907457518
1350 27 0.0001639383939229263
1351 27.02 0.0001640779341785791
1352 27.04 0.0001642151179401972
1353 27.06 0.000164325262105916
1354 27.08 0.0001644280336262891
1355 27.1 0.0001645143257449044
1356 27.12 0.0001646175063710827
1357 27.14 0.0001647016631097738
1358 27.16 0.0001647677970807009
1359 27.18 0.0001648216383443597
1360 27.2 0.0001648601609400812
1361 27.22 0.0001648861812507531
1362 27.24 0.0001648966512332042
1363 27.26 0.0001648941808825832
1364 27.28 0.0001648756349275296
1365 27.3 0.0001648305760698921
1366 27.32 0.000164788741831549
1367 27.34 0.0001647325041039377
1368 27.36 0.0001646573237476731
1369 27.38 0.0001645659743745036
1370 27.4 0.0001644557233889146
1371 27.42 0.0001643334682825401
1372 27.44 0.0001641918558348996
1373 27.46 0.0001640372964450154
1374 27.48 0.0001638620578032482
1375 27.5 0.0001636728958348747
1376 27.52 0.0001634629143115541
1377 27.54 0.0001632386039552416
1378 27.56 0.0001629929099717252
1379 27.58 0.0001627329735411715
1380 27.6 0.0001624520568983333
1381 27.62 0.0001621564465311639
1382 27.64 0.0001618389286901727
1383 27.66 0.0001615059434646456
1384 27.68 0.0001611510044221355
1385 27.7 0.0001607809314926756
1386 27.72 0.0001603890751728553
1387 27.74 0.0001599825622017187
1388 27.76 0.0001595634350681904
1389 27.78 0.0001591064966449064
1390 27.8 0.0001586366862082948
1391 27.82 0.000158158022308847
1392 27.84 0.0001576545086386059
1393 27.86 0.0001571374268678632
1394 27.88 0.0001566028188235918
1395 27.9 0.0001560540007967356
1396 27.92 0.0001554875129951499
1397 27.94 0.0001549070816734345
1398 27.96 0.0001543094029438045
1399 27.98 0.000153698384737339
1400 28 0.0001530698075420006
1401 28.02 0.0001524277439317647
1402 28.04 0.0001517690381046686
1403 28.06 0.0001510980574064944
1404 28.08 0.0001504204363271671
1405 28.1 0.0001497186738368022
1406 28.12 0.0001490035971889296
1407 28.14 0.0001482733996130447
1408 28.16 0.0001475444446337908
1409 28.18 0.0001468015529152497
1410 28.2 0.0001460440545894393
1411 28.22 0.0001452896913606266
1412 28.24 0.0001444847626686322
1413 28.26 0.0001436840849535518
1414 28.28 0.0001428789410755906
1415 28.3 0.0001420670693573081
1416 28.32 0.0001412496347133678
1417 28.34 0.0001404189101098979
1418 28.36 0.0001396034496821302
1419 28.38 0.000138775454296361
1420 28.4 0.0001379393283833409
1421 28.42 0.0001371014634961671
1422 28.44 0.0001362548291678737
1423 28.46 0.0001354014263802629
1424 28.48 0.0001345444207980164
1425 28.5 0.0001336833397977738
1426 28.52 0.0001328194170236183
1427 28.54 0.0001319525090456885
1428 28.56 0.0001310837813267723
1429 28.58 0.0001302132471401072
1430 28.6 0.0001293417505618866
1431 28.62 0.0001284557117822751
1432 28.64 0.0001275977249036012
1433 28.66 0.0001267359314901757
1434 28.68 0.0001258655455819546
1435 28.7 0.0001249896362575924
1436 28.72 0.0001241338917623117
1437 28.74 0.0001232677080477959
1438 28.76 0.0001224033483954265
1439 28.78 0.0001215395163844602
1440 28.8 0.0001206781880796107
1441 28.82 0.0001198184203870794
1442 28.84 0.000118962159234104
1443 28.86 0.0001181081870368424
1444 28.88 0.0001172582828437631
1445 28.9 0.0001164111240753683
1446 28.92 0.0001155689037086347
1447 28.94 0.0001147276896616381
1448 28.96 0.0001138968143557103
1449 28.98 0.0001130679470071978
1450 29 0.0001122467535337337
1451 29.02 0.0001114278031048293
1452 29.04 0.0001106178129106043
1453 29.06 0.0001098173520666796
1454 29.08 0.0001090121832279844
1455 29.1 0.0001082139740175537
1456 29.12 0.0001074125991447492
1457 29.14 0.0001066312963588176
1458 29.16 0.0001058530806868586
1459 29.18 0.0001050956152524794
1460 29.2 0.0001043142394277384
1461 29.22 0.0001035321918039992
1462 29.24 0.0001027912774100179
1463 29.26 0.0001020512965576909
1464 29.28 0.000101313266482183
1465 29.3 0.0001005800991329073
1466 29.32 9.985082336728222e-05
1467 29.34 9.912732654773719e-05
1468 29.36 9.840840624356061e-05
1469 29.38 9.769545113419638e-05
1470 29.4 9.698658720715872e-05
1471 29.42 9.628411060059512e-05
1472 29.44 9.558733779949732e-05
1473 29.46 9.489780846718543e-05
1474 29.48 9.421351468379145e-05
1475 29.5 9.353595314938393e-05
1476 29.52 9.286313358371102e-05
1477 29.54 9.219677259716898e-05
1478 29.56 9.153485791604176e-05
1479 29.58 9.08787028737828e-05
1480 29.6 9.022650507775191e-05
1481 29.62 8.957980650469065e-05
1482 29.64 8.893621782444392e-05
1483 29.66 8.829739134665273e-05
1484 29.68 8.766116746800486e-05
1485 29.7 8.702943286811948e-05
1486 29.72 8.63998969621693e-05
1487 29.74 8.577466658891338e-05
1488 29.76 8.515104694397353e-05
1489 29.78 8.453088209795539e-05
1490 29.8 8.391184059512692e-05
1491 29.82 8.329601041204081e-05
1492 29.84 8.268086835427495e-05
1493 29.86 8.206863446684697e-05
1494 29.88 8.146559259478763e-05
1495 29.9 8.083378838014374e-05
1496 29.92 8.022636938976986e-05
1497 29.94 7.961495659464996e-05
1498 29.96 7.900658756477679e-05
1499 29.98 7.839750204736043e-05
1500 30 7.779072298709611e-05
1501 30.02 7.718269241132959e-05
1502 30.04 7.658370914229062e-05
1503 30.06 7.596508769781244e-05
1504 30.08 7.535272624016916e-05
1505 30.1 7.474721421168473e-05
1506 30.12 7.41293245513081e-05
1507 30.14 7.350831395513186e-05
1508 30.16 7.289361851533556e-05
1509 30.18 7.227361493855029e-05
1510 30.2 7.165788609775163e-05
1511 30.22 7.103586265720687e-05
1512 30.24 7.041710823549525e-05
1513 30.26 6.979204828424855e-05
1514 30.28 6.916473112851147e-05
1515 30.3 6.85317703614968e-05
1516 30.32 6.790338112450277e-05
1517 30.34 6.726666179181361e-05
1518 30.36 6.66337053505681e-05
1519 30.38 6.599171284186704e-05
1520 30.4 6.534927925953429e-05
1521 30.42 6.470727833897088e-05
1522 30.44 6.405467434218106e-05
1523 30.46 6.341084502598304e-05
1524 30.48 6.276343064233429e-05
1525 30.5 6.210655199275144e-05
1526 30.52 6.144693050965573e-05
1527 30.54 6.077941323000864e-05
1528 30.56 6.011085332847321e-05
1529 30.58 5.943510398292869e-05
1530 30.6 5.87566567340693e-05
1531 30.62 5.807682670429631e-05
1532 30.64 5.738619649985651e-05
1533 30.66 5.668816217450767e-05
1534 30.68 5.598909115733696e-05
1535 30.7 5.528271270417827e-05
1536 30.72 5.457438628011041e-05
1537 30.74 5.385736016617702e-05
1538 30.76 5.314022892211448e-05
1539 30.78 5.241551645938763e-05
1540 30.8 5.168507672243014e-05
1541 30.82 5.095423065424528e-05
1542 30.84 5.021461053708622e-05
1543 30.86 4.946186360719863e-05
1544 30.88 4.871187742673393e-05
1545 30.9 4.795019728250338e-05
1546 30.92 4.719071756088777e-05
1547 30.94 4.641048201247103e-05
1548 30.96 4.56189095466568e-05
1549 30.98 4.480981673615916e-05
1550 31 4.399571572570422e-05
1551 31.02 4.316849115975039e-05
1552 31.04 4.233890267317595e-05
1553 31.06 4.148882019287426e-05
1554 31.08 4.065466819900743e-05
1555 31.1 3.980630129519634e-05
1556 31.12 3.895632004599706e-05
1557 31.14 3.809174721736159e-05
1558 31.16 3.722575455528041e-05
1559 31.18 3.635116596300568e-05
1560 31.2 3.547559591060016e-05
1561 31.22 3.459038862259146e-05
1562 31.24 3.37027799372908e-05
1563 31.26 3.280641327853306e-05
1564 31.28 3.190774848436257e-05
1565 31.3 3.100008980527881e-05
1566 31.32 3.010713458202773e-05
1567 31.34 2.919945190767455e-05
1568 31.36 2.830402555140975e-05
1569 31.38 2.740033168997034e-05
1570 31.4 2.651201616582829e-05
1571 31.42 2.561225106790968e-05
1572 31.44 2.470885871171719e-05
1573 31.46 2.379880635412631e-05
1574 31.48 2.288060248953273e-05
1575 31.5 2.195502189451111e-05
1576 31.52 2.102596779745568e-05
1577 31.54 2.008913015886162e-05
1578 31.56 1.914869360484596e-05
1579 31.58 1.82004953238764e-05
1580 31.6 1.72486995860993e-05
1581 31.62 1.628991223926452e-05
1582 31.64 1.532752545371036e-05
1583 31.66 1.435661779419986e-05
1584 31.68 1.337851050443525e-05
1585 31.7 1.239153853198842e-05
1586 31.72 1.140194651294775e-05
1587 31.74 1.040990296264005e-05
1588 31.76 9.410895662920764e-06
1589 31.78 8.406537102695345e-06
1590 31.8 7.397563557905257e-06
1591 31.82 6.384107128645769e-06
1592 31.84 5.366875353701581e-06
1593 31.86 4.344632770447484e-06
1594 31.88 3.322555300803452e-06
1595 31.9 2.288359687533205e-06
1596 31.92 1.253959563725093e-06
1597 31.94 2.159258722043346e-07
1598 31.96 -8.271789573882741e-07
1599 31.98 -1.875787654449977e-06
1600 32 -2.92452331869916e-06
1601 32.02 -3.979405273568478e-06
1602 32.04 -5.031851894244409e-06
1603 32.06 -6.095820082483859e-06
1604 32.08 -7.155710776113943e-06
1605 32.1 -8.218806407350924e-06
1606 32.12 -9.282138561918826e-06
1607 32.14 -1.035002579576709e-05
1608 32.16 -1.14189955086474e-05
1609 32.18 -1.249318023139841e-05
1610 32.2 -1.356876098809176e-05
1611 32.22 -1.464966709330582e-05
1612 32.24 -1.573179390679451e-05
1613 32.26 -1.681879959769829e-05
1614 32.28 -1.790656500718823e-05
1615 32.3 -1.899898010762253e-05
1616 32.32 -2.00917498260884e-05
1617 32.34 -2.118881435014663e-05
1618 32.36 -2.228589451698383e-05
1619 32.38 -2.33869914110936e-05
1620 32.4 -2.448786298126809e-05
1621 32.42 -2.559251074867234e-05
1622 32.44 -2.66966502996512e-05
1623 32.46 -2.780437525122044e-05
1624 32.48 -2.891144771441584e-05
1625 32.5 -3.002193790793513e-05
1626 32.52 -3.113164001397144e-05
1627 32.54 -3.224496882936131e-05
1628 32.56 -3.335788570736364e-05
1629 32.58 -3.447560439011469e-05
1630 32.6 -3.55882956836852e-05
1631 32.62 -3.670807355217982e-05
1632 32.64 -3.782258225268521e-05
1633 32.66 -3.894381355497646e-05
1634 32.68 -4.006063560101883e-05
1635 32.7 -4.118292716179347e-05
1636 32.72 -4.230021241498215e-05
1637 32.74 -4.342193388426221e-05
1638 32.76 -4.454143249343408e-05
1639 32.78 -4.566430215423809e-05
1640 32.8 -4.678474565330129e-05
1641 32.82 -4.790799592480934e-05
1642 32.84 -4.902883319000093e-05
1643 32.86 -5.015230639261656e-05
1644 32.88 -5.127311781649368e-05
1645 32.9 -5.23964784135811e-05
1646 32.92 -5.351704544405175e-05
1647 32.94 -5.464008206104553e-05
1648 32.96 -5.576650054543441e-05
1649 32.98 -5.688083280686982e-05
1650 33 -5.79989335328508e-05
1651 33.02 -5.911635399950347e-05
1652 33.04 -6.023572559635972e-05
1653 33.06 -6.13531849606932e-05
1654 33.08 -6.247020568399886e-05
1655 33.1 -6.358747113161071e-05
1656 33.12 -6.470527788808292e-05
1657 33.14 -6.58206170558499e-05
1658 33.16 -6.693622878887761e-05
1659 33.18 -6.804957980704917e-05
1660 33.2 -6.916310737016779e-05
1661 33.22 -7.0272096946706e-05
1662 33.24 -7.138851324412617e-05
1663 33.26 -7.250003921455829e-05
1664 33.28 -7.360963623832077e-05
1665 33.3 -7.47169380334024e-05
1666 33.32 -7.582257775856486e-05
1667 33.34 -7.692614152327334e-05
1668 33.36 -7.802822207534758e-05
1669 33.38 -7.912824210565812e-05
1670 33.4 -8.022672577853109e-05
1671 33.42 -8.132058663763193e-05
1672 33.44 -8.241580980317831e-05
1673 33.46 -8.350853021163518e-05
1674 33.48 -8.459852768972471e-05
1675 33.5 -8.568839128832036e-05
1676 33.52 -8.677547788169878e-05
1677 33.54 -8.78621870900561e-05
1678 33.56 -8.89458172071327e-05
1679 33.58 -9.002873863191374e-05
1680 33.6 -9.110855679616517e-05
1681 33.62 -9.218770119618628e-05
1682 33.64 -9.326381645959677e-05
1683 33.66 -9.433919603906728e-05
1684 33.68 -9.541153259612611e-05
1685 33.7 -9.648305736229555e-05
1686 33.72 -9.755004588762864e-05
1687 33.74 -9.861861692505058e-05
1688 33.76 -9.96838375944305e-05
1689 33.78 -0.0001007473859596797
1690 33.8 -0.0001018078520532763
1691 33.82 -0.0001028669321478708
1692 33.84 -0.0001039229092858029
1693 33.86 -0.0001049777120878929
1694 33.88 -0.0001060275087169121
1695 33.9 -0.0001070770118053591
1696 33.92 -0.0001081199977100326
1697 33.94 -0.0001091635542423562
1698 33.96 -0.0001102052494054691
1699 33.98 -0.0001112472706051714
1700 34 -0.000112286060482651
1701 34.02 -0.0001133228278562872
1702 34.04 -0.0001143567181680047
1703 34.06 -0.0001153886967360657
1704 34.08 -0.0001164179280156741
1705 34.1 -0.0001174451770385135
1706 34.12 -0.0001184699050891471
1707 34.14 -0.000119492521042665
1708 34.16 -0.0001205125677148993
1709 34.18 -0.0001215302676195549
1710 34.2 -0.0001225454014428362
1711 34.22 -0.0001235582528045458
1712 34.24 -0.0001245687036571001
1713 34.26 -0.0001255769524956514
1714 34.28 -0.0001265827072117556
1715 34.3 -0.000127586082595346
1716 34.32 -0.0001285856189859304
1717 34.34 -0.0001295862005415077
1718 34.36 -0.0001305791223536185
1719 34.38 -0.0001315746319393869
1720 34.4 -0.0001325616146845606
1721 34.42 -0.0001335515248392334
1722 34.44 -0.0001345337305975659
1723 34.46 -0.0001355184092362294
1724 34.48 -0.0001364955104733713
1725 34.5 -0.0001374750268236613
1726 34.52 -0.000138447033079958
1727 34.54 -0.0001394214158909983
1728 34.56 -0.0001403918187590067
1729 34.58 -0.0001413540724980999
1730 34.6 -0.0001423158108101371
1731 34.62 -0.0001432758983763849
1732 34.64 -0.0001442345785463268
1733 34.66 -0.0001451907056380099
1734 34.68 -0.0001461447727994232
1735 34.7 -0.0001470959415658806
1736 34.72 -0.0001480441728797636
1737 34.74 -0.0001489896537608666
1738 34.76 -0.0001499319821172916
1739 34.78 -0.0001508715412350317
1740 34.8 -0.0001518078673427735
1741 34.82 -0.0001527414359882368
1742 34.84 -0.0001536718152504699
1743 34.86 -0.0001545993304269336
1744 34.88 -0.0001555224109766211
1745 34.9 -0.0001564443061691082
1746 34.92 -0.0001573629499735219
1747 34.94 -0.0001582789532982278
1748 34.96 -0.0001591915883895759
1749 34.98 -0.0001601015341860117
1750 35 -0.0001610079597514825
1751 35.02 -0.0001619115887228885
1752 35.04 -0.000162811714947323
1753 35.06 -0.0001637097448585311
1754 35.08 -0.0001646045542006629
1755 35.1 -0.0001654968565619502
1756 35.12 -0.0001663853837892539
1757 35.14 -0.0001672713666994782
1758 35.16 -0.000168153277120325
1759 35.18 -0.0001690325627096903
1760 35.2 -0.0001699076769845938
1761 35.22 -0.0001707801655710981
1762 35.24 -0.0001716483172211555
1763 35.26 -0.0001725141181341871
1764 35.28 -0.0001733749090377553
1765 35.3 -0.0001742330149588058
1766 35.32 -0.0001750864408034134
1767 35.34 -0.0001759370090799731
1768 35.36 -0.0001767827510888267
1769 35.38 -0.0001776253125009601
1770 35.4 -0.0001784635406529523
1771 35.42 -0.0001792985495201765
1772 35.44 -0.0001801285681765341
1773 35.46 -0.0001809551960746407
1774 35.48 -0.0001817766346894218
1775 35.5 -0.0001825947821518788
1776 35.52 -0.000183407664685592
1777 35.54 -0.0001842199660884242
1778 35.56 -0.0001850232327417109
1779 35.58 -0.0001858236250272133
1780 35.6 -0.0001866180404072728
1781 35.62 -0.00018740980598295
1782 35.64 -0.0001881951974923683
1783 35.66 -0.0001889780137432463
1784 35.68 -0.000189753769666351
1785 35.7 -0.0001905264545863882
1786 35.72 -0.0001912924835545551
1787 35.74 -0.0001920552977111288
1788 35.76 -0.0001928114559901617
1789 35.78 -0.0001935641195342801
1790 35.8 -0.0001943102203492014
1791 35.82 -0.0001950509163236553
1792 35.84 -0.0001957891692306471
1793 35.86 -0.0001965216368660408
1794 35.88 -0.0001972475185427338
1795 35.9 -0.0001979690509099252
1796 35.92 -0.0001986843027284417
1797 35.94 -0.0001993940412826935
1798 35.96 -0.0002000965536154371
1799 35.98 -0.0002007943029845999
1800 36 -0.0002014847527689823
1801 36.02 -0.0002021708076075088
1802 36.04 -0.0002028495898110678
1803 36.06 -0.0002035239989324897
1804 36.08 -0.000204191138507812
1805 36.1 -0.0002048539174293761
1806 36.12 -0.0002055089349893423
1807 36.14 -0.0002061591099735902
1808 36.16 -0.000206801283908232
1809 36.18 -0.0002074384445803644
1810 36.2 -0.0002080679732693314
1811 36.22 -0.000208692901183497
1812 36.24 -0.0002093101761089268
1813 36.26 -0.0002099224500321105
1814 36.28 -0.0002105269081002057
1815 36.3 -0.0002111260824904587
1816 36.32 -0.0002117171881231333
1817 36.34 -0.0002123028110841628
1818 36.36 -0.0002128806654770789
1819 36.38 -0.0002134530168257793
1820 36.4 -0.0002140176189398115
1821 36.42 -0.0002145765424752049
1822 36.44 -0.0002151278123440907
1823 36.46 -0.000215673234813778
1824 36.48 -0.0002162098557818162
1825 36.5 -0.0002167447072987576
1826 36.52 -0.0002172704776198551
1827 36.54 -0.0002177886229700454
1828 36.56 -0.0002182994827043866
1829 36.58 -0.0002188003150200621
1830 36.6 -0.0002192996081760936
1831 36.62 -0.0002197903072961822
1832 36.64 -0.0002202708292991815
1833 36.66 -0.0002207491176424566
1834 36.68 -0.0002212186348144822
1835 36.7 -0.0002216784264796687
1836 36.72 -0.0002221360504858088
1837 36.74 -0.0002225776458505432
1838 36.76 -0.0002230139063739599
1839 36.78 -0.0002234436005331268
1840 36.8 -0.0002238662518609511
1841 36.82 -0.0002242818943660488
1842 36.84 -0.0002246901978081566
1843 36.86 -0.0002250899951740954
1844 36.88 -0.0002254844295430024
1845 36.9 -0.0002258710226649737
1846 36.92 -0.0002262497178892551
1847 36.94 -0.0002266206751932009
1848 36.96 -0.000226983907814155
1849 36.98 -0.0002273394929802024
1850 37 -0.0002276871659594131
1851 37.02 -0.0002280270331232563
1852 37.04 -0.000228359018914347
1853 37.06 -0.0002286831380344947
1854 37.08 -0.0002289992272084986
1855 37.1 -0.0002293051354683105
1856 37.12 -0.0002296071020505456
1857 37.14 -0.0002299004717718184
1858 37.16 -0.000230185745640531
1859 37.18 -0.0002304629862789835
1860 37.2 -0.0002307323857203211
1861 37.22 -0.0002309938263256238
1862 37.24 -0.0002312472846458684
1863 37.26 -0.000231492742722383
1864 37.28 -0.0002317302949570593
1865 37.3 -0.0002319599055487271
1866 37.32 -0.0002321817477101948
1867 37.34 -0.0002323980927811748
1868 37.36 -0.0002326020441559872
1869 37.38 -0.0002328015482342678
1870 37.4 -0.0002329942846649179
1871 37.42 -0.000233179728606945
1872 37.44 -0.0002333578037773643
1873 37.46 -0.0002335284482388881
1874 37.48 -0.0002336914058978807
1875 37.5 -0.0002338467974101152
1876 37.52 -0.0002339945064412482
1877 37.54 -0.0002341342615374086
1878 37.56 -0.0002342662771345595
1879 37.58 -0.0002343899317512968
1880 37.6 -0.0002345087893699227
1881 37.62 -0.0002346184248894488
1882 37.64 -0.0002347201768406461
1883 37.66 -0.0002348141021327758
1884 37.68 -0.0002348997596693794
1885 37.7 -0.0002349773091330493
1886 37.72 -0.0002350469435326729
1887 37.74 -0.0002351089084175287
1888 37.76 -0.0002351632555576803
1889 37.78 -0.0002352100441096914
1890 37.8 -0.0002352492646724397
1891 37.82 -0.0002352809252180792
1892 37.84 -0.0002353050398230174
1893 37.86 -0.0002353216697598382
1894 37.88 -0.0002353305793387687
1895 37.9 -0.0002353323548168829
1896 37.92 -0.0002353267541875974
1897 37.94 -0.0002353137293830773
1898 37.96 -0.000235293207162895
1899 37.98 -0.0002352687318469773
1900 38 -0.0002352307302155318
1901 38.02 -0.0002351858606774862
1902 38.04 -0.0002351343428842053
1903 38.06 -0.0002350755761343335
1904 38.08 -0.0002350126384609542
1905 38.1 -0.000234937276092422
1906 38.12 -0.0002348551383716143
1907 38.14 -0.0002347659359937907
1908 38.16 -0.0002346694038145701
1909 38.18 -0.0002345655173714888
1910 38.2 -0.0002344541714936715
1911 38.22 -0.0002343353495892004
1912 38.24 -0.000234208781781141
1913 38.26 -0.0002340743991345056
1914 38.28 -0.0002339323457829661
1915 38.3 -0.0002337827282988372
1916 38.32 -0.000233625666874522
1917 38.34 -0.0002334611607068434
1918 38.36 -0.0002332854979455893
1919 38.38 -0.0002331104761214197
1920 38.4 -0.000232926784492813
1921 38.42 -0.0002327343386019603
1922 38.44 -0.0002325338644500958
1923 38.46 -0.0002323257940288477
1924 38.48 -0.0002321103093765667
1925 38.5 -0.0002318874691438093
1926 38.52 -0.0002316580567349967
1927 38.54 -0.0002314164606131549
1928 38.56 -0.00023116856272884
1929 38.58 -0.0002309131636531029
1930 38.6 -0.0002306512462308835
1931 38.62 -0.0002303831787732521
1932 38.64 -0.0002301070201617949
1933 38.66 -0.0002298226231416443
1934 38.68 -0.0002295317055222045
1935 38.7 -0.0002292339549277004
1936 38.72 -0.0002289295078765446
1937 38.74 -0.0002286181591965888
1938 38.76 -0.0002282999332927504
1939 38.78 -0.0002279748484039967
1940 38.8 -0.000227642856565248
1941 38.82 -0.0002273039731760523
1942 38.84 -0.0002269583509045479
1943 38.86 -0.0002266037800902029
1944 38.88 -0.0002262454494608659
1945 38.9 -0.0002258808397813092
1946 38.92 -0.0002255106745616155
1947 38.94 -0.0002251343138678574
1948 38.96 -0.0002247515141455047
1949 38.98 -0.0002243620735889483
1950 39 -0.0002239665702171941
1951 39.02 -0.0002235609173186262
1952 39.04 -0.0002231496292251171
1953 39.06 -0.0002227316787074948
1954 39.08 -0.0002223067530878856
1955 39.1 -0.0002218748784010428
1956 39.12 -0.000221436220921834
1957 39.14 -0.0002209907752266969
1958 39.16 -0.0002205383926724036
1959 39.18 -0.0002200790609071067
1960 39.2 -0.0002196127888219221
1961 39.22 -0.0002191396260781931
1962 39.24 -0.0002186595551864679
1963 39.26 -0.0002181737198850307
1964 39.28 -0.0002176784653505785
1965 39.3 -0.0002171768968517208
1966 39.32 -0.000216669010366296
1967 39.34 -0.000216154040183444
1968 39.36 -0.0002156327081956315
1969 39.38 -0.000215104643305298
1970 39.4 -0.0002145695759362277
1971 39.42 -0.0002140276231325911
1972 39.44 -0.0002134789482512679
1973 39.46 -0.0002129225312283034
1974 39.48 -0.0002123644064686921
1975 39.5 -0.0002117939848901715
1976 39.52 -0.0002112137812873421
1977 39.54 -0.0002106360556819919
1978 39.56 -0.0002100487978379859
1979 39.58 -0.000209453015833077
1980 39.6 -0.0002088493549466987
1981 39.62 -0.0002082382094584807
1982 39.64 -0.0002076200691872267
1983 39.66 -0.0002069946455452428
1984 39.68 -0.0002063622327756286
1985 39.7 -0.0002057229103238929
1986 39.72 -0.0002050767824993292
1987 39.74 -0.0002044239416871433
1988 39.76 -0.000203763795728585
1989 39.78 -0.0002030967591373985
1990 39.8 -0.0002024229882670621
1991 39.82 -0.0002017424460904694
1992 39.84 -0.0002010551119939726
1993 39.86 -0.0002003610001880013
1994 39.88 -0.0001996601038848297
1995 39.9 -0.0001989523722490197
1996 39.92 -0.0001982377624197507
1997 39.94 -0.0001975162993810747
1998 39.96 -0.0001967880466274369
1999 39.98 -0.0001960529886479259
2000 40 -0.0001953111567064229
2001 40.02 -0.0001945625416026451
2002 40.04 -0.0001938069581701404
2003 40.06 -0.0001930430661952916
2004 40.08 -0.0001922736395208439
2005 40.1 -0.0001914973469327818
2006 40.12 -0.0001907143953595441
2007 40.14 -0.0001899247701057782
2008 40.16 -0.0001891284357543879
2009 40.18 -0.0001883253504126222
2010 40.2 -0.000187515527579215
2011 40.22 -0.0001866989113526563
2012 40.24 -0.0001858753898548178
2013 40.26 -0.0001850449941848743
2014 40.28 -0.0001842078023619443
2015 40.3 -0.0001833638649531324
2016 40.32 -0.000182513222887835
2017 40.34 -0.0001816565010223358
2018 40.36 -0.0001807722034548505
2019 40.38 -0.0001799140388245751
2020 40.4 -0.0001790182333171423
2021 40.42 -0.0001781481725339586
2022 40.44 -0.0001772392382830538
2023 40.46 -0.0001763564713052932
2024 40.48 -0.0001754341676640086
2025 40.5 -0.0001745385884374553
2026 40.52 -0.000173602909459646
2027 40.54 -0.0001726945631492317
2028 40.56 -0.0001717469887630036
2029 40.58 -0.0001708235722732092
2030 40.6 -0.0001698558616650066
2031 40.62 -0.000168922408699407
2032 40.64 -0.0001679437558959275
2033 40.66 -0.0001669989746033837
2034 40.68 -0.0001660078222216608
2035 40.7 -0.0001650509847931228
2036 40.72 -0.0001640470731209244
2037 40.74 -0.0001630781809083625
2038 40.76 -0.0001620617411574142
2039 40.78 -0.0001610808713715063
2040 40.8 -0.0001600523151524191
2041 40.82 -0.0001590587982867512
2042 40.84 -0.0001580176963684198
2043 40.86 -0.0001570121517851437
2044 40.88 -0.0001559588260001085
2045 40.9 -0.0001549387801043041
2046 40.92 -0.0001538713769051836
2047 40.94 -0.0001528415182341648
2048 40.96 -0.00015176304248263
2049 40.98 -0.0001507220624936668
2050 41 -0.0001496316727200383
2051 41.02 -0.0001485790049815352
2052 41.04 -0.0001474765433253022
2053 41.06 -0.0001464129192585211
2054 41.08 -0.000145296355726152
2055 41.1 -0.0001442224207057947
2056 41.12 -0.0001430932287082326
2057 41.14 -0.0001420083141200066
2058 41.16 -0.0001408683827962143
2059 41.18 -0.0001397736465875135
2060 41.2 -0.0001386227554172196
2061 41.22 -0.0001375176346824996
2062 41.24 -0.0001363555820680517
2063 41.26 -0.0001352400122772416
2064 41.28 -0.0001340671278578485
2065 41.3 -0.0001329408509328786
2066 41.32 -0.0001317568896389546
2067 41.34 -0.0001306199390154876
2068 41.36 -0.0001294249922061099
2069 41.38 -0.0001282773902279978
2070 41.4 -0.0001270712274096428
2071 41.42 -0.0001259133788236006
2072 41.44 -0.0001246965430448528
2073 41.46 -0.0001235285309993353
2074 41.48 -0.0001223012565254898
2075 41.5 -0.0001211235523879836
2076 41.52 -0.0001198865977202475
2077 41.54 -0.0001186991761230177
2078 41.56 -0.0001174518639996485
2079 41.58 -0.0001162548454212666
2080 41.6 -0.0001150078205639604
2081 41.62 -0.0001137623473003196
2082 41.64 -0.0001125185914941274
2083 41.66 -0.0001112691153380207
2084 41.68 -0.000110016529379914
2085 41.7 -0.0001087607897150968
2086 41.72 -0.0001075015026007973
2087 41.74 -0.0001062383657336222
2088 41.76 -0.0001049696585732219
2089 41.78 -0.0001036980258491299
2090 41.8 -0.0001024202113402211
2091 41.82 -0.0001011364443551417
2092 41.84 -9.984637733033024e-05
2093 41.86 -9.855108059178964e-05
2094 41.88 -9.725085759558948e-05
2095 41.9 -9.594630098287912e-05
2096 41.92 -9.463683852971609e-05
2097 41.94 -9.33226299953937e-05
2098 41.96 -9.200360062975336e-05
2099 41.98 -9.066784483002366e-05
2100 42 -8.938018924182996e-05
2101 42.02 -8.802346535533952e-05
2102 42.04 -8.672070687690138e-05
2103 42.06 -8.535188201078642e-05
2104 42.08 -8.403831691466461e-05
2105 42.1 -8.265919990656623e-05
2106 42.12 -8.133666463189311e-05
2107 42.14 -7.994979840853097e-05
2108 42.16 -7.861656520274667e-05
2109 42.18 -7.721827707823807e-05
2110 42.2 -7.587941251642745e-05
2111 42.22 -7.44743448703094e-05
2112 42.24 -7.312878710651443e-05
2113 42.26 -7.171684540562371e-05
2114 42.28 -7.036512820915793e-05
2115 42.3 -6.894670989995291e-05
2116 42.32 -6.757625331407861e-05
2117 42.34 -6.619181244785337e-05
2118 42.36 -6.480090275792429e-05
2119 42.38 -6.340515177830609e-05
2120 42.4 -6.200528860839813e-05
2121 42.42 -6.060156788281165e-05
2122 42.44 -5.919432167028863e-05
2123 42.46 -5.77837194947231e-05
2124 42.48 -5.637002513441996e-05
2125 42.5 -5.495335402776033e-05
2126 42.52 -5.353345317860499e-05
2127 42.54 -5.211040020283782e-05
2128 42.56 -5.068439350789216e-05
2129 42.58 -4.925553304463526e-05
2130 42.6 -4.782399649192369e-05
2131 42.62 -4.639009473640598e-05
2132 42.64 -4.495373659397098e-05
2133 42.66 -4.351499476097375e-05
2134 42.68 -4.207391756546275e-05
2135 42.7 -4.063049312963775e-05
2136 42.72 -3.918482082885176e-05
2137 42.74 -3.773641845446448e-05
2138 42.76 -3.62874165507138e-05
2139 42.78 -3.483596619270638e-05
2140 42.8 -3.338223642808336e-05
2141 42.82 -3.192612428153171e-05
2142 42.84 -3.046776509638875e-05
2143 42.86 -2.900707329331875e-05
2144 42.88 -2.754441292747661e-05
2145 42.9 -2.60804415348354e-05
2146 42.92 -2.461520752587122e-05
2147 42.94 -2.314879547063876e-05
2148 42.96 -2.168265104146377e-05
2149 42.98 -2.021189038562618e-05
2150 43 -1.874115377420295e-05
2151 43.02 -1.726986423157505e-05
2152 43.04 -1.579791698932255e-05
2153 43.06 -1.432532910938325e-05
2154 43.08 -1.285196729083501e-05
2155 43.1 -1.137776721396288e-05
2156 43.12 -9.902532479328685e-06
2157 43.14 -8.426164400465262e-06
2158 43.16 -6.948611773613642e-06
2159 43.18 -5.469813560277624e-06
2160 43.2 -3.98966554238782e-06
2161 43.22 -2.508022388368398e-06
2162 43.24 -1.0248681263439e-06
2163 43.26 4.597679484940061e-07
2164 43.28 1.94569474091044e-06
2165 43.3 3.433133510282083e-06
2166 43.32 4.922246947647049e-06
2167 43.34 6.4128408425941e-06
2168 43.36 7.904951584271146e-06
2169 43.38 9.398487141760047e-06
2170 43.4 1.089349106456029e-05
2171 43.42 1.239025789619251e-05
2172 43.44 1.388860661200656e-05
2173 43.46 1.538841889924575e-05
2174 43.48 1.68896897664736e-05
2175 43.5 1.839226741764876e-05
2176 43.52 1.989596789174108e-05
2177 43.54 2.140015463087928e-05
2178 43.56 2.290484950390651e-05
2179 43.58 2.441205889581491e-05
2180 43.6 2.59204777054999e-05
2181 43.62 2.743000060023e-05
2182 43.64 2.894097734926605e-05
2183 43.66 3.04529981632025e-05
2184 43.68 3.196665064038171e-05
2185 43.7 3.348099178132506e-05
2186 43.72 3.499738772672061e-05
2187 43.74 3.651400193653809e-05
2188 43.76 3.802973250540085e-05
2189 43.78 3.954736942777326e-05
2190 43.8 4.106910615433604e-05
2191 43.82 4.258973696416406e-05
2192 43.84 4.411346596269949e-05
2193 43.86 4.563848491425778e-05
2194 43.88 4.7163327978689e-05
2195 43.9 4.869063556755777e-05
2196 43.92 5.021725315591891e-05
2197 43.94 5.17462173723208e-05
2198 43.96 5.327441347436562e-05
2199 43.98 5.480499421619477e-05
2200 44 5.633468227293192e-05
2201 44.02 5.786656214179089e-05
2202 44.04 5.939753506232926e-05
2203 44.06 6.093064562148829e-05
2204 44.08 6.246269960145382e-05
2205 44.1 6.399708527780357e-05
2206 44.12 6.553024797398339e-05
2207 44.14 6.706631894367584e-05
2208 44.16 6.860099672467883e-05
2209 44.18 7.013704792132909e-05
2210 44.2 7.167280484958593e-05
2211 44.22 7.320918835393236e-05
2212 44.24 7.474499967399442e-05
2213 44.26 7.628148342308072e-05
2214 44.28 7.781719274470415e-05
2215 44.3 7.935731093304067e-05
2216 44.32 8.089040974559406e-05
2217 44.34 8.242519993341523e-05
2218 44.36 8.395682096358222e-05
2219 44.38 8.54981434787933e-05
2220 44.4 8.703801643819697e-05
2221 44.42 8.856794084952988e-05
2222 44.44 9.01001510897388e-05
2223 44.46 9.163428197711498e-05
2224 44.48 9.316797732295246e-05
2225 44.5 9.470286863394143e-05
2226 44.52 9.62369255221957e-05
2227 44.54 9.777132172939039e-05
2228 44.56 9.930456511810429e-05
2229 44.58 0.0001008377859350205
2230 44.6 0.0001023690947800577
2231 44.62 0.0001039004493844635
2232 44.64 0.0001054295241127163
2233 44.66 0.0001069587197537835
2234 44.68 0.0001084852933319211
2235 44.7 0.0001100121534984335
2236 44.72 0.0001115357028841908
2237 44.74 0.0001130598638143256
2238 44.76 0.0001145802337119957
2239 44.78 0.0001161011880987558
2240 44.8 0.0001176180758562266
2241 44.82 0.0001191350985906367
2242 44.84 0.0001206480178190999
2243 44.86 0.0001221611823600948
2244 44.88 0.0001236766958318516
2245 44.9 0.0001251742198256732
2246 44.92 0.0001266736288362676
2247 44.94 0.0001281743061487605
2248 44.96 0.0001296720027779429
2249 44.98 0.0001311694838853638
2250 45 0.0001326630469635149
2251 45.02 0.0001341546941000871
2252 45.04 0.0001356430892179918
2253 45.06 0.0001371304764594666
2254 45.08 0.0001386122532328639
2255 45.1 0.0001400929857083113
2256 45.12 0.0001415679236809225
2257 45.14 0.0001430419071438397
2258 45.16 0.0001445097891067991
2259 45.18 0.0001459765198742983
2260 45.2 0.0001474371366512098
2261 45.22 0.0001488964625646428
2262 45.24 0.0001503494806244771
2263 45.26 0.0001518011985069022
2264 45.28 0.0001532461742076603
2265 45.3 0.0001546896192319739
2266 45.32 0.0001561261307888983
2267 45.34 0.0001575609684580802
2268 45.36 0.0001589886695242158
2269 45.38 0.0001604146739724505
2270 45.4 0.0001618333467710417
2271 45.42 0.0001632500524734646
2272 45.44 0.0001646591733157902
2273 45.46 0.0001660660248630908
2274 45.48 0.0001674651987620286
2275 45.5 0.0001688620251795209
2276 45.52 0.0001702513128083685
2277 45.54 0.0001716379283399828
2278 45.56 0.0001730170831296438
2279 45.58 0.0001743933730757786
2280 45.6 0.0001757620651777806
2281 45.62 0.0001771277264346284
2282 45.64 0.0001784855896010666
2283 45.66 0.0001798402831975097
2284 45.68 0.0001811870027439543
2285 45.7 0.0001825302171093209
2286 45.72 0.0001838652303796621
2287 45.74 0.0001851969244922332
2288 45.76 0.0001865203133332766
2289 45.78 0.0001878397690682125
2290 45.8 0.0001891509741810847
2291 45.82 0.0001904585565686402
2292 45.84 0.0001917540949411899
2293 45.86 0.0001930539434874846
2294 45.88 0.0001943423184989881
2295 45.9 0.0001956259743442902
2296 45.92 0.0001968988301126025
2297 45.94 0.0001981679658038435
2298 45.96 0.0001994284039558978
2299 45.98 0.0002006830809732804
2300 46 0.0002019298484393986
2301 46.02 0.000203170609121924
2302 46.04 0.000204403902039774
2303 46.06 0.00020562784134363
2304 46.08 0.0002068496209380253
2305 46.1 0.0002080636362817915
2306 46.12 0.0002092699468911388
2307 46.14 0.0002104693574240246
2308 46.16 0.0002116612804966318
2309 46.18 0.0002128463590549409
2310 46.2 0.0002140239641350434
2311 46.22 0.0002151946163178882
2312 46.24 0.0002163577265588239
2313 46.26 0.0002175136729925862
2314 46.28 0.0002186619514616623
2315 46.3 0.0002198028439213386
2316 46.32 0.0002209361355128884
2317 46.34 0.0002220620638924769
2318 46.36 0.0002231804236803329
2319 46.38 0.0002242913338688252
2320 46.4 0.0002253945266872113
2321 46.42 0.0002264900573846257
2322 46.44 0.0002275776439461453
2323 46.46 0.0002286574711850289
2324 46.48 0.000229729371528593
2325 46.5 0.0002307934891417084
2326 46.52 0.0002318494544018154
2327 46.54 0.0002328975187122685
2328 46.56 0.0002339377042187041
2329 46.58 0.0002349700702794387
2330 46.6 0.0002360006749006249
2331 46.62 0.0002370107622526994
2332 46.64 0.000238015939002801
2333 46.66 0.0002390145244444222
2334 46.68 0.0002400059987984664
2335 46.7 0.0002409899088113213
2336 46.72 0.0002419661613971941
2337 46.74 0.0002429344749291493
2338 46.76 0.0002438947837457347
2339 46.78 0.000244846990985153
2340 46.8 0.0002457914021349318
2341 46.82 0.0002467277614868008
2342 46.84 0.0002476559829636428
2343 46.86 0.0002485761522843089
2344 46.88 0.0002494882063162202
2345 46.9 0.0002503911705728972
2346 46.92 0.0002512872051722303
2347 46.94 0.0002521743863963311
2348 46.96 0.0002530528440202773
2349 46.98 0.000253922599327395
2350 47 0.0002547838889620306
2351 47.02 0.0002556366938493929
2352 47.04 0.000256483332004132
2353 47.06 0.0002573168778122122
2354 47.08 0.0002581439154895829
2355 47.1 0.0002589575448771368
2356 47.12 0.000259765208805042
2357 47.14 0.0002605654266427771
2358 47.16 0.0002613573612403632
2359 47.18 0.0002621411082279613
2360 47.2 0.0002629163028805384
2361 47.22 0.0002636801505863928
2362 47.24 0.0002644435266515111
2363 47.26 0.0002651958327826374
2364 47.28 0.0002659388861903218
2365 47.3 0.0002666726665591365
2366 47.32 0.0002673974461814163
2367 47.34 0.0002681133819527131
2368 47.36 0.0002688202373543729
2369 47.38 0.0002695172339991341
2370 47.4 0.0002702117558118726
2371 47.42 0.0002708916651767729
2372 47.44 0.000271563127341424
2373 47.46 0.0002722262797871706
2374 47.48 0.0002728812842284007
2375 47.5 0.0002735274673134434
2376 47.52 0.0002741649025394916
2377 47.54 0.0002747932855418955
2378 47.56 0.0002754124836948887
2379 47.58 0.0002760229653563975
2380 47.6 0.000276624482934513
2381 47.62 0.0002772174688969798
2382 47.64 0.0002778019077788741
2383 47.66 0.0002783774988630415
2384 47.68 0.0002789440111087975
2385 47.7 0.0002795016859971784
2386 47.72 0.0002800499208059493
2387 47.74 0.0002805893825664052
2388 47.76 0.0002811196238375334
2389 47.78 0.0002816405889269361
2390 47.8 0.0002821528426031723
2391 47.82 0.0002826560833351132
2392 47.84 0.000283150134007541
2393 47.86 0.0002836350756610849
2394 47.88 0.0002841108143078964
2395 47.9 0.0002845774665854215
2396 47.92 0.0002850344721208323
2397 47.94 0.0002854828777573481
2398 47.96 0.0002859216467939223
2399 47.98 0.0002863518509728761
2400 48 0.0002867728808080715
2401 48.02 0.0002871844665263841
2402 48.04 0.0002875814955520531
2403 48.06 0.0002879791897092552
2404 48.08 0.000288367251656638
2405 48.1 0.0002887435468258444
2406 48.12 0.0002891100028818038
2407 48.14 0.0002894667555918853
2408 48.16 0.0002898137686046956
2409 48.18 0.0002901515454046112
2410 48.2 0.0002904796258638124
2411 48.22 0.0002907983056981778
2412 48.24 0.000291107715745766
2413 48.26 0.000291408073353321
2414 48.28 0.0002916988172675482
2415 48.3 0.0002919797223237493
2416 48.32 0.00029225108890814
2417 48.34 0.0002925127554957707
2418 48.36 0.0002927648192983653
2419 48.38 0.0002930078921070234
2420 48.4 0.000293240920981957
2421 48.42 0.0002934636046162551
2422 48.44 0.0002936777522569153
2423 48.46 0.0002938816068552687
2424 48.48 0.0002940765961718382
2425 48.5 0.0002942597823240481
2426 48.52 0.000294432623164782
2427 48.54 0.0002945930689192821
2428 48.56 0.0002947453142135931
2429 48.58 0.0002948855154679082
2430 48.6 0.0002950189533029768
2431 48.62 0.0002951407320346651
2432 48.64 0.0002952554522155395
2433 48.66 0.0002953590379357555
2434 48.68 0.0002954552676729366
2435 48.7 0.0002955401243451698
2436 48.72 0.0002956173476141788
2437 48.74 0.0002956827331127698
2438 48.76 0.0002957400238553946
2439 48.78 0.0002957858419359139
2440 48.8 0.000295822848548676
2441 48.82 0.0002958482001481971
2442 48.84 0.0002958648707236469
2443 48.86 0.0002958711244303935
2444 48.88 0.0002958672712670884
2445 48.9 0.0002958515683863135
2446 48.92 0.000295826520273936
2447 48.94 0.0002957905154548377
2448 48.96 0.0002957454826011708
2449 48.98 0.000295689311505667
2450 49 0.0002956262731186077
2451 49.02 0.0002955498109896432
2452 49.04 0.0002954626364348901
2453 49.06 0.0002953636594945223
2454 49.08 0.00029525469618121
2455 49.1 0.00029513439613427
2456 49.12 0.0002950032950375392
2457 49.14 0.000294861951246238
2458 49.16 0.0002947091430897328
2459 49.18 0.0002945461024186277
2460 49.2 0.000294371752174077
2461 49.22 0.0002941876852222713
2462 49.24 0.0002939958924287421
2463 49.26 0.0002937899469760965
2464 49.28 0.0002935718455649277
2465 49.3 0.0002933378204053462
2466 49.32 0.0002931012315166708
2467 49.34 0.0002928494245918152
2468 49.36 0.0002925887905721289
2469 49.38 0.0002923149564080702
2470 49.4 0.0002920320849591918
2471 49.42 0.0002917350275556281
2472 49.44 0.0002914296541513295
2473 49.46 0.0002911113249268795
2474 49.48 0.0002907834433562341
2475 49.5 0.0002904425968233467
2476 49.52 0.0002900918007840826
2477 49.54 0.0002897294264477609
2478 49.56 0.0002893652844394605
2479 49.58 0.0002889761365788464
2480 49.6 0.0002885803405302874
2481 49.62 0.0002881746702142961
2482 49.64 0.000287755589120454
2483 49.66 0.0002873255247379832
2484 49.68 0.0002868856156142482
2485 49.7 0.0002864333443948004
2486 49.72 0.0002859706953395575
2487 49.74 0.0002855032613685179
2488 49.76 0.0002850185209854184
2489 49.78 0.0002845161512463463
2490 49.8 0.0002840106900067453
2491 49.82 0.0002834824191217751
2492 49.84 0.0002829526927990639
2493 49.86 0.0002824066133865023
2494 49.88 0.0002818527031185632
2495 49.9 0.0002812833862367977
2496 49.92 0.0002807067786395715
2497 49.94 0.0002801148817854557
2498 49.96 0.00027951602525216
2499 49.98 0.0002788993503984069
2500 50 0.000278277903372305
2501 50.02 0.0002776374673233354
2502 50.04 0.0002769935232924437
2503 50.06 0.0002763293636778611
2504 50.08 0.0002756630465611089
2505 50.1 0.0002749750053141332
2506 50.12 0.000274285422275025
2507 50.14 0.0002735754490553425
2508 50.16 0.000272864031085687
2509 50.18 0.0002721293389523989
2510 50.2 0.0002713946613364133
2511 50.22 0.0002706369781863868
2512 50.24 0.0002698787072266389
2513 50.26 0.0002690991122789482
2514 50.28 0.000268317092572109
2515 50.3 0.000267514978413281
2516 50.32 0.0002667086176397764
2517 50.34 0.0002658846611450509
2518 50.36 0.0002650554993777533
2519 50.38 0.0002642088819818323
2520 50.4 0.0002633564880120483
2521 50.42 0.0002624921123230668
2522 50.44 0.000261613507766018
2523 50.46 0.0002607202710567923
2524 50.48 0.0002598210850274372
2525 50.5 0.0002589056731036709
2526 50.52 0.0002579841673521332
2527 50.54 0.0002570465338021464
2528 50.56 0.0002561022485791084
2529 50.58 0.0002551419350923663
2530 50.6 0.0002541746832649282
2531 50.62 0.0002531926790042981
2532 50.64 0.0002522027604106331
2533 50.66 0.0002511975363640912
2534 50.68 0.0002501846637691048
2535 50.7 0.0002491586494757088
2536 50.72 0.0002481222248372808
2537 50.74 0.0002470732551932142
2538 50.76 0.0002460134828884762
2539 50.78 0.0002449408823973327
2540 50.8 0.0002438582362232508
2541 50.82 0.000242762961978814
2542 50.84 0.0002416556426281429
2543 50.86 0.0002405428090509121
2544 50.88 0.0002394236876561412
2545 50.9 0.0002382818197188867
2546 50.92 0.0002371338868881202
2547 50.94 0.0002359726000482319
2548 50.96 0.0002348030908431462
2549 50.98 0.0002336207973358982
2550 51 0.000232429899470545
2551 51.02 0.0002312275122299362
2552 51.04 0.0002300119256098997
2553 51.06 0.0002287886806774274
2554 51.08 0.0002275527454287901
2555 51.1 0.0002263095701753392
2556 51.12 0.0002250528614866056
2557 51.14 0.0002237892866707553
2558 51.16 0.0002225121828548194
2559 51.18 0.0002212281768231693
2560 51.2 0.0002199307029715879
2561 51.22 0.0002186265919342634
2562 51.24 0.0002173088101820932
2563 51.26 0.0002159845324326089
2564 51.28 0.0002146469381166771
2565 51.3 0.0002133017335222295
2566 51.32 0.0002119473309683889
2567 51.34 0.0002105823466559997
2568 51.36 0.0002092056058211027
2569 51.38 0.000207822114314561
2570 51.4 0.0002064248650028779
2571 51.42 0.0002050204989587131
2572 51.44 0.000203604630101293
2573 51.46 0.0002021815293702472
2574 51.48 0.0002007470555916749
2575 51.5 0.0001993040547937223
2576 51.52 0.0001978531353085405
2577 51.54 0.0001963942457470723
2578 51.56 0.0001949226495442221
2579 51.58 0.0001934443385543679
2580 51.6 0.0001919535424114431
2581 51.62 0.0001904566475515925
2582 51.64 0.0001889475397907913
2583 51.66 0.0001874326873882527
2584 51.68 0.0001859051064394631
2585 51.7 0.0001843725205808506
2586 51.72 0.0001828272338561955
2587 51.74 0.0001812768117486311
2588 51.76 0.0001797136614474516
2589 51.78 0.0001781462963947206
2590 51.8 0.0001765652673259992
2591 51.82 0.0001749807079917231
2592 51.84 0.0001733821365465451
2593 51.86 0.0001717811563663991
2594 51.88 0.0001701663547111181
2595 51.9 0.0001685488760045082
2596 51.92 0.0001669181515546426
2597 51.94 0.0001652824929166842
2598 51.96 0.000163633187655105
2599 51.98 0.0001619834394492015
2600 52 0.0001603193971940758
2601 52.02 0.0001586543549758072
2602 52.04 0.0001569749625661207
2603 52.06 0.0001552941946890837
2604 52.08 0.0001535993825049156
2605 52.1 0.000151903106938019
2606 52.12 0.0001501927852617744
2607 52.14 0.000148480690807657
2608 52.16 0.0001467553444787809
2609 52.18 0.0001450272049611849
2610 52.2 0.0001432864658109686
2611 52.22 0.0001415436972170624
2612 52.24 0.0001397884524118214
2613 52.26 0.000138030645556185
2614 52.28 0.0001362607017615254
2615 52.3 0.0001344882767923608
2616 52.32 0.0001327039895724602
2617 52.34 0.000130917628817294
2618 52.36 0.0001291197918531206
2619 52.38 0.0001273202945891577
2620 52.4 0.0001255066762040261
2621 52.42 0.0001236913591347014
2622 52.44 0.0001218639767417434
2623 52.46 0.000120035763363284
2624 52.48 0.0001181951375363388
2625 52.5 0.0001163537061809657
2626 52.52 0.000114499826361885
2627 52.54 0.000112645517180181
2628 52.56 0.0001107783953185644
2629 52.58 0.0001089131336269735
2630 52.6 0.0001070282123067974
2631 52.62 0.0001051458798333753
2632 52.64 0.0001032505690683098
2633 52.66 0.0001013574536282618
2634 52.68 9.945038585302872e-05
2635 52.7 9.754481369588399e-05
2636 52.72 9.562643967302258e-05
2637 52.74 9.37102414129995e-05
2638 52.76 9.17794656705517e-05
2639 52.78 8.985171186839682e-05
2640 52.8 8.790882324073295e-05
2641 52.82 8.596944033483799e-05
2642 52.84 8.401500867224076e-05
2643 52.86 8.206588442874385e-05
2644 52.88 8.009721114732684e-05
2645 52.9 7.813752260342303e-05
2646 52.92 7.615750957469178e-05
2647 52.94 7.418742992238582e-05
2648 52.96 7.219695150358064e-05
2649 52.98 7.021627860441155e-05
2650 53 6.821527035522074e-05
2651 53.02 6.622390815144127e-05
2652 53.04 6.421246689726708e-05
2653 53.06 6.221061660316115e-05
2654 53.08 6.019067485870699e-05
2655 53.1 5.817797080641484e-05
2656 53.12 5.614552889503892e-05
2657 53.14 5.412299368879569e-05
2658 53.16 5.208092008639755e-05
2659 53.18 5.004876818687135e-05
2660 53.2 4.799731461379327e-05
2661 53.22 4.595567840211063e-05
2662 53.24 4.389521105565005e-05
2663 53.26 4.184409921228523e-05
2664 53.28 3.977495790900163e-05
2665 53.3 3.771482775866009e-05
2666 53.32 3.563774164061104e-05
2667 53.34 3.356962396117777e-05
2668 53.36 3.148491241251295e-05
2669 53.38 2.940921067568207e-05
2670 53.4 2.731688582582918e-05
2671 53.42 2.523379836439653e-05
2672 53.44 2.313274908177644e-05
2673 53.46 2.104177294312854e-05
2674 53.48 1.893087914186345e-05
2675 53.5 1.683451230650198e-05
2676 53.52 1.471558995905693e-05
2677 53.54 1.261128459921537e-05
2678 53.56 1.04840798551372e-05
2679 53.58 8.371957345837999e-06
2680 53.6 6.236988435988973e-06
2681 53.62 4.117243398449709e-06
2682 53.64 1.975035885541848e-06
2683 53.66 -1.521872874336776e-07
2684 53.68 -2.301306087499814e-06
2685 53.7 -4.435698644881121e-06
2686 53.72 -6.591354295618661e-06
2687 53.74 -8.732719582525936e-06
2688 53.76 -1.089472052719813e-05
2689 53.78 -1.304287924352298e-05
2690 53.8 -1.521083134646867e-05
2691 53.82 -1.736557529917447e-05
2692 53.84 -1.953960841012975e-05
2693 53.86 -2.170101542902338e-05
2694 53.88 -2.388064766994045e-05
2695 53.9 -2.604799622191954e-05
2696 53.92 -2.82328468694629e-05
2697 53.94 -3.040598983473761e-05
2698 53.96 -3.259587384073524e-05
2699 53.98 -3.477463762099224e-05
2700 54 -3.696945940234157e-05
2701 54.02 -3.915354316048769e-05
2702 54.04 -4.135319402893855e-05
2703 54.06 -4.354147369931757e-05
2704 54.08 -4.574544682427356e-05
2705 54.1 -4.793825574639104e-05
2706 54.12 -5.01467884103294e-05
2707 54.14 -5.234490605605657e-05
2708 54.16 -5.455712770193341e-05
2709 54.18 -5.675789560884189e-05
2710 54.2 -5.897281491401544e-05
2711 54.22 -6.117679620661066e-05
2712 54.24 -6.339433055095129e-05
2713 54.26 -6.560136426726094e-05
2714 54.28 -6.782214100725473e-05
2715 54.3 -7.003170079879415e-05
2716 54.32 -7.225509801168905e-05
2717 54.34 -7.446653966602845e-05
2718 54.36 -7.669182473370206e-05
2719 54.38 -7.890497519746827e-05
2720 54.4 -8.113199411025284e-05
2721 54.42 -8.334687614174569e-05
2722 54.44 -8.557524251161559e-05
2723 54.46 -8.779143974692364e-05
2724 54.48 -9.002090321147189e-05
2725 54.5 -9.223808509044343e-05
2726 54.52 -9.446816319681685e-05
2727 54.54 -9.668435242328019e-05
2728 54.56 -9.891797944115882e-05
2729 54.58 -0.0001011367543049568
2730 54.6 -0.0001033668975212936
2731 54.62 -0.0001055841726839688
2732 54.64 -0.0001078133114138974
2733 54.66 -0.0001100301695498877
2734 54.68 -0.0001122592749908588
2735 54.7 -0.000114476471967133
2736 54.72 -0.0001167056677393516
2737 54.74 -0.000118922860649076
2738 54.76 -0.0001211513650032219
2739 54.78 -0.0001233679173374104
2740 54.8 -0.0001255955156867486
2741 54.82 -0.0001278109000980371
2742 54.84 -0.0001300368689410699
2743 54.86 -0.0001322510297510146
2744 54.88 -0.0001344759477295171
2745 54.9 -0.0001366902792897042
2746 54.92 -0.0001389106022038517
2747 54.94 -0.0001411207646538077
2748 54.96 -0.0001433401373636492
2749 54.98 -0.0001455485374440026
2750 55 -0.0001477652280463699
2751 55.02 -0.000149970675486557
2752 55.04 -0.0001521840340065182
2753 55.06 -0.0001543860510655101
2754 55.08 -0.0001565954997278945
2755 55.1 -0.0001587933855530578
2756 55.12 -0.0001609984196009278
2757 55.14 -0.0001631918172788226
2758 55.16 -0.0001653920275288418
2759 55.18 -0.0001675808686751757
2760 55.2 -0.0001697764721024767
2761 55.22 -0.0001719627491619805
2762 55.24 -0.0001741512546248166
2763 55.26 -0.0001763320188374003
2764 55.28 -0.0001785145461173102
2765 55.3 -0.0001806894263884492
2766 55.32 -0.0001828672522592692
2767 55.34 -0.000185034151758993
2768 55.36 -0.000187205114829085
2769 55.38 -0.0001893654687062222
2770 55.4 -0.0001915300939945136
2771 55.42 -0.0001936839301814427
2772 55.44 -0.0001958416192732141
2773 55.46 -0.0001979882220272808
2774 55.48 -0.0002001384354241333
2775 55.5 -0.0002022778273355503
2776 55.52 -0.0002044208788754532
2777 55.54 -0.0002065548030424137
2778 55.56 -0.0002086890653851284
2779 55.58 -0.0002108120326060256
2780 55.6 -0.0002129394670225538
2781 55.62 -0.0002150544067362009
2782 55.64 -0.000217173527826644
2783 55.66 -0.000219279609049175
2784 55.68 -0.0002213893539875079
2785 55.7 -0.0002234860490786451
2786 55.72 -0.000225586307710487
2787 55.74 -0.0002276735192097032
2788 55.76 -0.0002297630067993099
2789 55.78 -0.0002318411122697301
2790 55.8 -0.000233919686411164
2791 55.82 -0.0002359888182661886
2792 55.84 -0.0002380563794297589
2793 55.86 -0.0002401168159559167
2794 55.88 -0.000242174556305611
2795 55.9 -0.0002442234253086873
2796 55.92 -0.0002462698395770229
2797 55.94 -0.0002483070833525938
2798 55.96 -0.0002503418696307229
2799 55.98 -0.0002523674515076506
2800 56 -0.0002543906970203346
2801 56.02 -0.0002564037384678982
2802 56.04 -0.0002584145103065978
2803 56.06 -0.000260414957681395
2804 56.08 -0.0002624129145665496
2805 56.1 -0.0002644003870150192
2806 56.12 -0.0002663858843578953
2807 56.14 -0.0002683599130458096
2808 56.16 -0.000270330775832103
2809 56.18 -0.0002722914012060181
2810 56.2 -0.0002742486706645664
2811 56.22 -0.0002761958448686555
2812 56.24 -0.0002781388458897799
2813 56.26 -0.0002800719656328831
2814 56.28 -0.0002820006376433834
2815 56.3 -0.0002839177224711176
2816 56.32 -0.0002858332878734161
2817 56.34 -0.0002877372971724146
2818 56.36 -0.0002896378398622562
2819 56.38 -0.0002915263429085773
2820 56.4 -0.0002934115249741055
2821 56.42 -0.0002952846911547372
2822 56.44 -0.0002971540976771675
2823 56.46 -0.0002990112233967226
2824 56.48 -0.0003008681881552236
2825 56.5 -0.0003027081244424289
2826 56.52 -0.0003045451911710377
2827 56.54 -0.0003063711226526894
2828 56.56 -0.0003081912914506914
2829 56.58 -0.0003100004136794002
2830 56.6 -0.0003118027132075551
2831 56.62 -0.0003135978215433306
2832 56.64 -0.0003153854394441351
2833 56.66 -0.0003171610163957854
2834 56.68 -0.000318930869283665
2835 56.7 -0.0003206947396964467
2836 56.72 -0.0003224398463746974
2837 56.74 -0.0003241761834029962
2838 56.76 -0.0003259077347430082
2839 56.78 -0.0003276277405934996
2840 56.8 -0.000329342450369005
2841 56.82 -0.000331044922002002
2842 56.84 -0.000332742183864007
2843 56.86 -0.0003344248060444494
2844 56.88 -0.0003361032341129508
2845 56.9 -0.000337767070200584
2846 56.92 -0.0003394259631781031
2847 56.94 -0.0003410711254835055
2848 56.96 -0.0003427108170245825
2849 56.98 -0.0003443360639356649
2850 57 -0.0003459553557395562
2851 57.02 -0.0003475575042157324
2852 57.04 -0.0003491460269806721
2853 57.06 -0.0003507248662992612
2854 57.08 -0.0003522985295870276
2855 57.1 -0.0003538609252689405
2856 57.12 -0.0003554165556389936
2857 57.14 -0.00035695947744833
2858 57.16 -0.0003584933648527667
2859 57.18 -0.0003600130370758132
2860 57.2 -0.0003615238387349625
2861 57.22 -0.0003630221341869229
2862 57.24 -0.00036451230730235
2863 57.26 -0.0003659900697450204
2864 57.28 -0.0003674595771181039
2865 57.3 -0.0003689169485462342
2866 57.32 -0.0003703659516920961
2867 57.34 -0.0003718027673023718
2868 57.36 -0.0003732297766085128
2869 57.38 -0.000374645125177688
2870 57.4 -0.0003760514716517587
2871 57.42 -0.0003774449885099293
2872 57.44 -0.000378826166801914
2873 57.46 -0.000380200575797565
2874 57.48 -0.0003815590249693341
2875 57.5 -0.0003829167135475935
2876 57.52 -0.0003842618188867121
2877 57.54 -0.0003855896804549946
2878 57.56 -0.0003869082326854838
2879 57.58 -0.000388210995750001
2880 57.6 -0.0003895055803653899
2881 57.62 -0.0003907887160349162
2882 57.64 -0.00039205364828497
2883 57.66 -0.0003933067366513604
2884 57.68 -0.0003945521228034063
2885 57.7 -0.0003957840344769396
2886 57.72 -0.0003969992871795134
2887 57.74 -0.0003982194541119126
2888 57.76 -0.000399425465403299
2889 57.78 -0.0004006115977949172
2890 57.8 -0.0004017862327638359
2891 57.82 -0.000402950488344451
2892 57.84 -0.0004041063569009571
2893 57.86 -0.000405240071749224
2894 57.88 -0.0004063685083555105
2895 57.9 -0.0004074753300917173
2896 57.92 -0.0004085773523696692
2897 57.94 -0.0004096579163537005
2898 57.96 -0.0004107339309190121
2899 57.98 -0.0004117881966217462
2900 58 -0.0004128382535196747
2901 58.02 -0.0004138667219608682
2902 58.04 -0.0004148903538965168
2903 58.06 -0.0004158920914096455
2904 58.08 -0.0004168895795002783
2905 58.1 -0.0004178646863529949
2906 58.12 -0.0004188350277037992
2907 58.14 -0.0004197837744526031
2908 58.16 -0.000420727916810422
2909 58.18 -0.0004216500901009955
2910 58.2 -0.0004225675111815355
2911 58.22 -0.0004234624917123039
2912 58.24 -0.0004243526750968617
2913 58.26 -0.0004252205217564679
2914 58.28 -0.0004260837153842397
2915 58.3 -0.0004269240898443849
2916 58.32 -0.0004277596344412463
2917 58.34 -0.0004285728084243919
2918 58.36 -0.0004293803887243499
2919 58.38 -0.0004301654285100941
2920 58.4 -0.0004309461350687431
2921 58.42 -0.000431704315719721
2922 58.44 -0.0004324569096839961
2923 58.46 -0.0004331862527173581
2924 58.48 -0.0004339093919250421
2925 58.5 -0.0004346111659581498
2926 58.52 -0.0004353000834909892
2927 58.54 -0.0004359698004368361
2928 58.56 -0.0004366298821936613
2929 58.58 -0.000437273454507465
2930 58.6 -0.0004379041607794964
2931 58.62 -0.0004385204051565336
2932 58.64 -0.0004391207399896425
2933 58.66 -0.0004397120108586026
2934 58.68 -0.0004402844699480293
2935 58.7 -0.0004408422822350897
2936 58.72 -0.0004413858271718781
2937 58.74 -0.0004419130653368713
2938 58.76 -0.0004424264495862571
2939 58.78 -0.0004429234902003984
2940 58.8 -0.0004434059872847744
2941 58.82 -0.0004438721040717296
2942 58.84 -0.0004443261059731265
2943 58.86 -0.0004447593041591066
2944 58.88 -0.0004451774506429627
2945 58.9 -0.0004455824272995102
2946 58.92 -0.00044597236201488
2947 58.94 -0.0004463494131573654
2948 58.96 -0.000446709991349248
2949 58.98 -0.0004470564746364323
2950 59 -0.0004473863785918703
2951 59.02 -0.000447701417523437
2952 59.04 -0.0004479998360979509
2953 59.06 -0.0004482828893511761
2954 59.08 -0.00044854947432775
2955 59.1 -0.0004488004721153314
2956 59.12 -0.0004490349991301093
2957 59.14 -0.0004492537332361512
2958 59.16 -0.000449456197255617
2959 59.18 -0.0004496423985564429
2960 59.2 -0.0004498130446173725
2961 59.22 -0.0004499667018230242
2962 59.24 -0.0004500965487433825
2963 59.26 -0.0004502201680270991
2964 59.28 -0.0004503279235745723
2965 59.3 -0.0004504177249309048
2966 59.32 -0.000450491454345856
2967 59.34 -0.0004505502266483996
2968 59.36 -0.0004505911835069155
2969 59.38 -0.0004506174602667387
2970 59.4 -0.0004506263742752529
2971 59.42 -0.000450621050427719
2972 59.44 -0.0004505979986698044
2973 59.46 -0.0004505605863425005
2974 59.48 -0.0004505053038216392
2975 59.5 -0.0004504352647559697
2976 59.52 -0.0004503476559617433
2977 59.54 -0.0004502492843293382
2978 59.56 -0.000450127624118084
2979 59.58 -0.0004499915152808785
2980 59.6 -0.0004498381367729887
2981 59.62 -0.0004496691912200755
2982 59.64 -0.000449481791479165
2983 59.66 -0.0004492789679474599
2984 59.68 -0.0004490582397345715
2985 59.7 -0.0004488208885926516
2986 59.72 -0.0004485692257541933
2987 59.74 -0.000448301050132853
2988 59.76 -0.0004480163234115913
2989 59.78 -0.0004477147357151459
2990 59.8 -0.0004473978717124998
2991 59.82 -0.0004470638337128717
2992 59.84 -0.0004467142813007972
2993 59.86 -0.0004463474593423201
2994 59.88 -0.0004459652777530053
2995 59.9 -0.0004455658041431389
2996 59.92 -0.0004451559411725484
2997 59.94 -0.0004447115316104472
2998 59.96 -0.0004442662444605719
2999 59.98 -0.00044380261314661
3000 60 -0.0004433222784575419
3001 60.02 -0.0004428246651427919
3002 60.04 -0.0004423122394473192
3003 60.06 -0.0004417808177970878
3004 60.08 -0.0004412315535471846
3005 60.1 -0.0004406679522001669
3006 60.12 -0.0004400855671304309
3007 60.14 -0.0004394951588938594
3008 60.16 -0.0004388747593040701
3009 60.18 -0.0004382422108030248
3010 60.2 -0.000437592490675753
3011 60.22 -0.0004369290010944742
3012 60.24 -0.0004362475420227464
3013 60.26 -0.0004355514674535965
3014 60.28 -0.0004348384946488121
3015 60.3 -0.0004341094919082963
3016 60.32 -0.0004333637573927239
3017 60.34 -0.0004326035514886637
3018 60.36 -0.0004318242421174512
3019 60.38 -0.0004310294733894349
3020 60.4 -0.0004302182706187749
3021 60.42 -0.0004293905513273827
3022 60.44 -0.0004285459785681932
3023 60.46 -0.0004276849532092053
3024 60.48 -0.0004268066794506011
3025 60.5 -0.0004259123694925087
3026 60.52 -0.0004250002783224303
3027 60.54 -0.0004240960889048063
3028 60.56 -0.000423142328476763
3029 60.58 -0.000422178241949313
3030 60.6 -0.0004211916527976084
3031 60.62 -0.0004202004475395736
3032 60.64 -0.0004191900784406364
3033 60.66 -0.0004181656014526857
3034 60.68 -0.0004171226866686593
3035 60.7 -0.0004160652455186407
3036 60.72 -0.0004149901357181349
3037 60.74 -0.0004138996000044303
3038 60.76 -0.0004127921909947315
3039 60.78 -0.0004116685543979305
3040 60.8 -0.0004105287912813689
3041 60.82 -0.0004093724034573321
3042 60.84 -0.0004082197802607695
3043 60.86 -0.0004070808953814442
3044 60.88 -0.0004059336418333787
3045 60.9 -0.0004047586847475692
3046 60.92 -0.0004035649724801951
3047 60.94 -0.000402350393801605
3048 60.96 -0.0004011167604777151
3049 60.98 -0.0003998651707310897
3050 61 -0.0003985673314693074
3051 61.02 -0.0003972399208902639
3052 61.04 -0.0003958946177989681
3053 61.06 -0.0003945180485797777
3054 61.08 -0.0003931260602513136
3055 61.1 -0.0003917160277363707
3056 61.12 -0.0003902895137358766
3057 61.14 -0.0003888495385702842
3058 61.16 -0.0003873903044966212
3059 61.18 -0.0003859384601365673
3060 61.2 -0.0003844783960374117
3061 61.22 -0.0003830014115108891
3062 61.24 -0.0003814962558526562
3063 61.26 -0.0003799762357318128
3064 61.28 -0.0003784379329543317
3065 61.3 -0.0003768855506975618
3066 61.32 -0.0003753146822733089
3067 61.34 -0.0003737324682157622
3068 61.36 -0.0003721311566704249
3069 61.38 -0.0003705191470775255
3070 61.4 -0.0003688871130284785
3071 61.42 -0.0003672450784514855
3072 61.44 -0.0003655826329621071
3073 61.46 -0.0003639102526683096
3074 61.48 -0.0003622175601181946
3075 61.5 -0.0003605147723467006
3076 61.52 -0.0003587913144916923
3077 61.54 -0.0003570586401293616
3078 61.56 -0.0003553041929839332
3079 61.58 -0.0003535438804931457
3080 61.6 -0.0003517576214070191
3081 61.62 -0.0003499667938232263
3082 61.64 -0.0003481495425905863
3083 61.66 -0.0003463284522801735
3084 61.68 -0.0003444813541457152
3085 61.7 -0.0003426299108042247
3086 61.72 -0.0003407531625772612
3087 61.74 -0.0003388718230903127
3088 61.76 -0.000336965558238771
3089 61.78 -0.0003350529532632375
3090 61.8 -0.0003331151469092338
3091 61.82 -0.0003311706722723783
3092 61.84 -0.0003292067748193606
3093 61.86 -0.0003272326199197821
3094 61.88 -0.0003252393030586135
3095 61.9 -0.0003232361299945931
3096 61.92 -0.0003212142247921043
3097 61.94 -0.0003191850179400575
3098 61.96 -0.0003171330518203866
3099 61.98 -0.0003150740938668859
3100 62 -0.0003129921706100874
3101 62.02 -0.0003109033333968779
3102 62.04 -0.0003087908612714654
3103 62.06 -0.0003066694706121802
3104 62.08 -0.0003045286574899193
3105 62.1 -0.0003023812660181312
3106 62.12 -0.0003002117532296549
3107 62.14 -0.0002980352666640492
3108 62.16 -0.0002958372797309305
3109 62.18 -0.0002936320750282473
3110 62.2 -0.0002914059693549313
3111 62.22 -0.0002891720367147379
3112 62.24 -0.0002869188301318695
3113 62.26 -0.0002846579685913295
3114 62.28 -0.0002823777264746233
3115 62.3 -0.0002800895275126648
3116 62.32 -0.0002777823551359943
3117 62.34 -0.0002754670792535793
3118 62.36 -0.0002731332702842409
3119 62.38 -0.0002707912206166133
3120 62.4 -0.0002684311451239317
3121 62.42 -0.0002660624801821741
3122 62.44 -0.0002636765524855208
3123 62.46 -0.0002612782938569918
3124 62.48 -0.0002588719254406805
3125 62.5 -0.0002564543393827735
3126 62.52 -0.0002540186021979584
3127 62.54 -0.0002515738703427192
3128 62.56 -0.0002491114689707241
3129 62.58 -0.0002466399993553454
3130 62.6 -0.0002441514901288928
3131 62.62 -0.0002416532883160587
3132 62.64 -0.0002391400495562214
3133 62.66 -0.0002366164899514902
3134 62.68 -0.0002340772308431727
3135 62.7 -0.0002315286799475753
3136 62.72 -0.0002289622859291286
3137 62.74 -0.0002263881881233092
3138 62.76 -0.000223796788529303
3139 62.78 -0.0002212037139011018
3140 62.8 -0.0002185881395953972
3141 62.82 -0.000215970861253222
3142 62.84 -0.0002133358679750715
3143 62.86 -0.0002106973927026874
3144 62.88 -0.0002080404230721928
3145 62.9 -0.0002053804607086948
3146 62.92 -0.0002027020931403646
3147 62.94 -0.0002000208200467071
3148 62.96 -0.0001973210921449042
3149 62.98 -0.0001946183613998648
3150 63 -0.0001918970488458062
3151 63.02 -0.0001891729076030597
3152 63.04 -0.0001864302314613208
3153 63.06 -0.0001836846715389747
3154 63.08 -0.0001809207902204862
3155 63.1 -0.0001781531487511131
3156 63.12 -0.0001753686379665367
3157 63.14 -0.0001725806126079593
3158 63.16 -0.0001697746930994493
3159 63.18 -0.0001669656581179304
3160 63.2 -0.0001641386160108595
3161 63.22 -0.0001613083449481696
3162 63.24 -0.0001584599585687442
3163 63.26 -0.0001556083983843543
3164 63.28 -0.0001527390015468538
3165 63.3 -0.0001498666630656606
3166 63.32 -0.0001469795086848406
3167 63.34 -0.0001440854237100551
3168 63.36 -0.000141174251528074
3169 63.38 -0.0001382615370974051
3170 63.4 -0.0001353318004702161
3171 63.42 -0.0001323997939497095
3172 63.44 -0.0001294506638244487
3173 63.46 -0.000126499076832151
3174 63.48 -0.0001235307483428397
3175 63.5 -0.0001205599758403792
3176 63.52 -0.0001175737202674121
3177 63.54 -0.0001145816330008745
3178 63.56 -0.0001115771122841418
3179 63.58 -0.0001085667556070288
3180 63.6 -0.000105542505807719
3181 63.62 -0.0001025112107111913
3182 63.64 -9.946865355725076e-05
3183 63.66 -9.642236119787825e-05
3184 63.68 -9.335932673982172e-05
3185 63.7 -9.029431511752761e-05
3186 63.72 -8.7213803574131e-05
3187 63.74 -8.413064580880622e-05
3188 63.76 -8.103109214689887e-05
3189 63.78 -7.793055654748233e-05
3190 63.8 -7.481349338373775e-05
3191 63.82 -7.170459894799536e-05
3192 63.84 -6.856083406966726e-05
3193 63.86 -6.541242247458491e-05
3194 63.88 -6.226599178550037e-05
3195 63.9 -5.911780410231904e-05
3196 63.92 -5.595432016124802e-05
3197 63.94 -5.278821468987715e-05
3198 63.96 -4.96090418912817e-05
3199 63.98 -4.642948973059372e-05
3200 64 -4.323676729394182e-05
3201 64.02 -4.004382323944665e-05
3202 64.04000000000001 -3.68370578892189e-05
3203 64.06 -3.362973209340474e-05
3204 64.08 -3.040891526861204e-05
3205 64.09999999999999 -2.718731640892952e-05
3206 64.12 -2.395208977491473e-05
3207 64.14 -2.071606040581888e-05
3208 64.16 -1.746737376889566e-05
3209 64.18000000000001 -1.421658550865696e-05
3210 64.2 -1.095271545522721e-05
3211 64.22 -7.688631132901866e-06
3212 64.23999999999999 -4.411330109590283e-06
3213 64.26000000000001 -1.133930067432037e-06
3214 64.28 2.156317376639195e-06
3215 64.3 5.447060528454133e-06
3216 64.32000000000001 8.75011246036289e-06
3217 64.34 1.205105693986577e-05
3218 64.36 1.536834756930851e-05
3219 64.38 1.868212827921005e-05
3220 64.40000000000001 2.201061960470137e-05
3221 64.42 2.533532495213831e-05
3222 64.44 2.86807030849679e-05
3223 64.46000000000001 3.201280604697377e-05
3224 64.48 3.535552535462061e-05
3225 64.5 3.870128064655544e-05
3226 64.52 4.205752068308936e-05
3227 64.54000000000001 4.541484926205303e-05
3228 64.56 4.878166526498323e-05
3229 64.58 5.214913005737256e-05
3230 64.59999999999999 5.552565362915734e-05
3231 64.62 5.89025355379194e-05
3232 64.64 6.228444091357228e-05
3233 64.66 6.567637975100304e-05
3234 64.68000000000001 6.907452436336715e-05
3235 64.7 7.247048127846046e-05
3236 64.72 7.587305495524657e-05
3237 64.73999999999999 7.927510293703538e-05
3238 64.76000000000001 8.268400949291692e-05
3239 64.78 8.609126079546286e-05
3240 64.8 8.950765939019167e-05
3241 64.82000000000001 9.291895771055994e-05
3242 64.84 9.634375779393907e-05
3243 64.86 9.97654162735474e-05
3244 64.88 0.0001031938616034489
3245 64.90000000000001 0.0001066210616696032
3246 64.92 0.0001100542940057764
3247 64.94 0.0001134877803328318
3248 64.96000000000001 0.0001169248833972828
3249 64.98 0.0001203591474715796
3250 65 0.0001238019316168824
3251 65.02 0.0001272448622639453
3252 65.04000000000001 0.0001306912051599916
3253 65.06 0.0001341385919517279
3254 65.08 0.0001375893558960263
3255 65.09999999999999 0.0001410405279585282
3256 65.12 0.0001444902425147734
3257 65.14 0.0001479461459535433
3258 65.16 0.0001514090149974208
3259 65.18000000000001 0.000154862603884493
3260 65.2 0.0001583278633611495
3261 65.22 0.0001617827880036181
3262 65.23999999999999 0.000165248895068138
3263 65.26000000000001 0.0001687050891102702
3264 65.28 0.0001721719763152811
3265 65.3 0.0001756294723398402
3266 65.32000000000001 0.0001790972054416354
3267 65.34 0.0001825555790212518
3268 65.36 0.0001860236751944254
3269 65.38 0.0001894823301816174
3270 65.40000000000001 0.0001929500269083055
3271 65.42 0.0001964074750931775
3272 65.44 0.0001998765796791571
3273 65.46000000000001 0.0002033375345519363
3274 65.48 0.0002068011001621131
3275 65.5 0.0002102584393939083
3276 65.52 0.0002137286731384336
3277 65.54000000000001 0.0002171731018167407
3278 65.56 0.0002206231820121262
3279 65.58 0.0002240694264633726
3280 65.59999999999999 0.0002275202086260438
3281 65.62 0.0002309649376206763
3282 65.64 0.0002344169305039868
3283 65.66 0.0002378535834055518
3284 65.68000000000001 0.0002412907404670038
3285 65.7 0.0002447078329920188
3286 65.72 0.0002481530300149363
3287 65.73999999999999 0.0002515900792372862
3288 65.76000000000001 0.0002550209527138683
3289 65.78 0.0002584447838968926
3290 65.8 0.0002618651623116679
3291 65.82000000000001 0.0002652800106253407
3292 65.84 0.0002686919255967299
3293 65.86 0.0002720982633728197
3294 65.88 0.000275502367674121
3295 65.90000000000001 0.000278900855256624
3296 65.92 0.0002822971891805497
3297 65.94 0.0002856873047713119
3298 65.96000000000001 0.0002890736263005572
3299 65.98 0.0002924560327722543
3300 66 0.0002958836185864267
3301 66.02 0.0002993178579714563
3302 66.04000000000001 0.0003027441929664997
3303 66.06 0.0003061571411321726
3304 66.08 0.0003095636112097759
3305 66.09999999999999 0.0003129625259175682
3306 66.12 0.0003163581865177951
3307 66.14 0.0003197452553389321
3308 66.16 0.0003231295396308089
3309 66.18000000000001 0.0003264996772890741
3310 66.2 0.0003298288659128444
3311 66.22 0.0003331343286509579
3312 66.23999999999999 0.0003364299740580212
3313 66.26000000000001 0.0003397107791776858
3314 66.28 0.0003429918336854517
3315 66.3 0.0003462594667631282
3316 66.32000000000001 0.0003495232259557554
3317 66.34 0.0003527738125948677
3318 66.36 0.0003560222548777441
3319 66.38 0.0003592581081609247
3320 66.40000000000001 0.0003624942903816114
3321 66.42 0.0003657052126175675
3322 66.44 0.0003689145564388272
3323 66.46000000000001 0.0003721169250758928
3324 66.48 0.0003753246826977403
3325 66.5 0.0003785544873686446
3326 66.52 0.0003817704905703639
3327 66.54000000000001 0.0003849726386381626
3328 66.56 0.0003881646202997052
3329 66.58 0.0003913450786902685
3330 66.59999999999999 0.0003945168058349006
3331 66.62 0.0003976781457583663
3332 66.64 0.0004008313862228476
3333 66.66 0.0004039730837860765
3334 66.68000000000001 0.0004071070049956326
3335 66.7 0.0004102307399638084
3336 66.72 0.0004133470071868496
3337 66.73999999999999 0.0004164533560650448
3338 66.76000000000001 0.0004195512787090411
3339 66.78 0.0004226389146247822
3340 66.8 0.0004257181741639074
3341 66.82000000000001 0.0004287865342283271
3342 66.84 0.0004318456453449426
3343 66.86 0.0004348935596417454
3344 66.88 0.0004379318982942127
3345 66.90000000000001 0.0004409581394375871
3346 66.92 0.0004439769746844394
3347 66.94 0.0004469816168061347
3348 66.96000000000001 0.0004499790499888523
3349 66.98 0.0004529615127180991
3350 67 0.0004559368418803094
3351 67.02 0.0004588970793288532
3352 67.04000000000001 0.0004618499888248246
3353 67.06 0.0004647876060452142
3354 67.08 0.000467717311087704
3355 67.09999999999999 0.0004706292814626399
3356 67.12 0.0004735307142989648
3357 67.14 0.0004764141790285755
3358 67.16 0.0004792890196665151
3359 67.18000000000001 0.0004821465924300533
3360 67.2 0.0004849965206699905
3361 67.22 0.0004878298462007035
3362 67.23999999999999 0.0004906560710223583
3363 67.26000000000001 0.0004934521824831594
3364 67.28 0.0004962731541864881
3365 67.3 0.0004990661962378692
3366 67.32000000000001 0.0005018472773356037
3367 67.34 0.0005046136472892029
3368 67.36 0.0005073664387830527
3369 67.38 0.0005101109292313731
3370 67.40000000000001 0.000512839130852325
3371 67.42 0.0005155636211176606
3372 67.44 0.0005182543229993522
3373 67.46000000000001 0.00052093584702866
3374 67.48 0.0005236008449552229
3375 67.5 0.0005262588279408221
3376 67.52 0.0005288980006745147
3377 67.54000000000001 0.0005315252983989033
3378 67.56 0.0005341378160556506
3379 67.58 0.0005367386970491123
3380 67.59999999999999 0.0005393197828850732
3381 67.62 0.0005418902417612013
3382 67.64 0.0005444407087087684
3383 67.66 0.0005469811715573039
3384 67.68000000000001 0.0005495013318865338
3385 67.7 0.0005520108241264067
3386 67.72 0.000554500231514141
3387 67.73999999999999 0.0005569832954991198
3388 67.76000000000001 0.0005594417858456798
3389 67.78 0.0005618867304332848
3390 67.8 0.0005643130945627993
3391 67.82000000000001 0.0005667274776888057
3392 67.84 0.0005691163294672555
3393 67.86 0.0005715028181128275
3394 67.88 0.0005738702633647658
3395 67.90000000000001 0.0005762221333423883
3396 67.92 0.0005785561765591992
3397 67.94 0.0005808733893493421
3398 67.96000000000001 0.0005831786009673625
3399 67.98 0.0005854621701168046
3400 68 0.0005877260242133196
3401 68.02 0.0005899748339322215
3402 68.04000000000001 0.0005922203546965654
3403 68.06 0.0005944165429321124
3404 68.08 0.0005966021011271366
3405 68.09999999999999 0.0005987854488926288
3406 68.12 0.0006009375968470014
3407 68.14 0.0006030765980312511
3408 68.16 0.0006052012629737146
3409 68.18000000000001 0.0006073103237739775
3410 68.2 0.0006094031156765884
3411 68.22 0.000611478921402773
3412 68.23999999999999 0.0006135364695104893
3413 68.26000000000001 0.0006155755234307643
3414 68.28 0.000617597760490369
3415 68.3 0.0006196012581189839
3416 68.32000000000001 0.0006215863459938866
3417 68.34 0.000623553360492771
3418 68.36 0.0006255091953378132
3419 68.38 0.0006274295013350113
3420 68.40000000000001 0.0006293344202058393
3421 68.42 0.0006312234356809583
3422 68.44 0.0006330927461045373
3423 68.46000000000001 0.0006349463756258768
3424 68.48 0.0006367785456768296
3425 68.5 0.0006385943545836692
3426 68.52 0.0006403882643652205
3427 68.54000000000001 0.0006421638365316951
3428 68.56 0.0006439186643942429
3429 68.58 0.0006456446698887759
3430 68.60000000000001 0.0006473756392386578
3431 68.62 0.0006490784530148752
3432 68.64 0.0006507572351802527
3433 68.66 0.0006524165622360657
3434 68.68000000000001 0.0006540711376181981
3435 68.7 0.0006556832189484631
3436 68.72 0.0006572805943625822
3437 68.73999999999999 0.0006588625177842317
3438 68.76000000000001 0.0006604246053894408
3439 68.78 0.0006619516296727688
3440 68.8 0.0006634956609169695
3441 68.82000000000001 0.0006650137985735772
3442 68.84 0.0006665028891725382
3443 68.86 0.0006679743620321008
3444 68.88 0.0006694191112817895
3445 68.90000000000001 0.0006708475367455068
3446 68.92 0.0006722493674981646
3447 68.94 0.0006736378422273785
3448 68.96000000000001 0.0006749907185676953
3449 68.98 0.0006763330941664194
3450 69 0.0006776503827333691
3451 69.02 0.0006789518424009487
3452 69.04000000000001 0.0006802278835181276
3453 69.06 0.0006814882548590151
3454 69.08 0.0006827230469479146
3455 69.10000000000001 0.000683940072461813
3456 69.12 0.0006851337555307899
3457 69.14 0.0006862965004415271
3458 69.16 0.0006874637943321746
3459 69.18000000000001 0.0006886101053597664
3460 69.2 0.0006897255633639391
3461 69.22 0.0006908220001048762
3462 69.23999999999999 0.000691915770977858
3463 69.26000000000001 0.0006929376932347477
3464 69.28 0.0006939551128355854
3465 69.3 0.0006949544714273662
3466 69.32000000000001 0.0006959256209622942
3467 69.34 0.0006968809586376847
3468 69.36 0.0006978055056911721
3469 69.38 0.0006987163316028401
3470 69.40000000000001 0.0006995964785062858
3471 69.42 0.0007004346245936078
3472 69.44 0.0007012735292926282
3473 69.46000000000001 0.0007020966856642807
3474 69.48 0.0007028924606069441
3475 69.5 0.0007036664659125808
3476 69.52 0.0007044063947455686
3477 69.54000000000001 0.0007051272585328456
3478 69.56 0.0007058218665446686
3479 69.58 0.0007064976810505719
3480 69.60000000000001 0.0007071460639883312
3481 69.62 0.0007077870998390703
3482 69.64 0.0007083836279364291
3483 69.66 0.0007089564657778571
3484 69.68000000000001 0.0007095156201273687
3485 69.7 0.0007100531445460837
3486 69.72 0.0007105567156993473
3487 69.73999999999999 0.0007110460392265739
3488 69.76000000000001 0.0007115042243344101
3489 69.78 0.0007119820830462535
3490 69.8 0.0007123648066221192
3491 69.82000000000001 0.0007127426633864598
3492 69.84 0.000713095042101053
3493 69.86 0.0007134288222941973
3494 69.88 0.000713733843534628
3495 69.90000000000001 0.0007140203918557775
3496 69.92 0.0007142784536938187
3497 69.94 0.0007145185533216363
3498 69.96000000000001 0.0007147274299788263
3499 69.98 0.000714934725609755
3500 70 0.0007150901635312748
3501 70.02 0.0007152353491027714
3502 70.04000000000001 0.000715347357467048
3503 70.06 0.0007154493540352365
3504 70.08 0.0007156253190208239
3505 70.10000000000001 0.0007157668693968033
3506 70.12 0.0007158703976178429
3507 70.14 0.0007159420617952854
3508 70.16 0.0007159943064675168
3509 70.18000000000001 0.0007160213010151327
3510 70.2 0.00071601359950011
3511 70.22 0.0007159844687261304
3512 70.23999999999999 0.0007159228092244231
3513 70.26000000000001 0.0007157352787067046
3514 70.28 0.0007155117926702622
3515 70.3 0.0007152662449739065
3516 70.32000000000001 0.0007149856888356356
3517 70.34 0.0007146856395470169
3518 70.36 0.0007143520936441158
3519 70.38 0.0007139932483543198
3520 70.40000000000001 0.000713618888244032
3521 70.42 0.0007132187851818981
3522 70.44 0.0007127941370773555
3523 70.46000000000001 0.0007123387760321971
3524 70.48 0.0007118529029568803
3525 70.5 0.0007114068892740388
3526 70.52 0.0007109132267788738
3527 70.54000000000001 0.0007104187807080737
3528 70.56 0.0007098688631333129
3529 70.58 0.0007092971085614381
3530 70.60000000000001 0.0007086964229925153
3531 70.62 0.0007080814553445438
3532 70.64 0.0007074234039434286
3533 70.66 0.0007067441361131459
3534 70.68000000000001 0.000706046934461709
3535 70.7 0.0007053303475991025
3536 70.72 0.000704580074905625
3537 70.73999999999999 0.0007038036557264901
3538 70.76000000000001 0.0007029799547067595
3539 70.78 0.000702157504958623
3540 70.8 0.0007012963455728433
3541 70.82000000000001 0.0007004206190480955
3542 70.84 0.0006995057539971961
3543 70.86 0.0006985807217387727
3544 70.88 0.0006975997134973785
3545 70.90000000000001 0.0006966060511022616
3546 70.92 0.0006955938660758535
3547 70.94 0.0006945681647535731
3548 70.96000000000001 0.0006934833054041665
3549 70.98 0.0006924199788162495
3550 71 0.0006912958786438332
3551 71.02 0.0006901612880443712
3552 71.04000000000001 0.0006889855645474424
3553 71.06 0.0006878031611473409
3554 71.08 0.0006865714706206211
3555 71.10000000000001 0.000685314712034651
3556 71.12 0.0006840486044004007
3557 71.14 0.000682769978015551
3558 71.16 0.0006814407486496452
3559 71.18000000000001 0.000680115508323414
3560 71.2 0.0006787229246211818
3561 71.22 0.0006773140614330651
3562 71.23999999999999 0.000675885660392285
3563 71.26000000000001 0.000674444429415943
3564 71.28 0.0006729591494777792
3565 71.3 0.0006714633485914935
3566 71.32000000000001 0.0006699240296076626
3567 71.34 0.0006683736728514384
3568 71.36 0.000666780203456341
3569 71.38 0.0006651758279985702
3570 71.40000000000001 0.0006635293292576074
3571 71.42 0.0006618719596663163
3572 71.44 0.0006601719248931898
3573 71.46000000000001 0.0006584613533048707
3574 71.48 0.0006567075138270123
3575 71.5 0.0006549443332944286
3576 71.52 0.0006531372519261573
3577 71.54000000000001 0.0006513218276036919
3578 71.56 0.0006494603034316274
3579 71.58 0.0006475928854239664
3580 71.60000000000001 0.0006456777300089489
3581 71.62 0.0006437589074943687
3582 71.64 0.0006417902207457519
3583 71.66 0.0006398465813053613
3584 71.68000000000001 0.0006378131196055758
3585 71.7 0.0006357776950020879
3586 71.72 0.0006336993405585548
3587 71.73999999999999 0.0006316187147418615
3588 71.76000000000001 0.00062948768861071
3589 71.78 0.0006273525708027993
3590 71.8 0.0006251677241836316
3591 71.82000000000001 0.0006229826183098737
3592 71.84 0.0006207606366192886
3593 71.86 0.0006185069684522102
3594 71.88 0.0006162122964087631
3595 71.90000000000001 0.0006139216580223362
3596 71.92 0.0006115900083535694
3597 71.94 0.0006092260465260143
3598 71.96000000000001 0.0006068245632383168
3599 71.98 0.000604421074656794
3600 72 0.000601973215849929
3601 72.02 0.00059952375149673
3602 72.04000000000001 0.0005970112322473479
3603 72.06 0.0005945331408215011
3604 72.08 0.0005920105240013926
3605 72.10000000000001 0.0005894674055928743
3606 72.12 0.0005868866676249337
3607 72.14 0.0005842865358973194
3608 72.16 0.000581644059424371
3609 72.18000000000001 0.0005789885412792639
3610 72.2 0.0005762929458523421
3611 72.22 0.0005735892601400191
3612 72.23999999999999 0.0005708432063839823
3613 72.26000000000001 0.000568090962837362
3614 72.28 0.0005652969697098862
3615 72.3 0.000562493631530725
3616 72.32000000000001 0.0005596473478777151
3617 72.34 0.0005567982181582162
3618 72.36 0.0005538943219783426
3619 72.38 0.0005509744356372247
3620 72.40000000000001 0.000548013355158722
3621 72.42 0.0005450607575976097
3622 72.44 0.0005420746444418713
3623 72.46000000000001 0.0005390592975819517
3624 72.48 0.0005360101047305048
3625 72.5 0.0005329507143665832
3626 72.52 0.0005298455571576358
3627 72.54000000000001 0.0005267486912747046
3628 72.56 0.0005236045327546937
3629 72.58 0.0005204536778994066
3630 72.60000000000001 0.0005172595560362205
3631 72.62 0.0005140581091510924
3632 72.64 0.0005108148930208044
3633 72.66 0.0005075643031776214
3634 72.68000000000001 0.0005042726674826223
3635 72.7 0.0005009727216990935
3636 72.72 0.0004976330426025157
3637 72.73999999999999 0.0004942843377819165
3638 72.76000000000001 0.0004908969029078744
3639 72.78 0.0004874989516057971
3640 72.8 0.0004840655948888131
3641 72.82000000000001 0.0004806199310623702
3642 72.84 0.0004771414735308418
3643 72.86 0.0004736487822651575
3644 72.88 0.0004701245786331953
3645 72.90000000000001 0.0004665851223702177
3646 72.92 0.0004630152837576041
3647 72.94 0.0004594289698501006
3648 72.96000000000001 0.0004558153696837689
3649 72.98 0.0004521825751989206
3650 73 0.0004485257074706399
3651 73.02 0.0004448445755806116
3652 73.04000000000001 0.0004411381770419824
3653 73.06 0.0004374152420999431
3654 73.08 0.0004336648617169322
3655 73.10000000000001 0.0004298976446353942
3656 73.12 0.0004261049221699084
3657 73.14 0.0004222942930518341
3658 73.16 0.0004184648784652634
3659 73.18000000000001 0.0004146127272867853
3660 73.2 0.0004107366666525535
3661 73.22 0.0004068406792377557
3662 73.23999999999999 0.0004029223704308782
3663 73.26000000000001 0.0003989881172548111
3664 73.28 0.0003950136137616492
3665 73.3 0.0003910604717632688
3666 73.32000000000001 0.0003870731989387098
3667 73.34 0.0003830569711826133
3668 73.36 0.0003790013923536345
3669 73.38 0.0003749322179956074
3670 73.40000000000001 0.000370860114162862
3671 73.42 0.0003667391143865931
3672 73.44 0.0003626075159971608
3673 73.46000000000001 0.0003584603662434468
3674 73.48 0.0003542928323642558
3675 73.5 0.0003501066014711952
3676 73.52 0.0003458975027725158
3677 73.54000000000001 0.0003416689445232058
3678 73.56 0.0003374249638894374
3679 73.58 0.00033316369965901
3680 73.60000000000001 0.0003288823632784571
3681 73.62 0.0003245819960825369
3682 73.64 0.0003202627564219602
3683 73.66 0.0003159246507728575
3684 73.68000000000001 0.0003115684343738753
3685 73.7 0.0003071937634923663
3686 73.72 0.0003028013754542302
3687 73.73999999999999 0.0002983913259297377
3688 73.76000000000001 0.0002939645366964395
3689 73.78 0.0002895195861240746
3690 73.8 0.0002850579949536245
3691 73.82000000000001 0.0002805795419727192
3692 73.84 0.0002759990675924848
3693 73.86 0.0002715046494867915
3694 73.88 0.0002669540606360062
3695 73.90000000000001 0.0002624031764730385
3696 73.92 0.0002578298785900671
3697 73.94 0.0002532448301164933
3698 73.96000000000001 0.0002486450393842131
3699 73.98 0.0002440295254480297
3700 74 0.0002393984127024151
3701 74.02 0.000234751432440478
3702 74.04000000000001 0.0002300876680228279
3703 74.06 0.0002254074255306436
3704 74.08 0.0002207136859375245
3705 74.10000000000001 0.0002159821139968655
3706 74.12 0.000211261079943672
3707 74.14 0.0002065275603871218
3708 74.16 0.000201792889630702
3709 74.18000000000001 0.0001970110536612298
3710 74.2 0.0001922154382897183
3711 74.22 0.0001874082021235594
3712 74.23999999999999 0.0001825902394945857
3713 74.26000000000001 0.0001777614038471093
3714 74.28 0.0001729955792505668
3715 74.3 0.0001681401411845196
3716 74.32000000000001 0.0001632545212008946
3717 74.34 0.0001583801946512853
3718 74.36 0.0001534718984094733
3719 74.38 0.0001485581290700032
3720 74.40000000000001 0.0001436249501745399
3721 74.42 0.0001386788251021576
3722 74.44 0.000133717740357005
3723 74.46000000000001 0.000128750711611994
3724 74.48 0.0001237689134896022
3725 74.5 0.0001187718145870451
3726 74.52 0.000113762160800899
3727 74.54000000000001 0.0001087394353287599
3728 74.56 0.0001037010847773088
3729 74.58 9.865328135965738e-05
3730 74.60000000000001 9.358807232221301e-05
3731 74.62 8.85241284722569e-05
3732 74.64 8.342866103605504e-05
3733 74.66 7.834296765996865e-05
3734 74.68000000000001 7.325081477031225e-05
3735 74.7 6.814108546591174e-05
3736 74.72 6.299824432711236e-05
3737 74.73999999999999 5.78635556495373e-05
3738 74.76000000000001 5.270958859764661e-05
3739 74.78 4.75497250521052e-05
3740 74.8 4.23713574023313e-05
3741 74.82000000000001 3.718484792467964e-05
3742 74.84 3.199109035086019e-05
3743 74.86 2.679125065337967e-05
3744 74.88 2.157206118533407e-05
3745 74.90000000000001 1.634873383617268e-05
3746 74.92 1.110819522503162e-05
3747 74.94 5.863406839519465e-06
3748 74.96000000000001 6.048990076931281e-07
3749 74.98 -4.659172392094371e-06
3750 75 -9.935179442861028e-06
3751 75.02 -1.521718806790879e-05
3752 75.04000000000001 -2.050780129918013e-05
3753 75.06 -2.580084320081218e-05
3754 75.08 -3.108959296759032e-05
3755 75.10000000000001 -3.640592361657169e-05
3756 75.12 -4.172905097154248e-05
3757 75.14 -4.705545763763919e-05
3758 75.16 -5.23857692213933e-05
3759 75.18000000000001 -5.772367409396301e-05
3760 75.2 -6.306006655667942e-05
3761 75.22 -6.83972212652662e-05
3762 75.23999999999999 -7.376277846442866e-05
3763 75.26000000000001 -7.913076313977569e-05
3764 75.28 -8.450756746000045e-05
3765 75.3 -8.988057015837255e-05
3766 75.32000000000001 -9.527659145917115e-05
3767 75.34 -0.0001006618675186164
3768 75.36 -0.0001060619802556209
3769 75.38 -0.0001114715446348475
3770 75.40000000000001 -0.0001168860704407012
3771 75.42 -0.000122304269829281
3772 75.44 -0.0001277280318602544
3773 75.46000000000001 -0.0001331540519852185
3774 75.48 -0.0001385852314788613
3775 75.5 -0.0001440188583096322
3776 75.52 -0.0001494567192494387
3777 75.54000000000001 -0.0001548732963738164
3778 75.56 -0.0001603432275529502
3779 75.58 -0.0001658041821389605
3780 75.60000000000001 -0.0001712627548879573
3781 75.62 -0.0001767217417375965
3782 75.64 -0.0001821973039378221
3783 75.66 -0.0001876475608921862
3784 75.68000000000001 -0.0001930993878910353
3785 75.7 -0.0001985590971789675
3786 75.72 -0.0002040267597126952
3787 75.73999999999999 -0.0002095029153369095
3788 75.76000000000001 -0.0002149964824281313
3789 75.78 -0.0002204694647602621
3790 75.8 -0.0002259519673976555
3791 75.82000000000001 -0.0002314322102237075
3792 75.84 -0.000236921051568463
3793 75.86 -0.0002424054685536892
3794 75.88 -0.0002478967169532681
3795 75.90000000000001 -0.0002533742075966389
3796 75.92 -0.0002588694808294311
3797 75.94 -0.0002643554013710331
3798 75.96000000000001 -0.0002698576923704233
3799 75.98 -0.0002753532655242573
3800 76 -0.0002808503241120978
3801 76.02 -0.0002863421145531962
3802 76.04000000000001 -0.0002918374874852067
3803 76.06 -0.0002973363498419434
3804 76.08 -0.0003028220926759474
3805 76.10000000000001 -0.000308307075366692
3806 76.12 -0.0003138032909521648
3807 76.14 -0.0003192839243617562
3808 76.16 -0.0003247691530804314
3809 76.18000000000001 -0.0003302450386847707
3810 76.2 -0.0003357297290285066
3811 76.22 -0.0003412004495621321
3812 76.23999999999999 -0.0003466774135017666
3813 76.26000000000001 -0.0003521448129307273
3814 76.28 -0.0003576148914767396
3815 76.3 -0.000363076310110416
3816 76.32000000000001 -0.0003685379542727662
3817 76.34 -0.0003739986820419611
3818 76.36 -0.000379445693789716
3819 76.38 -0.000384888262957388
3820 76.40000000000001 -0.000390334889258432
3821 76.42 -0.0003957678409552959
3822 76.44 -0.0004011991219043427
3823 76.46000000000001 -0.0004066153140497259
3824 76.48 -0.0004120517779850287
3825 76.5 -0.0004174735382776657
3826 76.52 -0.0004228905089339304
3827 76.54000000000001 -0.0004282941666744621
3828 76.56 -0.0004336963959028456
3829 76.58 -0.0004390923075146265
3830 76.60000000000001 -0.000444482382958094
3831 76.62 -0.0004498658251910143
3832 76.64 -0.0004552434714646109
3833 76.66 -0.0004606134413144295
3834 76.68000000000001 -0.0004659773254827273
3835 76.7 -0.0004713299989016091
3836 76.72 -0.0004766836102360981
3837 76.73999999999999 -0.0004820238596598771
3838 76.76000000000001 -0.0004873637816022413
3839 76.78 -0.0004926893301094712
3840 76.8 -0.0004980139537147662
3841 76.82000000000001 -0.0005033219566842835
3842 76.84 -0.0005086271678300242
3843 76.86 -0.0005139203346518801
3844 76.88 -0.0005192137406347877
3845 76.90000000000001 -0.0005244895153110277
3846 76.92 -0.0005297617997451536
3847 76.94 -0.0005350171776457234
3848 76.96000000000001 -0.0005402688714615776
3849 76.98 -0.000545507076233182
3850 77 -0.0005507469211012394
3851 77.02 -0.0005559582700603146
3852 77.04000000000001 -0.0005611708151264164
3853 77.06 -0.000566364499919254
3854 77.08 -0.0005715602274560799
3855 77.10000000000001 -0.0005767294556713451
3856 77.12 -0.0005818977828092116
3857 77.14 -0.0005870504760565554
3858 77.16 -0.0005921912598817083
3859 77.18000000000001 -0.0005973283377821322
3860 77.2 -0.0006024561269158784
3861 77.22 -0.0006075625363897589
3862 77.23999999999999 -0.0006126617098690094
3863 77.26000000000001 -0.0006177404458481766
3864 77.28 -0.000622811882954882
3865 77.3 -0.0006278761976401563
3866 77.32000000000001 -0.0006329032415117247
3867 77.34 -0.000637922695468977
3868 77.36 -0.0006429259009540992
3869 77.38 -0.0006479138645254472
3870 77.40000000000001 -0.0006528963631937041
3871 77.42 -0.0006578601472899396
3872 77.44 -0.0006628122554447307
3873 77.46000000000001 -0.0006677509411461882
3874 77.48 -0.0006726782023443067
3875 77.5 -0.0006775854348655906
3876 77.52 -0.000682480885305791
3877 77.54000000000001 -0.0006873587912297502
3878 77.56 -0.0006921851333269958
3879 77.58 -0.0006970560462437969
3880 77.60000000000001 -0.000701894884366944
3881 77.62 -0.0007067063464831358
3882 77.64 -0.0007114959271840755
3883 77.66 -0.0007162822806748022
3884 77.68000000000001 -0.0007210691118241811
3885 77.7 -0.000725940869311675
3886 77.72 -0.0007307803560344093
3887 77.73999999999999 -0.000735593073492963
3888 77.76000000000001 -0.0007403824174718503
3889 77.78 -0.0007451716582424226
3890 77.8 -0.0007498964101122249
3891 77.82000000000001 -0.0007546055121902991
3892 77.84 -0.0007593043862262209
3893 77.86 -0.0007639743084208544
3894 77.88 -0.0007686546241677311
3895 77.90000000000001 -0.000773149037357979
3896 77.92 -0.0007776124491547505
3897 77.94 -0.0007820599768249018
3898 77.96000000000001 -0.0007864836133751689
3899 77.98 -0.0007908873444838963
3900 78 -0.0007952692757067007
3901 78.02 -0.0007996318976206579
3902 78.04000000000001 -0.0008039728099588239
3903 78.06 -0.0008082941092233662
3904 78.08 -0.0008125940435260702
3905 78.10000000000001 -0.0008168725862718904
3906 78.12 -0.0008211227247041036
3907 78.14 -0.0008253706339620406
3908 78.16 -0.0008295872216826856
3909 78.18000000000001 -0.0008337787691870739
3910 78.2 -0.0008379807505258495
3911 78.22 -0.0008422177680512022
3912 78.23999999999999 -0.0008464171062100526
3913 78.26000000000001 -0.0008505903383836377
3914 78.28 -0.0008547292402401627
3915 78.3 -0.0008588449157688458
3916 78.32000000000001 -0.0008629095216310392
3917 78.34 -0.0008669883549564578
3918 78.36 -0.0008710328062317465
3919 78.38 -0.0008750527739365601
3920 78.40000000000001 -0.0008790506149149052
3921 78.42 -0.0008830066436559457
3922 78.44 -0.0008869460459352721
3923 78.46000000000001 -0.0008908576506679592
3924 78.48 -0.0008947380616357631
3925 78.5 -0.0008985951927359067
3926 78.52 -0.0009024337191679459
3927 78.54000000000001 -0.0009062448900387221
3928 78.56 -0.0009100344166168786
3929 78.58 -0.0009137963253277779
3930 78.60000000000001 -0.0009175343275952397
3931 78.62 -0.0009212453463847912
3932 78.64 -0.0009249324488595742
3933 78.66 -0.0009285931925747916
3934 78.68000000000001 -0.0009322273517274669
3935 78.7 -0.000935832716808087
3936 78.72 -0.0009394098527253945
3937 78.73999999999999 -0.0009429590306652609
3938 78.76000000000001 -0.0009464823316987643
3939 78.78 -0.0009499863661764143
3940 78.8 -0.0009534546017413836
3941 78.82000000000001 -0.000956914677270273
3942 78.84 -0.0009603321413566427
3943 78.86 -0.0009637218060259469
3944 78.88 -0.0009670853491143437
3945 78.90000000000001 -0.0009704217263866285
3946 78.92 -0.0009737305158229611
3947 78.94 -0.0009770091568093403
3948 78.96000000000001 -0.0009802584575531201
3949 78.98 -0.0009834792084709033
3950 79 -0.0009866694678293568
3951 79.02 -0.0009898333569090137
3952 79.04000000000001 -0.0009929570007242603
3953 79.06 -0.0009960531279642611
3954 79.08 -0.0009991235931664422
3955 79.10000000000001 -0.001002162640796478
3956 79.12 -0.001005176812555653
3957 79.14 -0.001008165121430021
3958 79.16 -0.001011117368140108
3959 79.18000000000001 -0.001014048237875281
3960 79.2 -0.001016922624402355
3961 79.22 -0.001019769253896459
3962 79.23999999999999 -0.001022588670372342
3963 79.26000000000001 -0.001025377482068251
3964 79.28 -0.001028141423115902
3965 79.3 -0.00103088662034009
3966 79.32000000000001 -0.001033596218944687
3967 79.34 -0.001036273942746907
3968 79.36 -0.001038918159067682
3969 79.38 -0.001041521829279631
3970 79.40000000000001 -0.001044098876360654
3971 79.42 -0.001046628568050047
3972 79.44 -0.001049173938552048
3973 79.46000000000001 -0.001051669460190317
3974 79.48 -0.001054130314626977
3975 79.5 -0.001056555543312506
3976 79.52 -0.001058938559797041
3977 79.54000000000001 -0.001061296979696682
3978 79.56 -0.001063623082942069
3979 79.58 -0.001065917212924052
3980 79.60000000000001 -0.001068180443619772
3981 79.62 -0.001070413307461949
3982 79.64 -0.001072612748066683
3983 79.66 -0.001074781451583659
3984 79.68000000000001 -0.001076913975662604
3985 79.7 -0.001079014866506656
3986 79.72 -0.001081081474720778
3987 79.73999999999999 -0.001083113016203893
3988 79.76000000000001 -0.001085103712887184
3989 79.78 -0.00108706392813702
3990 79.8 -0.001088986568675003
3991 79.82000000000001 -0.001090876144772364
3992 79.84 -0.001092730722990244
3993 79.86 -0.001094550957065214
3994 79.88 -0.001096327501234454
3995 79.90000000000001 -0.001098073777911007
3996 79.92 -0.001099799781141636
3997 79.94 -0.001101487735094816
3998 79.96000000000001 -0.00110313553288819
3999 79.98 -0.001104760903493537
4000 80 -0.001106482108909614
4001 80.02 -0.001108183789602312
4002 80.04000000000001 -0.001109833409649292
4003 80.06 -0.001111433581806248
4004 80.08 -0.001112992254823295
4005 80.10000000000001 -0.001114514809504154
4006 80.12 -0.001115984937878573
4007 80.14 -0.001117417827059042
4008 80.16 -0.001118817016876007
4009 80.18000000000001 -0.001120176716447913
4010 80.2 -0.001121427830071404
4011 80.22 -0.00112250998386351
4012 80.23999999999999 -0.001123522465973792
4013 80.26000000000001 -0.001124514352720909
4014 80.28 -0.001125478746283048
4015 80.3 -0.001126409419952836
4016 80.32000000000001 -0.001127310080936781
4017 80.34 -0.001128174837635055
4018 80.36 -0.00112900618870442
4019 80.38 -0.001129797863821148
4020 80.40000000000001 -0.001130558238523907
4021 80.42 -0.001131259827170837
4022 80.44 -0.001131970371669742
4023 80.46000000000001 -0.001132623353727994
4024 80.48 -0.001133244096718834
4025 80.5 -0.001133990098680897
4026 80.52 -0.001134568114780679
4027 80.54000000000001 -0.001135136024016447
4028 80.56 -0.001135664720824535
4029 80.58 -0.001136145913867688
4030 80.60000000000001 -0.001136590799354508
4031 80.62 -0.001136989074421641
4032 80.64 -0.001137356479362017
4033 80.66 -0.001137672065385117
4034 80.68000000000001 -0.001137966003347976
4035 80.7 -0.001138229401091678
4036 80.72 -0.001138444607597553
4037 80.73999999999999 -0.001138611310788767
4038 80.76000000000001 -0.001138748245699398
4039 80.78 -0.00113884249777101
4040 80.8 -0.001138904059369525
4041 80.82000000000001 -0.001138913367240342
4042 80.84 -0.001138890879133525
4043 80.86 -0.001138817532241071
4044 80.88 -0.001138721742422881
4045 80.90000000000001 -0.001138564009348728
4046 80.92 -0.001138368603650231
4047 80.94 -0.001138129486808808
4048 80.96000000000001 -0.001137851905937304
4049 80.98 -0.00113753430618381
4050 81 -0.001137178671302419
4051 81.02 -0.001136775894001831
4052 81.04000000000001 -0.001136340038889164
4053 81.06 -0.001135861582343535
4054 81.08 -0.001135253311496749
4055 81.10000000000001 -0.00113471207292236
4056 81.12 -0.001134112450532119
4057 81.14 -0.001133466196510746
4058 81.16 -0.00113278439244943
4059 81.18000000000001 -0.001132048085976806
4060 81.2 -0.001131368548659394
4061 81.22 -0.00113056100132027
4062 81.23999999999999 -0.001129703312257753
4063 81.26000000000001 -0.001128793823916145
4064 81.28 -0.001127865646831637
4065 81.3 -0.001126902213059759
4066 81.32000000000001 -0.001125891570954611
4067 81.34 -0.001124838801453323
4068 81.36 -0.001123743825329898
4069 81.38 -0.001122598582095545
4070 81.40000000000001 -0.001121434034858696
4071 81.42 -0.001120230639319279
4072 81.44 -0.001118962976950901
4073 81.46000000000001 -0.001117646288925734
4074 81.48 -0.001116203921187098
4075 81.5 -0.001114839762403913
4076 81.52 -0.001113407072502374
4077 81.54000000000001 -0.001111930756654562
4078 81.56 -0.001110413079494828
4079 81.58 -0.001108850681230831
4080 81.60000000000001 -0.00110724900523034
4081 81.62 -0.001105600128682779
4082 81.64 -0.001104020942392508
4083 81.66 -0.001102266703041515
4084 81.68000000000001 -0.001100483448306824
4085 81.7 -0.001098657233112828
4086 81.72 -0.001096830558458888
4087 81.73999999999999 -0.0010949420753319
4088 81.76000000000001 -0.001093010977129163
4089 81.78 -0.001091029769823979
4090 81.8 -0.001089006031031499
4091 81.82000000000001 -0.001086934480142158
4092 81.84 -0.001084822290094831
4093 81.86 -0.001082664643606481
4094 81.88 -0.001080471681465125
4095 81.90000000000001 -0.00107822344117124
4096 81.92 -0.001075932837973083
4097 81.94 -0.00107360129724211
4098 81.96000000000001 -0.001071228935318207
4099 81.98 -0.001068814686219481
4100 82 -0.001066358030732913
4101 82.02 -0.001063855147818625
4102 82.04000000000001 -0.001061312903903684
4103 82.06 -0.001058734225417369
4104 82.08 -0.00105609913133469
4105 82.10000000000001 -0.001053422553134034
4106 82.12 -0.001050575744589334
4107 82.14 -0.001047856220431429
4108 82.16 -0.001045206381696276
4109 82.18000000000001 -0.001042322730222214
4110 82.2 -0.00103945288019154
4111 82.22 -0.001036529258277013
4112 82.23999999999999 -0.001026500813420624
4113 82.26000000000001 -0.001024363639019817
4114 82.28 -0.001022432110720442
4115 82.3 -0.001019238129059577
4116 82.32000000000001 -0.001016340666539443
4117 82.34 -0.001013277836197233
4118 82.36 -0.001010217128106227
4119 82.38 -0.001007143355346765
4120 82.40000000000001 -0.001003990690527417
4121 82.42 -0.0009924511967307804
4122 82.44 -0.0009900400928058847
4123 82.46000000000001 -0.0009854424400235573
4124 82.48 -0.0009802346862237354
4125 82.5 -0.0009745799492525742
4126 82.52 -0.0009655625276402683
4127 82.54000000000001 -0.0009608989329614244
4128 82.56 -0.0009549096509594156
4129 82.58 -0.0009487508106140448
4130 82.60000000000001 -0.0009355351824256599
4131 82.62 -0.0009321574250131817
4132 82.64 -0.0009262028008486122
4133 82.66 -0.000919915330727307
4134 82.68000000000001 -0.0009092920504483439
4135 82.7 -0.0009038992345062639
4136 82.72 -0.000896987920392135
4137 82.73999999999999 -0.0008897180891945584
4138 82.76000000000001 -0.0008745587486921056
4139 82.78 -0.0008704061605819761
4140 82.8 -0.0008634543147652774
4141 82.82000000000001 -0.0008559805297291003
4142 82.84 -0.0008393439857567833
4143 82.86 -0.0008352093245639412
4144 82.88 -0.0008276205863671484
4145 82.90000000000001 -0.0008195458667677512
4146 82.92 -0.0008018355903483459
4147 82.94 -0.0007969572758778276
4148 82.96000000000001 -0.000789048927247419
4149 82.98 -0.0007801374497202198
4150 83 -0.0007610150538333202
4151 83.02 -0.0007560544330637511
4152 83.04000000000001 -0.000747316441743952
4153 83.06 -0.0007379166063718601
4154 83.08 -0.0007178310693304658
4155 83.10000000000001 -0.000712188303230347
4156 83.12 -0.0007029731988758166
4157 83.14 -0.0006929522720577785
4158 83.16 -0.0006715224967377415
4159 83.18000000000001 -0.0006655347021402647
4160 83.2 -0.0006558110799825637
4161 83.22 -0.000634101289106452
4162 83.23999999999999 -0.0006278665877504272
4163 83.26000000000001 -0.0006176868946751531
4164 83.28 -0.0005950354392317118
4165 83.3 -0.0005885104815575354
4166 83.32000000000001 -0.0005778948808451849
4167 83.34 -0.0005542775750682418
4168 83.36 -0.0005474781209695391
4169 83.38 -0.0005366252518976824
4170 83.40000000000001 -0.0005117274126145225
4171 83.42 -0.000505028626165327
4172 83.44 -0.0004935706173553498
4173 83.46000000000001 -0.0004682027395601256
4174 83.48 -0.0004609947945233981
4175 83.5 -0.0004493412739592146
4176 83.52 -0.0004227726687057999
4177 83.54000000000001 -0.0004155339463905656
4178 83.56 -0.0004033325028508079
4179 83.58 -0.0003763830696911034
4180 83.60000000000001 -0.0003687571809822435
4181 83.62 -0.0003561630954082555
4182 83.64 -0.0003283607985890761
4183 83.66 -0.0003205949676178646
4184 83.68000000000001 -0.0003076783759796769
4185 83.7 -0.0002791692994799915
4186 83.72 -0.0002712162129357934
4187 83.73999999999999 -0.0002580416378499551
4188 83.76000000000001 -0.0002287438735500517
4189 83.78 -0.0002206858472965174
4190 83.8 -0.000207234054733022
4191 83.82000000000001 -0.0001773157530872064
4192 83.84 -0.0001691073063434206
4193 83.86 -0.0001554272024281092
4194 83.88 -0.0001248687063736693
4195 83.90000000000001 -0.0001165864932965641
4196 83.92 -0.0001027022951014361
4197 83.94 -7.19821567630597e-05
4198 83.96000000000001 -6.325586544087878e-05
4199 83.98 -4.943528696695458e-05
4200 84 -1.786474186976952e-05
4201 84.02 -9.122842514923975e-06
4202 84.04000000000001 4.934137054752615e-06
4203 84.06 3.677472993053914e-05
4204 84.08 4.525576860376014e-05
4205 84.10000000000001 5.958489309132591e-05
4206 84.12 9.187150576254877e-05
4207 84.14 0.0001003418476086593
4208 84.16 0.0001147483040351442
4209 84.18000000000001 0.0001472927856627235
4210 84.2 0.0001557276129213253
4211 84.22 0.0001700986778011949
4212 84.23999999999999 0.0002028412176242236
4213 84.26000000000001 0.0002112128064989779
4214 84.28 0.0002255313243087495
4215 84.3 0.000258297791009433
4216 84.32000000000001 0.0002667808409421896
4217 84.34 0.0002808277204671916
4218 84.36 0.0003137079843616784
4219 84.38 0.0003220056275883397
4220 84.40000000000001 0.000336045109073138
4221 84.42 0.0003690401948047991
4222 84.44 0.000377100205173918
4223 84.46000000000001 0.0003910260304186637
4224 84.48 0.0004239777481870672
4225 84.5 0.0004316168387145666
4226 84.52 0.0004457610906928909
4227 84.54000000000001 0.0004783754777447724
4228 84.56 0.000485901660767336
4229 84.58 0.0004996984987793165
4230 84.60000000000001 0.0005321044928243761
4231 84.62 0.0005398729380545667
4232 84.64 0.0005532476760181908
4233 84.66 0.0005856598569877485
4234 84.68000000000001 0.0005927236618518137
4235 84.7 0.0006060306956345676
4236 84.72 0.0006382790891611303
4237 84.73999999999999 0.000645080286832041
4238 84.76000000000001 0.0006753586682450647
4239 84.78 0.0006816188125407103
4240 84.8 0.0007117755230100807
4241 84.82000000000001 0.000718014448961555
4242 84.84 0.0007479946731194434
4243 84.86 0.0007540445862169215
4244 84.88 0.0007838661406295634
4245 84.90000000000001 0.0007897563867946216
4246 84.92 0.0008192766012382491
4247 84.94 0.0008247839057340979
4248 84.96000000000001 0.000853733565143298
4249 84.98 0.0008591416422148686
4250 85 0.0008877511171012468
4251 85.02 0.0008930087928510251
4252 85.04000000000001 0.0009213196163204179
4253 85.06 0.0009264420607722953
4254 85.08 0.0009544508806865872
4255 85.10000000000001 0.0009593971427160563
4256 85.12 0.0009871431663415371
4257 85.14 0.0009919160428027063
4258 85.16 0.001019377897041735
4259 85.18000000000001 0.00102418743074007
4260 85.2 0.001051188848976305
4261 85.22 0.001056164856718837
4262 85.23999999999999 0.001082605589229636
4263 85.26000000000001 0.001087201707332384
4264 85.28 0.001113109758418176
4265 85.3 0.001118027552659589
4266 85.32000000000001 0.001143814467490788
4267 85.34 0.001148134831902102
4268 85.36 0.001173411411544191
4269 85.38 0.001177981995525599
4270 85.40000000000001 0.001202675852745003
4271 85.42 0.001207075147866257
4272 85.44 0.001231629482957999
4273 85.46000000000001 0.001235495742368395
4274 85.48 0.001259995469229837
4275 85.5 0.001263607780635834
4276 85.52 0.001287588103681534
4277 85.54000000000001 0.001291046291189509
4278 85.56 0.001314631037240081
4279 85.58 0.001317904725009523
4280 85.60000000000001 0.001340953960528936
4281 85.62 0.001344166920636233
4282 85.64 0.001366859663084223
4283 85.66 0.00136971898966611
4284 85.68000000000001 0.001391948096309359
4285 85.7 0.001394679549716836
4286 85.72 0.001416154784511337
4287 85.73999999999999 0.001418974521512935
4288 85.76000000000001 0.001440295203860149
4289 85.78 0.001442728572018698
4290 85.8 0.001463547014078162
4291 85.82000000000001 0.001465844586167148
4292 85.84 0.001486354581350102
4293 85.86 0.001488600133659365
4294 85.88 0.001508417700869094
4295 85.90000000000001 0.001510454705854187
4296 85.92 0.00153035814773992
4297 85.94 0.001532332008358597
4298 85.96000000000001 0.001551602808687842
4299 85.98 0.001553351673743522
4300 86 0.001572045694354131
4301 86.02 0.001573649996373834
4302 86.04000000000001 0.001591313633290201
4303 86.06 0.001592404606863268
4304 86.08 0.001609284285671789
4305 86.10000000000001 0.001610249037391325
4306 86.12 0.001626574907535455
4307 86.14 0.001627356949251635
4308 86.16 0.001646282082941661
4309 86.18000000000001 0.001645370400157609
4310 86.2 0.001659866208388187
4311 86.22 0.001660171057833229
4312 86.23999999999999 0.001674716159610788
4313 86.26000000000001 0.001675396074482079
4314 86.28 0.001689301474893344
4315 86.3 0.001689809922856073
4316 86.32000000000001 0.001706124185517172
4317 86.34 0.001704883793453854
4318 86.36 0.001717130560192583
4319 86.38 0.001716842106857588
4320 86.40000000000001 0.001731777613378254
4321 86.42 0.001730022091182905
4322 86.44 0.001741237933700731
4323 86.46000000000001 0.001740446774327431
4324 86.48 0.001753606037164549
4325 86.5 0.001751983512303895
4326 86.52 0.001763757089843082
4327 86.54000000000001 0.001761666489514188
4328 86.56 0.001770972349260057
4329 86.58 0.00176975787892768
4330 86.60000000000001 0.001780523124502444
4331 86.62 0.001778554684858904
4332 86.64 0.001786402673615788
4333 86.66 0.001784840217420267
4334 86.68000000000001 0.001794215856737498
4335 86.7 0.001791805543411727
4336 86.72 0.001800242877526972
4337 86.73999999999999 0.001797747011061338
4338 86.76000000000001 0.001804012184619643
4339 86.78 0.001802175596833806
4340 86.8 0.001809339123927974
4341 86.82000000000001 0.001806760467459242
4342 86.84 0.001812396413306761
4343 86.86 0.001809120641847642
4344 86.88 0.001813474998425583
4345 86.90000000000001 0.001810176805513506
4346 86.92 0.001813700884639431
4347 86.94 0.00181027629109299
4348 86.96000000000001 0.001812929197914836
4349 86.98 0.001809447139760093
4350 87 0.00181116077522478
4351 87.02 0.00180742707034806
4352 87.04000000000001 0.001808459303681949
4353 87.06 0.001805020417976322
4354 87.08 0.001805036387690719
4355 87.10000000000001 0.001801484301285381
4356 87.12 0.001800691732421262
4357 87.14 0.001796902759121178
4358 87.16 0.001795236954863321
4359 87.18000000000001 0.00179143073626028
4360 87.2 0.001788920293005628
4361 87.22 0.001784820941504275
4362 87.23999999999999 0.001781340668634046
4363 87.26000000000001 0.001777297913900017
4364 87.28 0.001772948439653707
4365 87.3 0.001768651213444605
4366 87.32000000000001 0.001763371415290528
4367 87.34 0.001759124769890827
4368 87.36 0.001752796679914863
4369 87.38 0.001748477987580989
4370 87.40000000000001 0.001741254293973209
4371 87.42 0.001736821918579458
4372 87.44 0.00172870419697654
4373 87.46000000000001 0.001724091782264579
4374 87.48 0.001715272438702752
4375 87.5 0.001710884968661739
4376 87.52 0.001701311824551008
4377 87.54000000000001 0.001696761763997909
4378 87.56 0.001686245534718275
4379 87.58 0.001681599555911234
4380 87.60000000000001 0.00167018833752452
4381 87.62 0.001665420384801572
4382 87.64 0.001652429218445211
4383 87.66 0.001647085889289718
4384 87.68000000000001 0.001633235138396343
4385 87.7 0.001627814059882891
4386 87.72 0.001613039687566331
4387 87.73999999999999 0.001607523005777229
4388 87.76000000000001 0.00159175260868098
4389 87.78 0.001586209878128859
4390 87.8 0.00156964588536487
4391 87.82000000000001 0.001564184007467195
4392 87.84 0.001546812115921195
4393 87.86 0.001541366380650884
4394 87.88 0.001523062154108361
4395 87.90000000000001 0.001517529046311763
4396 87.92 0.001498326822232105
4397 87.94 0.001492713496634987
4398 87.96000000000001 0.001472623090672687
4399 87.98 0.001466956590934148
4400 88 0.001446018786826039
4401 88.02 0.001440233475907781
4402 88.04000000000001 0.001418333239989701
4403 88.06 0.001412510246127398
4404 88.08 0.001389819405028225
4405 88.10000000000001 0.001383883789799506
4406 88.12 0.001360185493035531
4407 88.14 0.001354220586916215
4408 88.16 0.001329861516110981
4409 88.18000000000001 0.001323741668542485
4410 88.2 0.001298396583327183
4411 88.22 0.001292232752465836
4412 88.23999999999999 0.001266151287751705
4413 88.26000000000001 0.001259866267475403
4414 88.28 0.001232969156532033
4415 88.3 0.00122661183608394
4416 88.32000000000001 0.001198921155882431
4417 88.34 0.001192488517718907
4418 88.36 0.001163941900993262
4419 88.38 0.00115745419065039
4420 88.40000000000001 0.001128133688412537
4421 88.42 0.001121420939542568
4422 88.44 0.001091662262557483
4423 88.46000000000001 0.001069806838331529
4424 88.48 0.001063311966077918
4425 88.5 0.001032357025323648
4426 88.52 0.001009636143064731
4427 88.54000000000001 0.001003005020436374
4428 88.56 0.00097080759269531
4429 88.58 0.0009474401901187773
4430 88.60000000000001 0.0009411829344583193
4431 88.62 0.0009074053435132069
4432 88.64 0.0008835316703095043
4433 88.66 0.0008771474916760206
4434 88.68000000000001 0.0008422591808643476
4435 88.7 0.0008174845074102955
4436 88.72 0.000792457849128314
4437 88.73999999999999 0.0007671613830927315
4438 88.76000000000001 0.0007413497930742802
4439 88.78 0.0007152948702248086
4440 88.8 0.000688978885338881
4441 88.82000000000001 0.0006623688790905331
4442 88.84 0.000635352461438785
4443 88.86 0.0006081010392291956
4444 88.88 0.0005805443508794387
4445 88.90000000000001 0.0005526280475913413
4446 88.92 0.0005244925165231827
4447 88.94 0.0004959871287770201
4448 88.96000000000001 0.000467241884379858
4449 88.98 0.0004381872409531846
4450 89 0.0004088752805593752
4451 89.02 0.0003792941050384598
4452 89.04000000000001 0.0003494144283393007
4453 89.06 0.0003191500209886147
4454 89.08 0.00028875158543684
4455 89.10000000000001 0.000258056792753222
4456 89.12 0.0002271765444236042
4457 89.14 0.0001960368323353316
4458 89.16 0.0001646623145724307
4459 89.18000000000001 0.0001330921572835464
4460 89.2 0.0001012416583320759
4461 89.22 6.921884889708613e-05
4462 89.23999999999999 3.705156904398e-05
4463 89.26000000000001 4.651791928717719e-06
4464 89.28 -2.806615349074047e-05
4465 89.3 -6.102608787686504e-05
4466 89.32000000000001 -9.407130449054717e-05
4467 89.34 -0.0001272333211059837
4468 89.36 -0.0001605925313614016
4469 89.38 -0.0001941375123067598
4470 89.40000000000001 -0.0002278285605578857
4471 89.42 -0.000261685328943992
4472 89.44 -0.0002956266074623858
4473 89.46000000000001 -0.0003296866301194302
4474 89.48 -0.0003639343690253707
4475 89.5 -0.0003982706337383254
4476 89.52 -0.0004327141698342765
4477 89.54000000000001 -0.0004672809857013968
4478 89.56 -0.0005019172608608431
4479 89.58 -0.0005367145178021499
4480 89.60000000000001 -0.0005715124746345997
4481 89.62 -0.0006064549259055211
4482 89.64 -0.0006415954063751375
4483 89.66 -0.000676502605926451
4484 89.68000000000001 -0.0007116044020796275
4485 89.7 -0.0007465214078958852
4486 89.72 -0.0007818913302598315
4487 89.73999999999999 -0.0008171834999390977
4488 89.76000000000001 -0.0008524757133249667
4489 89.78 -0.0008875249516942553
4490 89.8 -0.0009228294796802831
4491 89.82000000000001 -0.0009580745035633574
4492 89.84 -0.0009931754334686197
4493 89.86 -0.001028018703267964
4494 89.88 -0.001062703116920623
4495 89.90000000000001 -0.001097516191727319
4496 89.92 -0.001132068830719752
4497 89.94 -0.001166674775553697
4498 89.96000000000001 -0.00120111787903078
4499 89.98 -0.001235266984634592
4500 90 -0.001269438024932612
4501 90.02 -0.001303500489099966
4502 90.04000000000001 -0.001337379678128693
4503 90.06 -0.001371122408375175
4504 90.08 -0.001404617653002037
4505 90.10000000000001 -0.001438265723977644
4506 90.12 -0.001476733100471077
4507 90.14 -0.001506042819631823
4508 90.16 -0.001538489772869525
4509 90.18000000000001 -0.001571278765164033
4510 90.2 -0.001603949600917413
4511 90.22 -0.001636249268923561
4512 90.23999999999999 -0.001668328937118997
4513 90.26000000000001 -0.001700288178391375
4514 90.28 -0.001731901881355001
4515 90.3 -0.0017633118060184
4516 90.32000000000001 -0.001794444274181017
4517 90.34 -0.001825359157236594
4518 90.36 -0.001855916002863284
4519 90.38 -0.001886209479169519
4520 90.40000000000001 -0.00191612450471685
4521 90.42 -0.001950597378950418
4522 90.44 -0.001976453859148559
4523 90.46000000000001 -0.002009791407209803
4524 90.48 -0.002035166303681033
4525 90.5 -0.002067920123972029
4526 90.52 -0.002092660454902945
4527 90.54000000000001 -0.00212522738757909
4528 90.56 -0.002149791363752934
4529 90.58 -0.002177063629093244
4530 90.60000000000001 -0.002208850363496451
4531 90.62 -0.002232438188856962
4532 90.64 -0.002263035449934846
4533 90.66 -0.002285944180137974
4534 90.68000000000001 -0.002314890661239915
4535 90.7 -0.002336438948373442
4536 90.72 -0.002364756530657567
4537 90.73999999999999 -0.002385597642495746
4538 90.76000000000001 -0.002413082137540248
4539 90.78 -0.00243281330404035
4540 90.8 -0.002459523294387448
4541 90.82000000000001 -0.002478994250340912
4542 90.84 -0.002504516031532576
4543 90.86 -0.002523318434745226
4544 90.88 -0.002548186248050896
4545 90.90000000000001 -0.002566556583665415
4546 90.92 -0.002590495745986963
4547 90.94 -0.002608032802640159
4548 90.96000000000001 -0.002631079813322061
4549 90.98 -0.002647991676942146
4550 91 -0.002670061590337808
4551 91.02 -0.002689446141476923
4552 91.04000000000001 -0.002708126004042259
4553 91.06 -0.002726482885559031
4554 91.08 -0.002744839169559947
4555 91.10000000000001 -0.002759521542491331
4556 91.12 -0.002779084875811693
4557 91.14 -0.002796119896375541
4558 91.16 -0.002812374099238562
4559 91.18000000000001 -0.002828236836991149
4560 91.2 -0.002842938485372463
4561 91.22 -0.002856826353831602
4562 91.23999999999999 -0.002870275762253378
4563 91.26000000000001 -0.002883228152782987
4564 91.28 -0.00289576795862718
4565 91.3 -0.002907873857362267
4566 91.32000000000001 -0.002919298598378727
4567 91.34 -0.002930196390188483
4568 91.36 -0.002940473669519262
4569 91.38 -0.002950286490889005
4570 91.40000000000001 -0.002959730601772435
4571 91.42 -0.002968811602298379
4572 91.44 -0.002977291707955957
4573 91.46000000000001 -0.002985134123231743
4574 91.48 -0.002992565799130647
4575 91.5 -0.002999370521407799
4576 91.52 -0.003005988887401623
4577 91.54000000000001 -0.003012493507550426
4578 91.56 -0.003018492762022725
4579 91.58 -0.003024014881402357
4580 91.60000000000001 -0.003028852591515855
4581 91.62 -0.003033088569662822
4582 91.64 -0.003036653331133793
4583 91.66 -0.003038558668085478
4584 91.68000000000001 -0.003040002586276047
4585 91.7 -0.003040872880912582
4586 91.72 -0.003041081643038161
4587 91.73999999999999 -0.003040731908502481
4588 91.76000000000001 -0.003039772097839151
4589 91.78 -0.003038144558416159
4590 91.8 -0.003036044362976754
4591 91.82000000000001 -0.003033254352183882
4592 91.84 -0.003029943849269137
4593 91.86 -0.00302627576501649
4594 91.88 -0.003022008401197105
4595 91.90000000000001 -0.003017055099279122
4596 91.92 -0.003011575108827979
4597 91.94 -0.003005483567692989
4598 91.96000000000001 -0.002999273990977198
4599 91.98 -0.002992559838329769
4600 92 -0.002985144403118541
4601 92.02 -0.002977117070071309
4602 92.04000000000001 -0.002968380742123551
4603 92.06 -0.002959044460650698
4604 92.08 -0.002948553366530046
4605 92.10000000000001 -0.002936829605868053
4606 92.12 -0.002924517642121906
4607 92.14 -0.002911551158571219
4608 92.16 -0.002897998734712354
4609 92.18000000000001 -0.00288382547815277
4610 92.2 -0.002869070236218942
4611 92.22 -0.002853701572240957
4612 92.23999999999999 -0.002837698397544088
4613 92.26000000000001 -0.002821049710617718
4614 92.28 -0.002804144221245867
4615 92.3 -0.002786671393150543
4616 92.32000000000001 -0.002768525130654675
4617 92.34 -0.002749748606153365
4618 92.36 -0.002730338451804059
4619 92.38 -0.002710284838669113
4620 92.40000000000001 -0.002689991041232871
4621 92.42 -0.00266929267256483
4622 92.44 -0.00264788700264221
4623 92.46000000000001 -0.002625998910741327
4624 92.48 -0.002603425233404768
4625 92.5 -0.002580215860870077
4626 92.52 -0.002556424519034571
4627 92.54000000000001 -0.002531098414391437
4628 92.56 -0.002505184332022212
4629 92.58 -0.002478708279452891
4630 92.60000000000001 -0.002451684294772932
4631 92.62 -0.002424066094254588
4632 92.64 -0.002395897268030777
4633 92.66 -0.002367121603640691
4634 92.68000000000001 -0.002337766689840364
4635 92.7 -0.002307880255583717
4636 92.72 -0.002277772879295782
4637 92.73999999999999 -0.002247054502140813
4638 92.76000000000001 -0.002215852637666113
4639 92.78 -0.002184124293165687
4640 92.8 -0.00215170995904027
4641 92.82000000000001 -0.002118759960196551
4642 92.84 -0.002085281698725443
4643 92.86 -0.002051271945057403
4644 92.88 -0.002016734553397921
4645 92.90000000000001 -0.001981589643502713
4646 92.92 -0.001945834163542434
4647 92.94 -0.001909809119353841
4648 92.96000000000001 -0.001873154269197359
4649 92.98 -0.001836395571511182
4650 93 -0.001799138043946287
4651 93.02 -0.001761383612754694
4652 93.04000000000001 -0.001723156104501111
4653 93.06 -0.001684480975862405
4654 93.08 -0.001645336197786685
4655 93.10000000000001 -0.001605272806455671
4656 93.12 -0.001564430109842149
4657 93.14 -0.00152315925579107
4658 93.16 -0.001481487780106443
4659 93.18000000000001 -0.001439293587226161
4660 93.2 -0.001396764660743988
4661 93.22 -0.001353869469765073
4662 93.23999999999999 -0.001310533402590467
4663 93.26000000000001 -0.001267070239722582
4664 93.28 -0.001223138531647408
4665 93.3 -0.001178805421190149
4666 93.32000000000001 -0.001134077046756434
4667 93.34 -0.001088889314445076
4668 93.36 -0.001043212207149062
4669 93.38 -0.0009973039585250757
4670 93.40000000000001 -0.0009509236953621779
4671 93.42 -0.0009040827980850259
4672 93.44 -0.0008568949699235104
4673 93.46000000000001 -0.0008094367032809085
4674 93.48 -0.0007567213438238671
4675 93.5 -0.0007125899751364781
4676 93.52 -0.0006645343427000338
4677 93.54000000000001 -0.0006156802351327903
4678 93.56 -0.0005614998148614788
4679 93.58 -0.0005162621892049006
4680 93.60000000000001 -0.0004670798984019344
4681 93.62 -0.0004118253399697871
4682 93.64 -0.0003656435015147936
4683 93.66 -0.0003155889069327514
4684 93.68000000000001 -0.000259315032273057
4685 93.7 -0.0002123754433692148
4686 93.72 -0.0001562714811110528
4687 93.73999999999999 -0.0001087754218137829
4688 93.76000000000001 -5.202556711553699e-05
4689 93.78 -4.100935085158222e-06
4690 93.8 5.310305559835213e-05
4691 93.82000000000001 0.0001065262768306414
4692 93.84 0.0001596149435622043
4693 93.86 0.0002128222472877409
4694 93.88 0.0002664311585498764
4695 93.90000000000001 0.0003203588212925883
4696 93.92 0.0003745887006221991
4697 93.94 0.0004290001786579905
4698 93.96000000000001 0.0004835381481905947
4699 93.98 0.0005384059679180749
4700 94 0.0005933722331748369
4701 94.02 0.0006485347534163855
4702 94.04000000000001 0.0007039184421532058
4703 94.06 0.0007593903141250862
4704 94.08 0.000814878698481868
4705 94.10000000000001 0.0008702800609741257
4706 94.12 0.0009259771287897223
4707 94.14 0.0009818508212133493
4708 94.16 0.001037953317373958
4709 94.18000000000001 0.001094256956725897
4710 94.2 0.001150547340340739
4711 94.22 0.00120682497813314
4712 94.23999999999999 0.001263048310496466
4713 94.26000000000001 0.001319476595672714
4714 94.28 0.001375942516138865
4715 94.3 0.001432442815462353
4716 94.32000000000001 0.001488967460701524
4717 94.34 0.001545625482915108
4718 94.36 0.00160252405812881
4719 94.38 0.001659399948014031
4720 94.40000000000001 0.001716142185363429
4721 94.42 0.001772681355003525
4722 94.44 0.001829246028846773
4723 94.46000000000001 0.001885841075886508
4724 94.48 0.001942329391389534
4725 94.5 0.001999174310429213
4726 94.52 0.002056130523511615
4727 94.54000000000001 0.002113011499023936
4728 94.56 0.002169530252989562
4729 94.58 0.002225935993683601
4730 94.60000000000001 0.002282448003060845
4731 94.62 0.002338491525381922
4732 94.64 0.00239363373834483
4733 94.66 0.00244878234126947
4734 94.68000000000001 0.002503751270929704
4735 94.7 0.002558521056124259
4736 94.72 0.002613062202992132
4737 94.73999999999999 0.002667335305964381
4738 94.76000000000001 0.002721369938157601
4739 94.78 0.002775188642159013
4740 94.8 0.00282874567181074
4741 94.82000000000001 0.002881899046559264
4742 94.84 0.002934908225389426
4743 94.86 0.002987183041733987
4744 94.88 0.00304004438892704
4745 94.90000000000001 0.003092240257563849
4746 94.92 0.003144181350878273
4747 94.94 0.003195762704276379
4748 94.96000000000001 0.003246925808444092
4749 94.98 0.003297582081821529
4750 95 0.00334875436715886
4751 95.02 0.003399263187704487
4752 95.04000000000001 0.003449233103137023
4753 95.06 0.003498700716405629
4754 95.08 0.003547802473061499
4755 95.10000000000001 0.003596471678251168
4756 95.12 0.003644680912573002
4757 95.14 0.003691102978344491
4758 95.16 0.003736928785669926
4759 95.18000000000001 0.003782264455438942
4760 95.2 0.003827193241379016
4761 95.22 0.003871410763962684
4762 95.23999999999999 0.00391499830266523
4763 95.26000000000001 0.003957807476408615
4764 95.28 0.004000026700683911
4765 95.3 0.004041452446866206
4766 95.32000000000001 0.004082300529881489
4767 95.34 0.004122449118409342
4768 95.36 0.004162714192818383
4769 95.38 0.004202606705419884
4770 95.40000000000001 0.004241680587090525
4771 95.42 0.00428016324981457
4772 95.44 0.004318156230327348
4773 95.46000000000001 0.004355633099778536
4774 95.48 0.004392155538485602
4775 95.5 0.004427044063599892
4776 95.52 0.004460270131717405
4777 95.54000000000001 0.004492628767251129
4778 95.56 0.004524216615109399
4779 95.58 0.004555100722398912
4780 95.60000000000001 0.004585453297772949
4781 95.62 0.004614750851507577
4782 95.64 0.004642946399705635
4783 95.66 0.004670367437405386
4784 95.68000000000001 0.00469730708968665
4785 95.7 0.004723567601023314
4786 95.72 0.004749433136906403
4787 95.74000000000001 0.004774270752587669
4788 95.76000000000001 0.004798094189928553
4789 95.78 0.004821092456580643
4790 95.8 0.004843141298771605
4791 95.82000000000001 0.004863163202178114
4792 95.84 0.004881943913683362
4793 95.86 0.004899835369768313
4794 95.88 0.00491660274388294
4795 95.90000000000001 0.004932386888871782
4796 95.92 0.004947091791131984
4797 95.94 0.004960720835595868
4798 95.96000000000001 0.004973576294898572
4799 95.98 0.004985962469136373
4800 96 0.004997557466904111
4801 96.02 0.005008269910311405
4802 96.04000000000001 0.005018319649118139
4803 96.06 0.005027122096555424
4804 96.08 0.005035118095403359
4805 96.10000000000001 0.005041770197994499
4806 96.12 0.005046350028454532
4807 96.14 0.005050117560839337
4808 96.16 0.005053010821743294
4809 96.18000000000001 0.005054951099817488
4810 96.2 0.005055945168767133
4811 96.22 0.005055814570733667
4812 96.24000000000001 0.005055199373176708
4813 96.26000000000001 0.005053995030973843
4814 96.28 0.005051663828396995
4815 96.3 0.005048651606476574
4816 96.32000000000001 0.005044708624594525
4817 96.34 0.005039735762662926
4818 96.36 0.005033608941438976
4819 96.38 0.005025019876531684
4820 96.40000000000001 0.005014643925514747
4821 96.42 0.005003593880528658
4822 96.44 0.004991177845946946
4823 96.46000000000001 0.004977686750154441
4824 96.48 0.004962946025132952
4825 96.5 0.00494719723529205
4826 96.52 0.004931091440927402
4827 96.54000000000001 0.004913797454366455
4828 96.56 0.00489561068569658
4829 96.58 0.0048767271965721
4830 96.60000000000001 0.004856624072778521
4831 96.62 0.004835491399785387
4832 96.64 0.004813103081214807
4833 96.66 0.004788077640362598
4834 96.68000000000001 0.004761972376198214
4835 96.7 0.00473485998344662
4836 96.72 0.004706594065736763
4837 96.74000000000001 0.004677183787803323
4838 96.76000000000001 0.004646631156030533
4839 96.78 0.004615084806297692
4840 96.8 0.004582897865023027
4841 96.82000000000001 0.004549871404613545
4842 96.84 0.004516438141528103
4843 96.86 0.004481878073904645
4844 96.88 0.004446245296448978
4845 96.90000000000001 0.004409452320560531
4846 96.92 0.00437149334013363
4847 96.94 0.004330999424870531
4848 96.96000000000001 0.004289289592250832
4849 96.98 0.004246727008140907
4850 97 0.004203019686052784
4851 97.02 0.004158033895301442
4852 97.04000000000001 0.004112145526730137
4853 97.06 0.004065197357801881
4854 97.08 0.004017128109742227
4855 97.10000000000001 0.00396800654244146
4856 97.12 0.00391892100976842
4857 97.14 0.003868983953315214
4858 97.16 0.003817900942022093
4859 97.18000000000001 0.003765685312361422
4860 97.2 0.003712524039207271
4861 97.22 0.003658333958035657
4862 97.24000000000001 0.003603140058336804
4863 97.26000000000001 0.003545295245394409
4864 97.28 0.003486677770000329
4865 97.3 0.003427056686675999
4866 97.32000000000001 0.003366468548018068
4867 97.34 0.003304967139628666
4868 97.36 0.003242424555216483
4869 97.38 0.00317870037150664
4870 97.40000000000001 0.003114188501537125
4871 97.42 0.003049170312816184
4872 97.44 0.002983347480217019
4873 97.46000000000001 0.002916484091175364
4874 97.48 0.002848863130881663
4875 97.5 0.002780040128643134
4876 97.52 0.002710461655873625
4877 97.54000000000001 0.002640026928040412
4878 97.56 0.002568795786737537
4879 97.58 0.002496891980066025
4880 97.60000000000001 0.002424211500741835
4881 97.62 0.002350718144699841
4882 97.64 0.002276171085785939
4883 97.66 0.002200901351188006
4884 97.68000000000001 0.002124635824200693
4885 97.7 0.002046872190681537
4886 97.72 0.001968011627861007
4887 97.74000000000001 0.001888343930788665
4888 97.76000000000001 0.001807860256499267
4889 97.78 0.001726528877477529
4890 97.8 0.001644433562182986
4891 97.82000000000001 0.001561910013752279
4892 97.84 0.001478867551353447
4893 97.86 0.001395106720601542
4894 97.88 0.001310504834866695
4895 97.90000000000001 0.001225225154601616
4896 97.92 0.001139212848832168
4897 97.94 0.001052570032767153
4898 97.96000000000001 0.0009654519597599267
4899 97.98 0.000877845143060153
4900 98 0.0007895146734556758
4901 98.02 0.0006947716131564194
4902 98.04000000000001 0.000610261001507487
4903 98.06 0.0005148070068230327
4904 98.08 0.0004289856275322429
4905 98.10000000000001 0.0003322582300246847
4906 98.12 0.0002456159672217319
4907 98.14 0.0001478295649494484
4908 98.16 5.407950779185827e-05
4909 98.18000000000001 -3.949321658677722e-05
4910 98.2 -0.0001336931486824846
4911 98.22 -0.0002284713662916285
4912 98.24000000000001 -0.0003235889744023322
4913 98.26000000000001 -0.0004192036078999631
4914 98.28 -0.0005152128607481241
4915 98.3 -0.0006115638611004686
4916 98.32000000000001 -0.0007083007253326064
4917 98.34 -0.0008053578546436579
4918 98.36 -0.0009026612804364314
4919 98.38 -0.001000176199399273
4920 98.40000000000001 -0.001097887804569986
4921 98.42 -0.00119593793712585
4922 98.44 -0.001294289724150642
4923 98.46000000000001 -0.001392740473118214
4924 98.48 -0.001491424980775373
4925 98.5 -0.001590502514579892
4926 98.52 -0.001689701541639398
4927 98.54000000000001 -0.00178923088527721
4928 98.56 -0.001888696844744942
4929 98.58 -0.001988180605594198
4930 98.60000000000001 -0.002087867404372558
4931 98.62 -0.002187762165628793
4932 98.64 -0.002288256555646137
4933 98.66 -0.002388651081885721
4934 98.68000000000001 -0.002489480148397364
4935 98.7 -0.002590133762945478
4936 98.72 -0.002690822329126872
4937 98.74000000000001 -0.002791282249699739
4938 98.76000000000001 -0.002891637591842001
4939 98.78 -0.002991383456117328
4940 98.8 -0.003090627748820995
4941 98.82000000000001 -0.003189881936448326
4942 98.84 -0.003289046657823443
4943 98.86 -0.00338784301058025
4944 98.88 -0.003486765784876116
4945 98.90000000000001 -0.003585268659318074
4946 98.92 -0.003683484176912664
4947 98.94 -0.003781318221811393
4948 98.96000000000001 -0.003879211283245188
4949 98.98 -0.003976347728597739
4950 99 -0.004073172574551532
4951 99.02 -0.004169646939223074
4952 99.04000000000001 -0.004266107293497396
4953 99.06 -0.004362304639004204
4954 99.08 -0.004459221900427613
4955 99.10000000000001 -0.004555553140904025
4956 99.12 -0.004652022038342523
4957 99.14 -0.004747867508591575
4958 99.16 -0.004843281131338821
4959 99.18000000000001 -0.004938496942589925
4960 99.2 -0.005032471084909632
4961 99.22 -0.005124743582234104
4962 99.24000000000001 -0.00521582794145048
4963 99.26000000000001 -0.005305846210543187
4964 99.28 -0.005395890432226243
4965 99.3 -0.005485097711765898
4966 99.32000000000001 -0.005574132909398444
4967 99.34 -0.005662072595377733
4968 99.36 -0.005749335314696701
4969 99.38 -0.005836163875998694
4970 99.40000000000001 -0.005922819252093854
4971 99.42 -0.006008597720050444
4972 99.44 -0.006093815183593611
4973 99.46000000000001 -0.006178256420036446
4974 99.48 -0.006262356170327141
4975 99.5 -0.006345586153739382
4976 99.52 -0.006426523472837418
4977 99.54000000000001 -0.006505245985234814
4978 99.56 -0.00658251609845303
4979 99.58 -0.006658732611218721
4980 99.60000000000001 -0.006734112131804098
4981 99.62 -0.006808213882888315
4982 99.64 -0.006881542996022258
4983 99.66 -0.006954760107719363
4984 99.68000000000001 -0.007026325881273318
4985 99.7 -0.007096506068395506
4986 99.72 -0.007165018400930541
4987 99.74000000000001 -0.007233360770104731
4988 99.76000000000001 -0.00730043327394362
4989 99.78 -0.007363587754333775
4990 99.8 -0.007425751461959335
4991 99.82000000000001 -0.007486453776743207
4992 99.84 -0.007545705619796133
4993 99.86 -0.007604591520626229
4994 99.88 -0.007662170067725438
4995 99.90000000000001 -0.007718133887064599
4996 99.92 -0.007772803655632834
4997 99.94 -0.007825501435075119
4998 99.96000000000001 -0.007876596397535136
4999 99.98 -0.007926800099437827
5000 100 -0.007972803027335041
5001 100.02 -0.008017311026759991
5002 100.04 -0.008059980542080035
5003 100.06 -0.008101725371821172
5004 100.08 -0.008142234663821465
5005 100.1 -0.008180888800300132
5006 100.12 -0.008217608497577546
5007 100.14 -0.008252877411979428
5008 100.16 -0.00828629046415384
5009 100.18 -0.008317669667771439
5010 100.2 -0.00834577951188036
5011 100.22 -0.008371741644842182
5012 100.24 -0.008396151710575834
5013 100.26 -0.008419669497761285
5014 100.28 -0.008441071425966016
5015 100.3 -0.008460286113761865
5016 100.32 -0.008477601360247923
5017 100.34 -0.008492897643899069
5018 100.36 -0.008506150051447229
5019 100.38 -0.008516493998055024
5020 100.4 -0.008523750005271412
5021 100.42 -0.008528919644369488
5022 100.44 -0.008533673979777629
5023 100.46 -0.008536452164584122
5024 100.48 -0.008536880694918992
5025 100.5 -0.008535228077268401
5026 100.52 -0.008531751512894006
5027 100.54 -0.008526212726105901
5028 100.56 -0.008517442532180652
5029 100.58 -0.008505969703377315
5030 100.6 -0.008492853936503534
5031 100.62 -0.008478125082603566
5032 100.64 -0.008461593655253756
5033 100.66 -0.008442819623158472
5034 100.68 -0.008421755447968613
5035 100.7 -0.008398614224598387
5036 100.72 -0.008373311952138198
5037 100.74 -0.008344501014485207
5038 100.76 -0.008312963818923196
5039 100.78 -0.008279632535670049
5040 100.8 -0.008245336406779753
5041 100.82 -0.008208692322144809
5042 100.84 -0.008169602563176634
5043 100.86 -0.008128371906816598
5044 100.88 -0.008084829401449148
5045 100.9 -0.00803925770935404
5046 100.92 -0.007990282396646082
5047 100.94 -0.007938519042540979
5048 100.96 -0.007884685122654394
5049 100.98 -0.007830346354090009
5050 101 -0.007773822964736156
5051 101.02 -0.007714975253403397
5052 101.04 -0.007653868872916334
5053 101.06 -0.00759051882970525
5054 101.08 -0.007525010199957468
5055 101.1 -0.007456976438491629
5056 101.12 -0.007385236167485442
5057 101.14 -0.007311380725854008
5058 101.16 -0.00723529727029737
5059 101.18 -0.007158529077372858
5060 101.2 -0.007079644710061162
5061 101.22 -0.00699849255245277
5062 101.24 -0.006915271492794738
5063 101.26 -0.006829955980222455
5064 101.28 -0.006743270667832339
5065 101.3 -0.006654121702993488
5066 101.32 -0.006560978391445298
5067 101.34 -0.006465802699837223
5068 101.36 -0.006368649540788763
5069 101.38 -0.006269604531515693
5070 101.4 -0.006168760536249108
5071 101.42 -0.00606720281525865
5072 101.44 -0.005963530926610038
5073 101.46 -0.005857846683998562
5074 101.48 -0.005751602777131
5075 101.5 -0.005643472696762667
5076 101.52 -0.005533295064122487
5077 101.54 -0.005420039591771528
5078 101.56 -0.005303367661379129
5079 101.58 -0.005185023456456699
5080 101.6 -0.005064774300890338
5081 101.62 -0.00494266917548835
5082 101.64 -0.004818725288630051
5083 101.66 -0.004692998141939109
5084 101.68 -0.00456574061391665
5085 101.7 -0.004437447571613328
5086 101.72 -0.004307606800481565
5087 101.74 -0.004175906511939104
5088 101.76 -0.004042693968574672
5089 101.78 -0.003908014635742722
5090 101.8 -0.00377199704614095
5091 101.82 -0.00363512505217366
5092 101.84 -0.003496749376540739
5093 101.86 -0.00335683867180656
5094 101.88 -0.003215224336183298
5095 101.9 -0.003072199322600218
5096 101.92 -0.002927566875379864
5097 101.94 -0.002780091170719496
5098 101.96 -0.002631527600393961
5099 101.98 -0.002481705163934346
5100 102 -0.002330705039615828
5101 102.02 -0.00217938487205978
5102 102.04 -0.00202698817418551
5103 102.06 -0.001873616973161917
5104 102.08 -0.001719110082494964
5105 102.1 -0.001563560540380461
5106 102.12 -0.001407093608091054
5107 102.14 -0.001249685800783267
5108 102.16 -0.001091467889872737
5109 102.18 -0.0009322431337429275
5110 102.2 -0.0007721856362460975
5111 102.22 -0.0006113977544086368
5112 102.24 -0.0004494898961238563
5113 102.26 -0.0002880614091355923
5114 102.28 -0.0001252770258778332
5115 102.3 3.817890904983268e-05
5116 102.32 0.0002022125524708944
5117 102.34 0.0003674909962302359
5118 102.36 0.0005332335396270234
5119 102.38 0.0006994722485377301
5120 102.4 0.0008662980936771224
5121 102.42 0.001033616424935767
5122 102.44 0.001201568825418926
5123 102.46 0.001370059251678976
5124 102.48 0.001538963793872431
5125 102.5 0.001708375901187473
5126 102.52 0.001878146485015807
5127 102.54 0.002048133548427775
5128 102.56 0.002218175660700737
5129 102.58 0.002388915931082086
5130 102.6 0.002561085404069605
5131 102.62 0.00273325562280622
5132 102.64 0.002905415916610477
5133 102.66 0.003077672869415657
5134 102.68 0.003250098177834238
5135 102.7 0.003422601147116689
5136 102.72 0.003595808028587665
5137 102.74 0.00376657584216155
5138 102.76 0.00393765469082857
5139 102.78 0.004108445858511174
5140 102.8 0.004278909507726714
5141 102.82 0.004449255738272593
5142 102.84 0.004619647787993258
5143 102.86 0.004790264691599673
5144 102.88 0.0049604527109429
5145 102.9 0.00513072600349175
5146 102.92 0.005301048862675426
5147 102.94 0.005471377291466909
5148 102.96 0.005641423076281338
5149 102.98 0.005818640475304084
5150 103 0.005982921671910348
5151 103.02 0.006161494187198303
5152 103.04 0.006328085938717624
5153 103.06 0.006507101088161034
5154 103.08 0.006680314205115332
5155 103.1 0.006852357211924324
5156 103.12 0.007017296649317489
5157 103.14 0.007195255446550493
5158 103.16 0.007364441616650156
5159 103.18 0.007531961770337348
5160 103.2 0.007699233397746146
5161 103.22 0.007866082870946351
5162 103.24 0.008032197371247746
5163 103.26 0.008197945107847375
5164 103.28 0.008364055062598387
5165 103.3 0.00853050106250371
5166 103.32 0.008696481513521806
5167 103.34 0.008861280850277306
5168 103.36 0.009025838387257512
5169 103.38 0.009190530375873718
5170 103.4 0.009354632193391004
5171 103.42 0.009513219937577817
5172 103.44 0.009670402698560737
5173 103.46 0.00982673982018924
5174 103.48 0.009981565895370831
5175 103.5 0.01013667158824663
5176 103.52 0.01029026326203454
5177 103.54 0.01044223082797192
5178 103.56 0.01059284215113921
5179 103.58 0.01074202007441161
5180 103.6 0.01088933613364793
5181 103.62 0.01103401438736641
5182 103.64 0.01117500212738183
5183 103.66 0.01131394470194644
5184 103.68 0.01145291023211357
5185 103.7 0.01159005220336094
5186 103.72 0.01172487460115762
5187 103.74 0.0118575943789046
5188 103.76 0.01198812965143063
5189 103.78 0.01211642397046666
5190 103.8 0.01224096078231946
5191 103.82 0.01236110683921212
5192 103.84 0.0124806394777539
5193 103.86 0.01259805896738802
5194 103.88 0.01271257487988941
5195 103.9 0.01282450034198854
5196 103.92 0.01293357904038183
5197 103.94 0.01303960587664124
5198 103.96 0.0131420494007012
5199 103.98 0.01323813343903553
5200 104 0.01333419448218097
5201 104.02 0.01342736929377158
5202 104.04 0.01351751009072198
5203 104.06 0.01360427118847477
5204 104.08 0.01368751624988295
5205 104.1 0.01376738390118862
5206 104.12 0.01384158921221288
5207 104.14 0.01391194234141465
5208 104.16 0.01398035122624991
5209 104.18 0.01404523207650006
5210 104.2 0.01410639535590372
5211 104.22 0.01416367966439046
5212 104.24 0.01421732269947794
5213 104.26 0.01426525654794671
5214 104.28 0.01430865558245242
5215 104.3 0.01434894994588234
5216 104.32 0.01438599094618746
5217 104.34 0.01441898406284167
5218 104.36 0.014447884798701
5219 104.38 0.01447281434532186
5220 104.4 0.01449146869925734
5221 104.42 0.01450608483827445
5222 104.44 0.014516457270654
5223 104.46 0.01452379758663368
5224 104.48 0.01452672146966282
5225 104.5 0.01452568260823006
5226 104.52 0.01452024932352436
5227 104.54 0.01450830431005233
5228 104.56 0.01449147708771452
5229 104.58 0.01447122903300951
5230 104.6 0.01444651332325636
5231 104.62 0.01441705663183959
5232 104.64 0.01438297131824163
5233 104.66 0.0143431727318379
5234 104.68 0.01429775163993177
5235 104.7 0.01424893325316265
5236 104.72 0.01419560089353866
5237 104.74 0.01413901204165225
5238 104.76 0.01407619623907548
5239 104.78 0.01400943662189815
5240 104.8 0.01393821781396582
5241 104.82 0.01386001490319988
5242 104.84 0.01378044119891115
5243 104.86 0.01369634746047122
5244 104.88 0.01360810969447064
5245 104.9 0.01351564832228006
5246 104.92 0.01341644369073741
5247 104.94 0.01331631571894193
5248 104.96 0.01321084789692408
5249 104.98 0.01309794889761085
5250 105 0.01298684821285397
5251 105.02 0.01286499072964286
5252 105.04 0.01274069071284596
5253 105.06 0.01261619830603307
5254 105.08 0.01248091609487521
5255 105.1 0.01235049579363923
5256 105.12 0.01220721580191635
5257 105.14 0.0120688178332264
5258 105.16 0.01191678512771611
5259 105.18 0.01176233268634185
5260 105.2 0.01160342843911022
5261 105.22 0.01144344967854872
5262 105.24 0.01128032698985462
5263 105.26 0.01111857737971919
5264 105.28 0.01094126990677095
5265 105.3 0.01076550781395576
5266 105.32 0.0105865096176458
5267 105.34 0.01040335927895083
5268 105.36 0.01022075773361924
5269 105.38 0.01002169340071269
5270 105.4 0.009832369279049064
5271 105.42 0.009629109784824353
5272 105.44 0.00942840023124584
5273 105.46 0.009225186125434642
5274 105.48 0.009019060938553739
5275 105.5 0.008819342106902659
5276 105.52 0.008601345993251989
5277 105.54 0.008382352634647913
5278 105.56 0.008169458678793559
5279 105.58 0.007937872214134315
5280 105.6 0.007719400902428067
5281 105.62 0.007482151041687197
5282 105.64 0.007249369976423765
5283 105.66 0.007014800833188181
5284 105.68 0.006779244342832019
5285 105.7 0.006541007597193283
5286 105.72 0.006299978166114299
5287 105.74 0.00605655156058676
5288 105.76 0.005811691057271357
5289 105.78 0.005563595736851671
5290 105.8 0.005313470709079433
5291 105.82 0.005061093231209646
5292 105.84 0.004806443770580848
5293 105.86 0.004549674763036377
5294 105.88 0.004290341439647955
5295 105.9 0.00402966588384768
5296 105.92 0.003768172756528825
5297 105.94 0.003505040689034974
5298 105.96 0.003240163976671865
5299 105.98 0.002973914545051976
5300 106 0.002705821326791019
5301 106.02 0.002436010903539302
5302 106.04 0.002164400054963043
5303 106.06 0.001891264344080959
5304 106.08 0.001618034088386022
5305 106.1 0.001343864352540817
5306 106.12 0.001068578671122536
5307 106.14 0.0007924148261583634
5308 106.16 0.0005139922764315378
5309 106.18 0.0002344580205577818
5310 106.2 -4.58697968885426e-05
5311 106.22 -0.0003274151965268087
5312 106.24 -0.0006096041926457795
5313 106.26 -0.0008925660358053412
5314 106.28 -0.001176131824169522
5315 106.3 -0.001460085043546619
5316 106.32 -0.001744685983979889
5317 106.34 -0.002030485156558682
5318 106.36 -0.002316881071104146
5319 106.38 -0.002603674476911672
5320 106.4 -0.00289101399965115
5321 106.42 -0.003178868772119734
5322 106.44 -0.003467738325903263
5323 106.46 -0.00375659882549926
5324 106.48 -0.004046303937668911
5325 106.5 -0.004336773201338948
5326 106.52 -0.004627392519097996
5327 106.54 -0.004918516054872114
5328 106.56 -0.00521009239647898
5329 106.58 -0.005503096246591383
5330 106.6 -0.005796276820714683
5331 106.62 -0.006089855735963131
5332 106.64 -0.006384105598812154
5333 106.66 -0.006678265385860457
5334 106.68 -0.006973508761676464
5335 106.7 -0.007270034443803821
5336 106.72 -0.007568490869716223
5337 106.74 -0.007867425037194235
5338 106.76 -0.008166822121138891
5339 106.78 -0.00846632454102569
5340 106.8 -0.008765832958277552
5341 106.82 -0.009065409359890982
5342 106.84 -0.009359784570641936
5343 106.86 -0.00965347950246283
5344 106.88 -0.009947105988487115
5345 106.9 -0.01024065476902384
5346 106.92 -0.01053401833520592
5347 106.94 -0.01082689185525244
5348 106.96 -0.01112064826582932
5349 106.98 -0.01141754592233767
5350 107 -0.01171403225634223
5351 107.02 -0.01200997226752621
5352 107.04 -0.01230546059882732
5353 107.06 -0.01260317244127553
5354 107.08 -0.01289850995771011
5355 107.1 -0.01318786613183712
5356 107.12 -0.01347602839666033
5357 107.14 -0.01376366720963539
5358 107.16 -0.01404860588785661
5359 107.18 -0.01433627630193106
5360 107.2 -0.01462326966102064
5361 107.22 -0.01490919431416275
5362 107.24 -0.01519293572058079
5363 107.26 -0.01547510940851292
5364 107.28 -0.0157539004392419
5365 107.3 -0.01602731052018774
5366 107.32 -0.01629790305462627
5367 107.34 -0.01656681032102629
5368 107.36 -0.01683529391975657
5369 107.38 -0.0171015278684368
5370 107.4 -0.01736529056401933
5371 107.42 -0.01762608593225061
5372 107.44 -0.01788331651053993
5373 107.46 -0.01813278199837163
5374 107.48 -0.01837824688053103
5375 107.5 -0.0186235101537546
5376 107.52 -0.01886718233631408
5377 107.54 -0.0191066100638066
5378 107.56 -0.01934212772060801
5379 107.58 -0.01957423175187849
5380 107.6 -0.01980053263607552
5381 107.62 -0.02001606716196422
5382 107.64 -0.02023332730199218
5383 107.66 -0.02044556580320703
5384 107.68 -0.02065354445430837
5385 107.7 -0.02085755786720785
5386 107.72 -0.02105499477582918
5387 107.74 -0.02124492508383815
5388 107.76 -0.02142985779933565
5389 107.78 -0.02160968073612921
5390 107.8 -0.02178476597924845
5391 107.82 -0.02195380860704992
5392 107.84 -0.02211681938062253
5393 107.86 -0.02227220676059702
5394 107.88 -0.02241911433011409
5395 107.9 -0.02255965656753038
5396 107.92 -0.02269553719038548
5397 107.94 -0.02282556875221052
5398 107.96 -0.02294921510065348
5399 107.98 -0.02306440484950748
5400 108 -0.0231703491606497
5401 108.02 -0.02326904727695895
5402 108.04 -0.02336150521815987
5403 108.06 -0.02344659101392704
5404 108.08 -0.02352408801148719
5405 108.1 -0.02359324800228027
5406 108.12 -0.02365227950113626
5407 108.14 -0.02370352974985487
5408 108.16 -0.02374917119812029
5409 108.18 -0.02378578513199308
5410 108.2 -0.02381594401410808
5411 108.22 -0.02383349689639452
5412 108.24 -0.02384051053873849
5413 108.26 -0.02384345420074062
5414 108.28 -0.02384087983684271
5415 108.3 -0.02383097270913389
5416 108.32 -0.02381025361561421
5417 108.34 -0.02377978538374476
5418 108.36 -0.02374095560977244
5419 108.38 -0.02369577469298625
5420 108.4 -0.02364403573488391
5421 108.42 -0.02358184309712943
5422 108.44 -0.02350978762479239
5423 108.46 -0.02342950132782541
5424 108.48 -0.0233434568626548
5425 108.5 -0.0232514770853053
5426 108.52 -0.02314863962966512
5427 108.54 -0.02303547206009854
5428 108.56 -0.0229140464049054
5429 108.58 -0.02278605645229878
5430 108.6 -0.02265255352455912
5431 108.62 -0.02250760909169335
5432 108.64 -0.02235237223565715
5433 108.66 -0.02218905946590367
5434 108.68 -0.0220196874919944
5435 108.7 -0.02184587796108707
5436 108.72 -0.02165916630083564
5437 108.74 -0.02146323312692177
5438 108.76 -0.02125998581320803
5439 108.78 -0.02105133437285631
5440 108.8 -0.02083522500008792
5441 108.82 -0.02060961558751
5442 108.84 -0.02037682047657961
5443 108.86 -0.02013774009305593
5444 108.88 -0.01989342832899751
5445 108.9 -0.01964195534592141
5446 108.92 -0.01938174825096712
5447 108.94 -0.0191118601843323
5448 108.96 -0.01883680040364322
5449 108.98 -0.01855734775316636
5450 109 -0.01827122679744708
5451 109.02 -0.01797958576942059
5452 109.04 -0.01767920657958032
5453 109.06 -0.01736729401593475
5454 109.08 -0.01705277808858472
5455 109.1 -0.0167336640083604
5456 109.12 -0.01640903374425768
5457 109.14 -0.01607812543838772
5458 109.16 -0.01574465609866625
5459 109.18 -0.01540927864960213
5460 109.2 -0.01507099596437515
5461 109.22 -0.01472760464167342
5462 109.24 -0.01437955511231645
5463 109.26 -0.01401763290684924
5464 109.28 -0.01365173987347116
5465 109.3 -0.01328153371324716
5466 109.32 -0.01290764062665218
5467 109.34 -0.01252996080885188
5468 109.36 -0.01215016268791832
5469 109.38 -0.01176971999472786
5470 109.4 -0.01138546664893799
5471 109.42 -0.01099802715394801
5472 109.44 -0.01060731950158661
5473 109.46 -0.01021330682710921
5474 109.48 -0.009816760861135719
5475 109.5 -0.009417798246550086
5476 109.52 -0.00901640052567174
5477 109.54 -0.008612818487973106
5478 109.56 -0.008205391193688943
5479 109.58 -0.007796390513736676
5480 109.6 -0.007384743740751976
5481 109.62 -0.006970119551536819
5482 109.64 -0.006552813256474431
5483 109.66 -0.006133703690735228
5484 109.68 -0.005712863704063507
5485 109.7 -0.005289421143240574
5486 109.72 -0.004864149347631783
5487 109.74 -0.004436897775638695
5488 109.76 -0.004007900463356986
5489 109.78 -0.00357754638933865
5490 109.8 -0.003145565339584708
5491 109.82 -0.002711718549692951
5492 109.84 -0.002276561976905383
5493 109.86 -0.001839269120328519
5494 109.88 -0.001400731254700638
5495 109.9 -0.0009603487519680087
5496 109.92 -0.0005186743161708175
5497 109.94 -7.526980344510102e-05
5498 109.96 0.0003694277715646627
5499 109.98 0.0008154250292375494
5500 110 0.001262316339230958
5501 110.02 0.001710586111748381
5502 110.04 0.00216424677558589
5503 110.06 0.002620430533938064
5504 110.08 0.003078250107471656
5505 110.1 0.003536798518982399
5506 110.12 0.00399399377170943
5507 110.14 0.004456569534510221
5508 110.16 0.004921763760584599
5509 110.18 0.005388434938929977
5510 110.2 0.00584604827805258
5511 110.22 0.006306853863296072
5512 110.24 0.006768303650609538
5513 110.26 0.007230468734210547
5514 110.28 0.007693520192401646
5515 110.3 0.00815736726370515
5516 110.32 0.00862249370763106
5517 110.34 0.009088122959290084
5518 110.36 0.009554296380919357
5519 110.38 0.01002083583785188
5520 110.4 0.01049346564004223
5521 110.42 0.01096678937449212
5522 110.44 0.01144090966565556
5523 110.46 0.01191443314729569
5524 110.48 0.01239038019258237
5525 110.5 0.01286871738068231
5526 110.52 0.01333869685512269
5527 110.54 0.0138052866647194
5528 110.56 0.01427062478312311
5529 110.58 0.01473679072345557
5530 110.6 0.01520108305577052
5531 110.62 0.01566456810256204
5532 110.64 0.01612664184983791
5533 110.66 0.01658710736312178
5534 110.68 0.01705414664034337
5535 110.7 0.01752147603630222
5536 110.72 0.01799037969039877
5537 110.74 0.01846038361478079
5538 110.76 0.01892934328918525
5539 110.78 0.01939509465390245
5540 110.8 0.01985052469181697
5541 110.82 0.02030420520040479
5542 110.84 0.02075599077943233
5543 110.86 0.02121107951851055
5544 110.88 0.02166499560536966
5545 110.9 0.02211539538735004
5546 110.92 0.0225623044936028
5547 110.94 0.0230065173691243
5548 110.96 0.0234410523000375
5549 110.98 0.02387145756060501
5550 111 0.02429998402843337
5551 111.02 0.0247282861764443
5552 111.04 0.02515278797439795
5553 111.06 0.02557324737207955
5554 111.08 0.025988374514674
5555 111.1 0.02639809933634012
5556 111.12 0.02679300848451746
5557 111.14 0.02719000858972342
5558 111.16 0.02758207436548926
5559 111.18 0.02798173923391935
5560 111.2 0.0283532559748418
5561 111.22 0.02872833390691888
5562 111.24 0.02909247102404874
5563 111.26 0.02944873221168215
5564 111.28 0.0298026889225123
5565 111.3 0.03014979573483977
5566 111.32 0.03049060716401617
5567 111.34 0.0308233335974088
5568 111.36 0.0311431147548295
5569 111.38 0.03146462932424524
5570 111.4 0.03175990789168385
5571 111.42 0.03205690040948996
5572 111.44 0.03234728246732119
5573 111.46 0.03262871593670994
5574 111.48 0.03289327988628884
5575 111.5 0.03316036615491433
5576 111.52 0.03340183204096661
5577 111.54 0.0336414474815192
5578 111.56 0.03387305765527007
5579 111.58 0.03408983863192289
5580 111.6 0.03429334750283476
5581 111.62 0.03449542350861551
5582 111.64 0.03467171221469905
5583 111.66 0.03484652704725817
5584 111.68 0.03500754087014458
5585 111.7 0.03514418608471399
5586 111.72 0.03528425720428815
5587 111.74 0.03540205670351507
5588 111.76 0.03551940910311118
5589 111.78 0.03561959569122854
5590 111.8 0.03569546674793982
5591 111.82 0.03577167194909744
5592 111.84 0.03582878559941519
5593 111.86 0.03588231257376481
5594 111.88 0.03591172546215902
5595 111.9 0.03593312995721611
5596 111.92 0.03593539625601699
5597 111.94 0.03592853155965375
5598 111.96 0.03591246061136564
5599 111.98 0.0358761285690648
5600 112 0.03583053844474011
5601 112.02 0.03576650590776942
5602 112.04 0.03569365443180005
5603 112.06 0.03560305986864188
5604 112.08 0.03549708106252567
5605 112.1 0.03537482058803287
5606 112.12 0.03524313342319183
5607 112.14 0.03510111733151732
5608 112.16 0.03493692359209197
5609 112.18 0.03476023925788149
5610 112.2 0.03457075133184575
5611 112.22 0.03437494608658623
5612 112.24 0.03415802632356124
5613 112.26 0.03392712104141495
5614 112.28 0.03368495921778774
5615 112.3 0.03343154828864101
5616 112.32 0.03317016301840934
5617 112.34 0.0328863324024881
5618 112.36 0.0325898249912957
5619 112.38 0.03228384318252805
5620 112.4 0.03196892364288297
5621 112.42 0.03163622834648719
5622 112.44 0.03129237240387529
5623 112.46 0.03093782886614503
5624 112.48 0.03057522143649445
5625 112.5 0.03020005970296942
5626 112.52 0.02980822509385674
5627 112.54 0.02940878848531353
5628 112.56 0.02900069302294183
5629 112.58 0.02858193851830734
5630 112.6 0.02814283155323348
5631 112.62 0.02769497602951183
5632 112.64 0.02724847912718458
5633 112.66 0.02679271208099378
5634 112.68 0.0263276574855475
5635 112.7 0.02585188103453228
5636 112.72 0.02536749654206263
5637 112.74 0.02487121917483236
5638 112.76 0.02437218057653614
5639 112.78 0.02386506655802136
5640 112.8 0.02335042988089693
5641 112.82 0.02282832167646833
5642 112.84 0.02228658318081449
5643 112.86 0.02174146536054308
5644 112.88 0.02119110281642332
5645 112.9 0.02063523749833334
5646 112.92 0.02007478371085079
5647 112.94 0.01951162307780909
5648 112.96 0.0189433320841149
5649 112.98 0.01837087730972883
5650 113 0.01779469883196262
5651 113.02 0.01721463650048357
5652 113.04 0.01662905519321709
5653 113.06 0.01603871857960078
5654 113.08 0.0154455351550052
5655 113.1 0.01484881832436614
5656 113.12 0.01424830652703326
5657 113.14 0.01364475697053883
5658 113.16 0.01303806710175227
5659 113.18 0.01242886492056774
5660 113.2 0.01181712251628943
5661 113.22 0.01119897513567001
5662 113.24 0.01057805369844834
5663 113.26 0.009955611163078587
5664 113.28 0.009331820807853381
5665 113.3 0.008706458640662169
5666 113.32 0.008085044031370199
5667 113.34 0.007463898376771347
5668 113.36 0.006838442127785575
5669 113.38 0.006210242828482146
5670 113.4 0.005580155564609626
5671 113.42 0.004948101831207466
5672 113.44 0.004314566703690287
5673 113.46 0.003679345526979433
5674 113.48 0.003042726840116581
5675 113.5 0.002405019997585063
5676 113.52 0.001765967659180084
5677 113.54 0.001125863241917065
5678 113.56 0.0004880092226948881
5679 113.58 -0.0001500144371847289
5680 113.6 -0.0007891396027806194
5681 113.62 -0.001429201816712349
5682 113.64 -0.002070167719263186
5683 113.66 -0.00271174210326538
5684 113.68 -0.003354350306167268
5685 113.7 -0.003996299641360036
5686 113.72 -0.004634099369414392
5687 113.74 -0.005272386448628578
5688 113.76 -0.005911352563432579
5689 113.78 -0.006550851053464891
5690 113.8 -0.007189317894052457
5691 113.82 -0.007828162930781712
5692 113.84 -0.008468482462496908
5693 113.86 -0.009110950418416003
5694 113.88 -0.00975455873383642
5695 113.9 -0.01039722263417961
5696 113.92 -0.01104000888992724
5697 113.94 -0.0116892165274975
5698 113.96 -0.01233884785503551
5699 113.98 -0.01298707162117302
5700 114 -0.01364229389963834
5701 114.02 -0.0143055740401039
5702 114.04 -0.01496821174905503
5703 114.06 -0.01563281863512438
5704 114.08 -0.01631526174295914
5705 114.1 -0.01696752987066619
5706 114.12 -0.01762469175698723
5707 114.14 -0.01829259409510205
5708 114.16 -0.01893009096645253
5709 114.18 -0.01959815949395578
5710 114.2 -0.02025666247101609
5711 114.22 -0.02091995863258488
5712 114.24 -0.02158406469042454
5713 114.26 -0.02224681549735172
5714 114.28 -0.02290836274390539
5715 114.3 -0.02356712525579075
5716 114.32 -0.02421152243063453
5717 114.34 -0.02485780966952365
5718 114.36 -0.02550155804161395
5719 114.38 -0.02614194048486635
5720 114.4 -0.02678626026010218
5721 114.42 -0.02743350840431237
5722 114.44 -0.02807796959887675
5723 114.46 -0.02871983566942258
5724 114.48 -0.02936369433535406
5725 114.5 -0.02999553108500609
5726 114.52 -0.03061499609871034
5727 114.54 -0.03123640892269036
5728 114.56 -0.03185721912776707
5729 114.58 -0.032477112874541
5730 114.6 -0.033095572680539
5731 114.62 -0.03370865757015134
5732 114.64 -0.03430484727656938
5733 114.66 -0.0348960346129874
5734 114.68 -0.0354897728710498
5735 114.7 -0.03607742826564018
5736 114.72 -0.03665833557976602
5737 114.74 -0.03723050282895055
5738 114.76 -0.03778947184886941
5739 114.78 -0.03833331854122031
5740 114.8 -0.03887875310977487
5741 114.82 -0.03941589742733758
5742 114.84 -0.0399456753161351
5743 114.86 -0.04046421555592519
5744 114.88 -0.0409641247240034
5745 114.9 -0.04145719531321063
5746 114.92 -0.04194249071156676
5747 114.94 -0.04241713198276088
5748 114.96 -0.04287865831771644
5749 114.98 -0.04332277574581937
5750 115 -0.04374919589465608
5751 115.02 -0.0441691189246717
5752 115.04 -0.04457718554613014
5753 115.06 -0.04497174401224725
5754 115.08 -0.04534784551631323
5755 115.1 -0.04570533140584081
5756 115.12 -0.04604776835061587
5757 115.14 -0.04638369174121774
5758 115.16 -0.0467048752767469
5759 115.18 -0.04700578461435935
5760 115.2 -0.04728726058426144
5761 115.22 -0.04755517399055154
5762 115.24 -0.04780665227252564
5763 115.26 -0.04804089996523987
5764 115.28 -0.04825067169752047
5765 115.3 -0.04844091541291277
5766 115.32 -0.04861636090454551
5767 115.34 -0.04877386021092655
5768 115.36 -0.04891486503425094
5769 115.38 -0.0490318322846941
5770 115.4 -0.04913066120958145
5771 115.42 -0.04921470820716642
5772 115.44 -0.04927965888652023
5773 115.46 -0.0493218546371082
5774 115.48 -0.04934143675206464
5775 115.5 -0.04934360700442263
5776 115.52 -0.04932792843040818
5777 115.54 -0.04929376648753502
5778 115.56 -0.04923553489942923
5779 115.58 -0.04916058237826222
5780 115.6 -0.04906903008438579
5781 115.62 -0.04895942655689035
5782 115.64 -0.04882229785629986
5783 115.66 -0.04866445424821399
5784 115.68 -0.0484902509293713
5785 115.7 -0.04829803509652014
5786 115.72 -0.04808354258381213
5787 115.74 -0.04784654845262629
5788 115.76 -0.04759268999414581
5789 115.78 -0.04732111422306678
5790 115.8 -0.04702853149250077
5791 115.82 -0.04671310695066506
5792 115.84 -0.04638119340748962
5793 115.86 -0.04603450354207388
5794 115.88 -0.04566482172871877
5795 115.9 -0.04527185035091207
5796 115.92 -0.04486329926599406
5797 115.94 -0.04443927772045443
5798 115.96 -0.0439966952753052
5799 115.98 -0.04353459870617121
5800 116 -0.04305988867648732
5801 116.02 -0.04257465435341981
5802 116.04 -0.04208226235910598
5803 116.06 -0.04156579849381193
5804 116.08 -0.04103911519819907
5805 116.1 -0.0404952170491542
5806 116.12 -0.03992553597262662
5807 116.14 -0.03933435974406559
5808 116.16 -0.03874661729520758
5809 116.18 -0.03814728833647224
5810 116.2 -0.03753737969836713
5811 116.22 -0.03692877200530953
5812 116.24 -0.03629621613685147
5813 116.26 -0.03565177216468015
5814 116.28 -0.03499508494421817
5815 116.3 -0.03431367267280307
5816 116.32 -0.03360964082601273
5817 116.34 -0.0329009493630653
5818 116.36 -0.03218779762185008
5819 116.38 -0.03146564509809155
5820 116.4 -0.03073910153413778
5821 116.42 -0.03001208785303626
5822 116.44 -0.02927586345459074
5823 116.46 -0.02853180067069823
5824 116.48 -0.0277784859000103
5825 116.5 -0.02701512358627679
5826 116.52 -0.02625808975357118
5827 116.54 -0.02546616493866067
5828 116.56 -0.02469878824896875
5829 116.58 -0.02389779252491973
5830 116.6 -0.02312639107186497
5831 116.62 -0.02230971364653494
5832 116.64 -0.02153636479526167
5833 116.66 -0.02074199186276524
5834 116.68 -0.0199411643134249
5835 116.7 -0.01913687638415284
5836 116.72 -0.01832930747500686
5837 116.74 -0.01751774017116992
5838 116.76 -0.01669725095758533
5839 116.78 -0.01587603651933018
5840 116.8 -0.0150542957500706
5841 116.82 -0.01423171510615069
5842 116.84 -0.01340890578449674
5843 116.86 -0.01258401211438137
5844 116.88 -0.01175926713480338
5845 116.9 -0.01093554858659963
5846 116.92 -0.01011163720466146
5847 116.94 -0.009287529561648907
5848 116.96 -0.008462353492935608
5849 116.98 -0.007635765512896937
5850 117 -0.006808452582971774
5851 117.02 -0.005979517805257347
5852 117.04 -0.005150398222618686
5853 117.06 -0.00432139569220707
5854 117.08 -0.003494742058238733
5855 117.1 -0.002669773167139584
5856 117.12 -0.001844652833149475
5857 117.14 -0.001016529597368964
5858 117.16 -0.0001876470614398209
5859 117.18 0.000641151573188787
5860 117.2 0.001469872651212097
5861 117.22 0.002297926929682991
5862 117.24 0.003126452414510707
5863 117.26 0.003955336723318973
5864 117.28 0.004784205195969008
5865 117.3 0.005612383393234895
5866 117.32 0.006440527473002533
5867 117.34 0.007267868559709065
5868 117.36 0.008095899935327951
5869 117.38 0.008960663934959118
5870 117.4 0.009790424215961652
5871 117.42 0.0106356244257852
5872 117.44 0.01148821547449023
5873 117.46 0.01235979077163079
5874 117.48 0.01319379949312755
5875 117.5 0.01404305110202217
5876 117.52 0.01488141878398052
5877 117.54 0.01568012243377084
5878 117.56 0.01648897302243725
5879 117.58 0.01731571351070933
5880 117.6 0.01812440440338374
5881 117.62 0.01893170055597899
5882 117.64 0.01974158585770275
5883 117.66 0.02055297564259151
5884 117.68 0.02136119504492336
5885 117.7 0.02217773210541351
5886 117.72 0.02300879648638093
5887 117.74 0.02384963069157306
5888 117.76 0.02469218823272504
5889 117.78 0.02553545667515579
5890 117.8 0.02637843173642129
5891 117.82 0.02720607023753626
5892 117.84 0.02802058383380339
5893 117.86 0.02883754809404321
5894 117.88 0.02966771948498962
5895 117.9 0.03050163021235755
5896 117.92 0.03133701808793111
5897 117.94 0.03217297661228868
5898 117.96 0.03300462185560966
5899 117.98 0.03381431590825958
5900 118 0.03463032886442676
5901 118.02 0.03545020269408436
5902 118.04 0.03627191817447498
5903 118.06 0.03709573423336614
5904 118.08 0.0379167975038032
5905 118.1 0.03873527020744751
5906 118.12 0.03954096126221874
5907 118.14 0.04034003031987128
5908 118.16 0.04114606109027501
5909 118.18 0.04194856212747333
5910 118.2 0.04275621278326094
5911 118.22 0.04355139753723342
5912 118.24 0.0443294558994034
5913 118.26 0.04509918615168537
5914 118.28 0.04587126827768415
5915 118.3 0.04664214002480018
5916 118.32 0.04740441496718779
5917 118.34 0.04815587867025073
5918 118.36 0.04887781608875574
5919 118.38 0.04960055326432633
5920 118.4 0.0503139555522665
5921 118.42 0.0510174990024457
5922 118.44 0.05171235870901943
5923 118.46 0.05237770139507139
5924 118.48 0.05303646356205426
5925 118.5 0.0536863362180303
5926 118.52 0.0543317815396365
5927 118.54 0.05495691090073208
5928 118.56 0.05556972172359483
5929 118.58 0.05616297684984927
5930 118.6 0.05674401813061496
5931 118.62 0.05731244230152541
5932 118.64 0.05785552430881757
5933 118.66 0.05836819742839686
5934 118.68 0.05887006915749961
5935 118.7 0.05935128811682412
5936 118.72 0.05981058603502385
5937 118.74 0.06024018442032808
5938 118.76 0.06063921493323338
5939 118.78 0.06102432022362629
5940 118.8 0.0613851453846893
5941 118.82 0.06172107856786272
5942 118.84 0.06202102287973543
5943 118.86 0.06229370180964187
5944 118.88 0.06256966304284745
5945 118.9 0.06278917077360484
5946 118.92 0.06297608917924236
5947 118.94 0.06313624133438536
5948 118.96 0.06327270758827355
5949 118.98 0.06338530931862926
5950 119 0.06346747737340105
5951 119.02 0.06351969112786321
5952 119.04 0.06354143904585366
5953 119.06 0.06353650452700142
5954 119.08 0.06350442710740331
5955 119.1 0.06344082155728435
5956 119.12 0.06335206896014822
5957 119.14 0.06323833186872005
5958 119.16 0.06309202075525001
5959 119.18 0.06289942265739232
5960 119.2 0.06269453754914259
5961 119.22 0.06246812707902562
5962 119.24 0.06220999566131652
5963 119.26 0.06192188537747442
5964 119.28 0.06160291403865249
5965 119.3 0.0612638054771873
5966 119.32 0.06089634683212169
5967 119.34 0.06050216344180452
5968 119.36 0.06007433937147525
5969 119.38 0.05962906324295366
5970 119.4 0.059157805581594
5971 119.42 0.05866319890563487
5972 119.44 0.05813990566294942
5973 119.46 0.05760454140474339
5974 119.48 0.05705201865642996
5975 119.5 0.05647087152003438
5976 119.52 0.05586873710339897
5977 119.54 0.05525489040632053
5978 119.56 0.05462400427117222
5979 119.58 0.05397585543712292
5980 119.6 0.05330057588125792
5981 119.62 0.05261122949947098
5982 119.64 0.05190330308464366
5983 119.66 0.05116204340365417
5984 119.68 0.05040172880697658
5985 119.7 0.04964623250530426
5986 119.72 0.04886991716487984
5987 119.74 0.04809097624211475
5988 119.76 0.04729735755795387
5989 119.78 0.0464791063597297
5990 119.8 0.04564864461291185
5991 119.82 0.04478930089863539
5992 119.84 0.04389788412591822
5993 119.86 0.04299861702666466
5994 119.88 0.04209649109972039
5995 119.9 0.04118570670592996
5996 119.92 0.04026994108904285
5997 119.94 0.03935296935663634
5998 119.96 0.03842963029692887
5999 119.98 0.03750234994969521
6000 120 0.03657094240774956
6001 120.02 0.03564593420326856
6002 120.04 0.03472486018849748
6003 120.06 0.03373874151811918
6004 120.08 0.0327670286136246
6005 120.1 0.03181619579905282
6006 120.12 0.03086126832155158
6007 120.14 0.02990173293806789
6008 120.16 0.0289375426565934
6009 120.18 0.02796933726646043
6010 120.2 0.02699540961137685
6011 120.22 0.02602103836733324
6012 120.24 0.02504448791165678
6013 120.26 0.02406701927873576
6014 120.28 0.02309036027189076
6015 120.3 0.02211522120937146
6016 120.32 0.02114035348650482
6017 120.34 0.0201651238894626
6018 120.36 0.01918976816741422
6019 120.38 0.01821013323792354
6020 120.4 0.0172275703665935
6021 120.42 0.01624510257186388
6022 120.44 0.0152562467191197
6023 120.46 0.01426977480170211
6024 120.48 0.01328628893090024
6025 120.5 0.01230691778157854
6026 120.52 0.0113330045414903
6027 120.54 0.01036307092952295
6028 120.56 0.009396891002727607
6029 120.58 0.008433045012938574
6030 120.6 0.007468648447786191
6031 120.62 0.006505861807355877
6032 120.64 0.005542024500847756
6033 120.66 0.004578467906752213
6034 120.68 0.003613803482336617
6035 120.7 0.00265223040628602
6036 120.72 0.001695682315922705
6037 120.74 0.0007422169917493723
6038 120.76 -0.0002085500119500933
6039 120.78 -0.001159194886007342
6040 120.8 -0.002111240403682556
6041 120.82 -0.003064727934504745
6042 120.84 -0.0040205727327774
6043 120.86 -0.004978279551582091
6044 120.88 -0.005937236856033816
6045 120.9 -0.006896083571292845
6046 120.92 -0.007854385078891638
6047 120.94 -0.008813363313885287
6048 120.96 -0.009772877393349481
6049 120.98 -0.01073763804797221
6050 121 -0.01170721281783211
6051 121.02 -0.01267977339986908
6052 121.04 -0.01365522859419944
6053 121.06 -0.01463274047490581
6054 121.08 -0.01561082782660323
6055 121.1 -0.01659972678082804
6056 121.12 -0.01760397777461618
6057 121.14 -0.01861986931361588
6058 121.16 -0.01963989334436115
6059 121.18 -0.02065970136595097
6060 121.2 -0.02167665494302747
6061 121.22 -0.02268336426106855
6062 121.24 -0.02365847525923245
6063 121.26 -0.02463208808710704
6064 121.28 -0.02560343759416128
6065 121.3 -0.0265773604593825
6066 121.32 -0.02755314986615531
6067 121.34 -0.02853075590396115
6068 121.36 -0.0295189252207728
6069 121.38 -0.0305187670116019
6070 121.4 -0.0315276322720523
6071 121.42 -0.03254278747984379
6072 121.44 -0.0335587744935817
6073 121.46 -0.03455710977090432
6074 121.48 -0.03555492322686314
6075 121.5 -0.03656387827805976
6076 121.52 -0.03757574358429575
6077 121.54 -0.03858934255168115
6078 121.56 -0.03960258451369483
6079 121.58 -0.04059961606507391
6080 121.6 -0.04158062613307606
6081 121.62 -0.04257986967384719
6082 121.64 -0.0435842394871076
6083 121.66 -0.04458651848458315
6084 121.68 -0.04558463167707807
6085 121.7 -0.046576265280101
6086 121.72 -0.04754190924016347
6087 121.74 -0.04852093524021475
6088 121.76 -0.04949418854002485
6089 121.78 -0.05046266475831634
6090 121.8 -0.05142298666027183
6091 121.82 -0.05236091719562899
6092 121.84 -0.05329636863986216
6093 121.86 -0.05423688194289847
6094 121.88 -0.05516944304278761
6095 121.9 -0.05609118689974365
6096 121.92 -0.05699435458750326
6097 121.94 -0.05787399006297593
6098 121.96 -0.05875134364324135
6099 121.98 -0.05961579435757668
6100 122 -0.06046559020892158
6101 122.02 -0.06129258831043908
6102 122.04 -0.06209019019318168
6103 122.06 -0.06288099757650935
6104 122.08 -0.06365852162666201
6105 122.1 -0.06441834304191793
6106 122.12 -0.06514807184067502
6107 122.14 -0.06585734947419634
6108 122.16 -0.06655357304799961
6109 122.18 -0.06722982765854447
6110 122.2 -0.06787828447389042
6111 122.22 -0.06849699297158464
6112 122.24 -0.06909990862151598
6113 122.26 -0.06968237252285574
6114 122.28 -0.07023711264796842
6115 122.3 -0.07075988963836563
6116 122.32 -0.07124409024029721
6117 122.34 -0.07170799232908438
6118 122.36 -0.07217263058346464
6119 122.38 -0.07256883305067069
6120 122.4 -0.07292315554660217
6121 122.42 -0.07325268354911862
6122 122.44 -0.07355461351960728
6123 122.46 -0.07383182002874425
6124 122.48 -0.07408339241566589
6125 122.5 -0.07429574099473718
6126 122.52 -0.07448367198885909
6127 122.54 -0.07463905528639202
6128 122.56 -0.07476099342876398
6129 122.58 -0.07483558417521669
6130 122.6 -0.07488250548973514
6131 122.62 -0.07489577536666389
6132 122.64 -0.07487576233389963
6133 122.66 -0.07481234822416716
6134 122.68 -0.07472233147926967
6135 122.7 -0.07460353005635487
6136 122.72 -0.07445260510895182
6137 122.74 -0.07426102905529749
6138 122.76 -0.07403843158466041
6139 122.78 -0.07378894485283968
6140 122.8 -0.07350512347088076
6141 122.82 -0.07318222411366007
6142 122.84 -0.07282868793125537
6143 122.86 -0.07245192983412112
6144 122.88 -0.07204297002976583
6145 122.9 -0.07159442146349096
6146 122.92 -0.07110625051074879
6147 122.94 -0.07059747621060845
6148 122.96 -0.07005633717203638
6149 122.98 -0.06948465365027705
6150 123 -0.06888100330905993
6151 123.02 -0.06825912233134034
6152 123.04 -0.06758869004880136
6153 123.06 -0.06690012181350799
6154 123.08 -0.06619124063371422
6155 123.1 -0.06546495775438985
6156 123.12 -0.06472040014448875
6157 123.14 -0.06395734295527895
6158 123.16 -0.06317518501042228
6159 123.18 -0.06237368911300382
6160 123.2 -0.06155252823106753
6161 123.22 -0.06070346407462766
6162 123.24 -0.05981558142537881
6163 123.26 -0.05892636531280625
6164 123.28 -0.05802313158273668
6165 123.3 -0.05710494541742649
6166 123.32 -0.05619136504039264
6167 123.34 -0.0552429176240083
6168 123.36 -0.0542796319666121
6169 123.38 -0.05330178930331492
6170 123.4 -0.05226919282029818
6171 123.42 -0.05123025559462799
6172 123.44 -0.05019128285251459
6173 123.46 -0.04914098999623957
6174 123.48 -0.04808812426053384
6175 123.5 -0.04703650692840883
6176 123.52 -0.04597662590635242
6177 123.54 -0.04491761357178623
6178 123.56 -0.04385937693673832
6179 123.58 -0.04276778899185135
6180 123.6 -0.04165178847606257
6181 123.62 -0.04053132918604553
6182 123.64 -0.03942274968495436
6183 123.66 -0.03831732163790533
6184 123.68 -0.03720714864361269
6185 123.7 -0.03609480703511063
6186 123.72 -0.03498436528105375
6187 123.74 -0.03387352194373315
6188 123.76 -0.03276008280473067
6189 123.78 -0.03164657326696164
6190 123.8 -0.03053422586901115
6191 123.82 -0.02942526056087149
6192 123.84 -0.02832074659542257
6193 123.86 -0.02721928280862063
6194 123.88 -0.02612341452393118
6195 123.9 -0.02503422029595636
6196 123.92 -0.0239470799572542
6197 123.94 -0.0228609430096144
6198 123.96 -0.02177920574002563
6199 123.98 -0.02070057045994601
6200 124 -0.01962462693315158
6201 124.02 -0.01855213364203785
6202 124.04 -0.01748598966742295
6203 124.06 -0.01642967010516952
6204 124.08 -0.01537860827984281
6205 124.1 -0.0143313907355156
6206 124.12 -0.01327665547807689
6207 124.14 -0.01221458638185156
6208 124.16 -0.01115073276128111
6209 124.18 -0.01008764219834177
6210 124.2 -0.009021132472329347
6211 124.22 -0.007955452412074996
6212 124.24 -0.006890785708910758
6213 124.26 -0.005825597919244269
6214 124.28 -0.004756567924339608
6215 124.3 -0.003685078201030655
6216 124.32 -0.002616130180698388
6217 124.34 -0.001550904250059761
6218 124.36 -0.0004890483253847501
6219 124.38 0.0005695062043921425
6220 124.4 0.001624793038618129
6221 124.42 0.00267458413970069
6222 124.44 0.003721786206560703
6223 124.46 0.004767553437706254
6224 124.48 0.005814671076268873
6225 124.5 0.006863191757488436
6226 124.52 0.007910875153747148
6227 124.54 0.008961153604113033
6228 124.56 0.01001049846300163
6229 124.58 0.0110619143641598
6230 124.6 0.01211483113443115
6231 124.62 0.01317320847331956
6232 124.64 0.01423487421344109
6233 124.66 0.01529789364804636
6234 124.68 0.0163635099442082
6235 124.7 0.01743118647839434
6236 124.72 0.01850038225844413
6237 124.74 0.01957378236746364
6238 124.76 0.02065245415681886
6239 124.78 0.02175677076367238
6240 124.8 0.02287884613627505
6241 124.82 0.02400607700076729
6242 124.84 0.02513821730483056
6243 124.86 0.02627454893868186
6244 124.88 0.02741924637408279
6245 124.9 0.02851517695698396
6246 124.92 0.02961335718028434
6247 124.94 0.03070891002832567
6248 124.96 0.03180329781700349
6249 124.98 0.03290410127868799
6250 125 0.03402229638660653
6251 125.02 0.03513987104666894
6252 125.04 0.03626323102124904
6253 125.06 0.03740003280987963
6254 125.08 0.03852673745611654
6255 125.1 0.03964223169168568
6256 125.12 0.04076288796433324
6257 125.14 0.04188572193534121
6258 125.16 0.04300994799296887
6259 125.18 0.04413638865126412
6260 125.2 0.0452342885196538
6261 125.22 0.046333360321255
6262 125.24 0.04744632018957431
6263 125.26 0.04856397023081402
6264 125.28 0.04967807319140599
6265 125.3 0.05078770145102568
6266 125.32 0.05186160320663543
6267 125.34 0.05295092735215452
6268 125.36 0.05403987641952052
6269 125.38 0.05511991745114375
6270 125.4 0.05619170052230648
6271 125.42 0.05723379326510874
6272 125.44 0.05827017890355158
6273 125.46 0.05930100122294364
6274 125.48 0.06032091847340298
6275 125.5 0.0613278773982091
6276 125.52 0.06231206447536088
6277 125.54 0.06328351123184572
6278 125.56 0.06424968644795616
6279 125.58 0.06520261399957492
6280 125.6 0.06613570183347844
6281 125.62 0.06703867617213197
6282 125.64 0.06792068611504398
6283 125.66 0.06879082988920954
6284 125.68 0.06964108681176899
6285 125.7 0.07047003516463175
6286 125.72 0.07125934638423678
6287 125.74 0.07202900334793451
6288 125.76 0.07277801220290206
6289 125.78 0.07350679027955966
6290 125.8 0.07420906065272227
6291 125.82 0.07487064238050894
6292 125.84 0.07552108755714974
6293 125.86 0.07614638099059302
6294 125.88 0.07674441631959349
6295 125.9 0.07730165709848226
6296 125.92 0.07782905144422667
6297 125.94 0.0783318017373167
6298 125.96 0.07880447443171616
6299 125.98 0.07924350146716264
6300 126 0.07963588552862051
6301 126.02 0.08003970078639418
6302 126.04 0.08037281227076493
6303 126.06 0.0806724201740547
6304 126.08 0.08092408079398468
6305 126.1 0.08114448430968949
6306 126.12 0.08132991043834031
6307 126.14 0.08147814909135678
6308 126.16 0.0815862523403388
6309 126.18 0.08165042860110555
6310 126.2 0.08168844992000335
6311 126.22 0.08168529773973723
6312 126.24 0.08164941337470595
6313 126.26 0.0815878735902716
6314 126.28 0.08150142993873907
6315 126.3 0.08138039850181009
6316 126.32 0.08122226795642117
6317 126.34 0.08101809042307073
6318 126.36 0.08078622613195298
6319 126.38 0.08052026748592216
6320 126.4 0.08022034314256565
6321 126.42 0.07987914429945057
6322 126.44 0.0795069411210453
6323 126.46 0.0791055042802675
6324 126.48 0.07867580532277949
6325 126.5 0.07819993476127043
6326 126.52 0.07769744135651266
6327 126.54 0.07716892122173412
6328 126.56 0.07661131202069627
6329 126.58 0.07601919324048051
6330 126.6 0.07539245108758713
6331 126.62 0.07474679654280984
6332 126.64 0.07406756742389797
6333 126.66 0.07335696781981228
6334 126.68 0.07260729137533871
6335 126.7 0.07184707438713651
6336 126.72 0.0710391121505644
6337 126.74 0.07023388762563208
6338 126.76 0.06939471053021226
6339 126.78 0.06854708794468482
6340 126.8 0.06767285238001568
6341 126.82 0.06678238305114731
6342 126.84 0.06584676263755361
6343 126.86 0.06489603055219609
6344 126.88 0.06394633248123938
6345 126.9 0.06298213911961245
6346 126.92 0.06200293881608043
6347 126.94 0.06102725337469588
6348 126.96 0.06001759885429073
6349 126.98 0.05899312086708158
6350 127 0.05794938434717201
6351 127.02 0.0568560055321335
6352 127.04 0.0557580324311021
6353 127.06 0.05465231617774007
6354 127.08 0.05353417355268315
6355 127.1 0.05241609675352922
6356 127.12 0.05128574998503604
6357 127.14 0.05013570148276698
6358 127.16 0.04899851680846952
6359 127.18 0.04786896672955374
6360 127.2 0.04668675355393302
6361 127.22 0.04549448670291099
6362 127.24 0.04430025327078562
6363 127.26 0.04312704366756522
6364 127.28 0.04195126277090584
6365 127.3 0.04077125197299946
6366 127.32 0.03958869511518125
6367 127.34 0.03840547316103951
6368 127.36 0.03721860555034619
6369 127.38 0.03603040402777476
6370 127.4 0.03483893812642327
6371 127.42 0.033651778497016
6372 127.44 0.03246264102875659
6373 127.46 0.03127636831406732
6374 127.48 0.03009157226589711
6375 127.5 0.02890878190817039
6376 127.52 0.02773176499394249
6377 127.54 0.02655907502718766
6378 127.56 0.02539083548074117
6379 127.58 0.02422834026579968
6380 127.6 0.02307651719673512
6381 127.62 0.02193540427780978
6382 127.64 0.02080139931871307
6383 127.66 0.01967442176326873
6384 127.68 0.01855337799561771
6385 127.7 0.01743750847567322
6386 127.72 0.0163180507022742
6387 127.74 0.01519897135869903
6388 127.76 0.01408272155579441
6389 127.78 0.01296868028842523
6390 127.8 0.01185806898427674
6391 127.82 0.01075543700763742
6392 127.84 0.009659461093226986
6393 127.86 0.008567151197655998
6394 127.88 0.007471937113970092
6395 127.9 0.006363702359607842
6396 127.92 0.005253775284282627
6397 127.94 0.004141810364442415
6398 127.96 0.003033283053855201
6399 127.98 0.001925970237701752
6400 128 0.0008221642056935384
6401 128.02 -0.0002822989884776307
6402 128.04 -0.001391745767960985
6403 128.06 -0.002505444724549278
6404 128.08 -0.003618159976766803
6405 128.1 -0.004724325457758839
6406 128.12 -0.005828372569985357
6407 128.14 -0.006931968697968627
6408 128.16 -0.0080356851817049
6409 128.18 -0.009139596754680774
6410 128.2 -0.01024489319865151
6411 128.22 -0.01135480444601066
6412 128.24 -0.01246808972051122
6413 128.26 -0.01358267545823447
6414 128.28 -0.01469490732696712
6415 128.3 -0.01580802739867238
6416 128.32 -0.0169242810907192
6417 128.34 -0.01804070597193414
6418 128.36 -0.01916401066464814
6419 128.38 -0.02029069929913045
6420 128.4 -0.02141903888355937
6421 128.42 -0.02255134540062203
6422 128.44 -0.02369619076339256
6423 128.46 -0.02486692864173256
6424 128.48 -0.02604421353286239
6425 128.5 -0.02722671870188241
6426 128.52 -0.02841593197658566
6427 128.54 -0.02960717499570374
6428 128.56 -0.03078278003498965
6429 128.58 -0.03193712956815981
6430 128.6 -0.03309475079893998
6431 128.62 -0.03424818627726584
6432 128.64 -0.03542048067410084
6433 128.66 -0.03659774313823183
6434 128.68 -0.03777423354866462
6435 128.7 -0.03895217342663054
6436 128.72 -0.04014591334123745
6437 128.74 -0.04131750472288361
6438 128.76 -0.04249563200006343
6439 128.78 -0.04367514890206925
6440 128.8 -0.04485457916830234
6441 128.82 -0.04603159899901066
6442 128.84 -0.04717940340586803
6443 128.86 -0.04833464072363441
6444 128.88 -0.04949906641271466
6445 128.9 -0.05066645489960315
6446 128.92 -0.05182921411809118
6447 128.94 -0.05298199942744845
6448 128.96 -0.05411194803029016
6449 128.98 -0.05525437411949357
6450 129 -0.05639257610602777
6451 129.02 -0.05752301336670886
6452 129.04 -0.05864279296623833
6453 129.06 -0.05972578360455167
6454 129.08 -0.06081516078063581
6455 129.1 -0.0618969887315548
6456 129.12 -0.06296756117626999
6457 129.14 -0.06402281843059138
6458 129.16 -0.06503916098771687
6459 129.18 -0.06604942030401291
6460 129.2 -0.06705076600937804
6461 129.22 -0.06804340198189822
6462 129.24 -0.06901706863887681
6463 129.26 -0.06994920930991869
6464 129.28 -0.07087466822047099
6465 129.3 -0.0717835285913231
6466 129.32 -0.07267073807593127
6467 129.34 -0.0735361145223217
6468 129.36 -0.07435548286046903
6469 129.38 -0.07516425921782448
6470 129.4 -0.0759486570226435
6471 129.42 -0.07670442098255954
6472 129.44 -0.07742415436426635
6473 129.46 -0.07810692211354912
6474 129.48 -0.07877403966514901
6475 129.5 -0.07942382781301821
6476 129.52 -0.08004409260105136
6477 129.54 -0.08061708420795716
6478 129.56 -0.08116800983270886
6479 129.58 -0.08169180214809074
6480 129.6 -0.08218437341157528
6481 129.62 -0.08264061478673849
6482 129.64 -0.08304873925664755
6483 129.66 -0.08343291500802369
6484 129.68 -0.0838175550074864
6485 129.7 -0.08411760125939029
6486 129.72 -0.08436646561684462
6487 129.74 -0.08459675471148589
6488 129.76 -0.08479677881742781
6489 129.78 -0.08496069993026162
6490 129.8 -0.08508126365268061
6491 129.82 -0.08516041452103085
6492 129.84 -0.08521064545017347
6493 129.86 -0.08521988689986046
6494 129.88 -0.08519190728186135
6495 129.9 -0.08510952708365742
6496 129.92 -0.08500336999491268
6497 129.94 -0.08485992403586763
6498 129.96 -0.08468094112306536
6499 129.98 -0.08446711691438229
6500 130 -0.08424191476834234
6501 130.02 -0.08398177911182551
6502 130.04 -0.08368816237933381
6503 130.06 -0.08335165561465192
6504 130.08 -0.08298337711942159
6505 130.1 -0.08258535167786481
6506 130.12 -0.08215735629911133
6507 130.14 -0.08169214272376263
6508 130.16 -0.08118752371366597
6509 130.18 -0.08066170719806652
6510 130.2 -0.08010290799399687
6511 130.22 -0.07951558405655651
6512 130.24 -0.07888663482417364
6513 130.26 -0.07824398320666606
6514 130.28 -0.07756738220919393
6515 130.3 -0.07685984483774978
6516 130.32 -0.07610317768932245
6517 130.34 -0.07534262963559026
6518 130.36 -0.07455513219182482
6519 130.38 -0.07372360749448212
6520 130.4 -0.07287799564021739
6521 130.42 -0.07202161034307977
6522 130.44 -0.07114276809064744
6523 130.46 -0.07024034133105034
6524 130.48 -0.06930925780334497
6525 130.5 -0.06834530190130771
6526 130.52 -0.06736489951850737
6527 130.54 -0.06638651442754592
6528 130.56 -0.06539280935985556
6529 130.58 -0.06439600424246743
6530 130.6 -0.06337683076563783
6531 130.62 -0.06233375827659806
6532 130.64 -0.06127320341571399
6533 130.66 -0.06017416273184312
6534 130.68 -0.05904796910870926
6535 130.7 -0.05792199966362678
6536 130.72 -0.05678414771084021
6537 130.74 -0.05563955127605252
6538 130.76 -0.05448883716556351
6539 130.78 -0.05331969391481201
6540 130.8 -0.0521446209888411
6541 130.82 -0.05098821094818778
6542 130.84 -0.049827789664566
6543 130.86 -0.04859716434779703
6544 130.88 -0.04737020556986744
6545 130.9 -0.04614583817755658
6546 130.92 -0.04493630091309073
6547 130.94 -0.04372121968848135
6548 130.96 -0.04250118449935048
6549 130.98 -0.04127689703452915
6550 131 -0.04005226125008773
6551 131.02 -0.03882734308008932
6552 131.04 -0.03760283277633712
6553 131.06 -0.03637747082266487
6554 131.08 -0.03514545779230807
6555 131.1 -0.03391431971830237
6556 131.12 -0.03268772482016751
6557 131.14 -0.03146435212857997
6558 131.16 -0.03024492533301463
6559 131.18 -0.02903089160898348
6560 131.2 -0.02782105657732455
6561 131.22 -0.02661702465299987
6562 131.24 -0.02541756794361866
6563 131.26 -0.02422431812508017
6564 131.28 -0.02303306164941709
6565 131.3 -0.02185049306847871
6566 131.32 -0.02067707303074599
6567 131.34 -0.01951519019126902
6568 131.36 -0.01835815093730795
6569 131.38 -0.01720656585462869
6570 131.4 -0.01606050102440833
6571 131.42 -0.0149189114691496
6572 131.44 -0.01378190515421274
6573 131.46 -0.01264147450229144
6574 131.48 -0.01150643560100188
6575 131.5 -0.01037426532770689
6576 131.52 -0.009244823470307414
6577 131.54 -0.00812193206847211
6578 131.56 -0.007007323502391364
6579 131.58 -0.005896565214985803
6580 131.6 -0.004784055548818215
6581 131.62 -0.00365562504552752
6582 131.64 -0.002526373516251683
6583 131.66 -0.001396770446394571
6584 131.68 -0.000269009418683424
6585 131.7 0.0008582675203639106
6586 131.72 0.001987485041438974
6587 131.74 0.003117094753344634
6588 131.76 0.004248622333486914
6589 131.78 0.005384982799137471
6590 131.8 0.006518914091109404
6591 131.82 0.007649896070209966
6592 131.84 0.008782607431372427
6593 131.86 0.009915416409376883
6594 131.88 0.01104877532585831
6595 131.9 0.01218574882301235
6596 131.92 0.01332400456333396
6597 131.94 0.01446267607068864
6598 131.96 0.01560269626000685
6599 131.98 0.01674224560662836
6600 132 0.01788211999777874
6601 132.02 0.01902633460294957
6602 132.04 0.02017414492903147
6603 132.06 0.02132363275184669
6604 132.08 0.02247831426684224
6605 132.1 0.02363669217854461
6606 132.12 0.02480998395600205
6607 132.14 0.02600481848287802
6608 132.16 0.02720378916870984
6609 132.18 0.02840681371205077
6610 132.2 0.02961711845568769
6611 132.22 0.03085207989163087
6612 132.24 0.03202982562412474
6613 132.26 0.03320659455805758
6614 132.28 0.03438691807202641
6615 132.3 0.03557366277215061
6616 132.32 0.0367732081174874
6617 132.34 0.03797535297959329
6618 132.36 0.0391788006784353
6619 132.38 0.04038480397074204
6620 132.4 0.04159238079724893
6621 132.42 0.04279887739461982
6622 132.44 0.04400221961647045
6623 132.46 0.04520576598614874
6624 132.48 0.04640686886178236
6625 132.5 0.04758787032511374
6626 132.52 0.04876246083095554
6627 132.54 0.04994461699085211
6628 132.56 0.05113618134949729
6629 132.58 0.0523224968243877
6630 132.6 0.05349920176034014
6631 132.62 0.05464695024067179
6632 132.64 0.05580676775407719
6633 132.66 0.05696537565555125
6634 132.68 0.05811713544894472
6635 132.7 0.05926313704478721
6636 132.72 0.06037633732280392
6637 132.74 0.06148802479967383
6638 132.76 0.06259525306074143
6639 132.78 0.06368970162747224
6640 132.8 0.06477096467192651
6641 132.82 0.06582007147562653
6642 132.84 0.06685144991020779
6643 132.86 0.0678736329629949
6644 132.88 0.06888172712979541
6645 132.9 0.06988064672578501
6646 132.92 0.07084313554076951
6647 132.94 0.07178967700322271
6648 132.96 0.07272125714468605
6649 132.98 0.07363506490484818
6650 133 0.07452635175817789
6651 133.02 0.07537246225427245
6652 133.04 0.07620282539634127
6653 133.06 0.07700781580531652
6654 133.08 0.07778658323560095
6655 133.1 0.07853414505160622
6656 133.12 0.07923347805210676
6657 133.14 0.07992259170585479
6658 133.16 0.08058321769386383
6659 133.18 0.08122254387139639
6660 133.2 0.08182706956454876
6661 133.22 0.08239443582384987
6662 133.24 0.08293861141749102
6663 133.26 0.08345046100588892
6664 133.28 0.08392896656716983
6665 133.3 0.08435521266581719
6666 133.32 0.08475891586647669
6667 133.34 0.08512583652037163
6668 133.36 0.08545777788675001
6669 133.38 0.08577215598523209
6670 133.4 0.08601186675426771
6671 133.42 0.08622155502970495
6672 133.44 0.08640090130795598
6673 133.46 0.08654622265774113
6674 133.48 0.0866427888210929
6675 133.5 0.08672117343911259
6676 133.52 0.0867542300106881
6677 133.54 0.08674587602019651
6678 133.56 0.0866828507683695
6679 133.58 0.08659792123262365
6680 133.6 0.08647047168209269
6681 133.62 0.08630425036342725
6682 133.64 0.08609854450498462
6683 133.66 0.08585429857192857
6684 133.68 0.08560369052810142
6685 133.7 0.08532697847432107
6686 133.72 0.08501787149508101
6687 133.74 0.08465825730798243
6688 133.76 0.08427826146474252
6689 133.78 0.08386378070436369
6690 133.8 0.08341612904018962
6691 133.82 0.08291877290860851
6692 133.84 0.08240721159320347
6693 133.86 0.08186640985419014
6694 133.88 0.08129227360204662
6695 133.9 0.08067860295141518
6696 133.92 0.08004537752663532
6697 133.94 0.07938571715400847
6698 133.96 0.07869552303596181
6699 133.98 0.07796470952476045
6700 134 0.07720625422880137
6701 134.02 0.07643636328091868
6702 134.04 0.07563365466465177
6703 134.06 0.07478282506941474
6704 134.08 0.07392274910879702
6705 134.1 0.07305438797005619
6706 134.12 0.07215530954326428
6707 134.14 0.07123889364317591
6708 134.16 0.07028299744494393
6709 134.18 0.0693127438601366
6710 134.2 0.06833019887921117
6711 134.22 0.06733962687985251
6712 134.24 0.06633486286846761
6713 134.26 0.06533065975714161
6714 134.28 0.06428948051535409
6715 134.3 0.06323237617127551
6716 134.32 0.06216134725213941
6717 134.34 0.06102494446406404
6718 134.36 0.0598861427860576
6719 134.38 0.0587439955026926
6720 134.4 0.05759223111724495
6721 134.42 0.05643754478761576
6722 134.44 0.05526676131556672
6723 134.46 0.05408853135464241
6724 134.48 0.05290043903012239
6725 134.5 0.05173608186080718
6726 134.52 0.0505468578682916
6727 134.54 0.04931378091819673
6728 134.56 0.04807692372443651
6729 134.58 0.04684773514549861
6730 134.6 0.04562598604436859
6731 134.62 0.04439464211302215
6732 134.64 0.04315707369386811
6733 134.66 0.04191917202570468
6734 134.68 0.04067931251454496
6735 134.7 0.03943654090809905
6736 134.72 0.03819373705059947
6737 134.74 0.03694998475927147
6738 134.76 0.03570485051870229
6739 134.78 0.03446047004031164
6740 134.8 0.03321995970634604
6741 134.82 0.03198049637820464
6742 134.84 0.03074441124299712
6743 134.86 0.02951310309664113
6744 134.88 0.02828719644105188
6745 134.9 0.02706963183183608
6746 134.92 0.02585707590166417
6747 134.94 0.02464762465461653
6748 134.96 0.02344201295254636
6749 134.98 0.0222412219485068
6750 135 0.02104834433448327
6751 135.02 0.01986300917107966
6752 135.04 0.01868866671700661
6753 135.06 0.01752151428286333
6754 135.08 0.01636001574841671
6755 135.1 0.01520371669580751
6756 135.12 0.01405151347082297
6757 135.14 0.01290514291703019
6758 135.16 0.01175813127773569
6759 135.18 0.01061285020123024
6760 135.2 0.009471321045446533
6761 135.22 0.008332263250480861
6762 135.24 0.007198216683512981
6763 135.26 0.006074010808676963
6764 135.28 0.004954410690767587
6765 135.3 0.003840057312841112
6766 135.32 0.002706568581176141
6767 135.34 0.001567744194459528
6768 135.36 0.0004287557824381055
6769 135.38 -0.0007096546075996044
6770 135.4 -0.001848292807356169
6771 135.42 -0.002988945552412731
6772 135.44 -0.004128934071550884
6773 135.46 -0.005267848588757496
6774 135.48 -0.006416508479882713
6775 135.5 -0.007564543866640101
6776 135.52 -0.008710713782038897
6777 135.54 -0.00985478818780822
6778 135.56 -0.01099875979224504
6779 135.58 -0.01214523411648378
6780 135.6 -0.01329429360037461
6781 135.62 -0.01444226097251129
6782 135.64 -0.01559305139177738
6783 135.66 -0.01674433503948174
6784 135.68 -0.01789701599623216
6785 135.7 -0.01905044898622298
6786 135.72 -0.0202067504140456
6787 135.74 -0.02136506817084882
6788 135.76 -0.02252887276716548
6789 135.78 -0.02369655087620369
6790 135.8 -0.02487121667406465
6791 135.82 -0.02607669794461077
6792 135.84 -0.02728402304721075
6793 135.86 -0.02849475069314147
6794 135.88 -0.02970875185780147
6795 135.9 -0.03092964855944822
6796 135.92 -0.03214569511082343
6797 135.94 -0.03333280967506495
6798 135.96 -0.03452081782998337
6799 135.98 -0.03571722495934659
6800 136 -0.03692482357653294
6801 136.02 -0.03813627008301667
6802 136.04 -0.03934829830462738
6803 136.06 -0.04056039037330063
6804 136.08 -0.04177719019367451
6805 136.1 -0.04299272898052785
6806 136.12 -0.04420832101839558
6807 136.14 -0.0454196075899963
6808 136.16 -0.04662894566679925
6809 136.18 -0.0478218724334182
6810 136.2 -0.04900434635365022
6811 136.22 -0.05019347479895526
6812 136.24 -0.05139246524894473
6813 136.26 -0.05258699498951919
6814 136.28 -0.05377353018115733
6815 136.3 -0.05492868697136354
6816 136.32 -0.05609544982416324
6817 136.34 -0.05726007273797061
6818 136.36 -0.05841887173141218
6819 136.38 -0.05957093019136402
6820 136.4 -0.06069158150913237
6821 136.42 -0.06181200520757064
6822 136.44 -0.06292667693620391
6823 136.46 -0.06403063726105003
6824 136.48 -0.06511781694989978
6825 136.5 -0.06617212006794099
6826 136.52 -0.06721384549711004
6827 136.54 -0.0682442996456802
6828 136.56 -0.0692592342974287
6829 136.58 -0.0702593848281005
6830 136.6 -0.07122805101091147
6831 136.62 -0.07218153250316027
6832 136.64 -0.07312376774635899
6833 136.66 -0.07404434468689537
6834 136.68 -0.07494122828925151
6835 136.7 -0.07579386403797199
6836 136.72 -0.0766319677371038
6837 136.74 -0.07744517475872299
6838 136.76 -0.07822973974408004
6839 136.78 -0.07898369644630006
6840 136.8 -0.07968953743803288
6841 136.82 -0.08038252812088982
6842 136.84 -0.08104751004977755
6843 136.86 -0.08168992427599069
6844 136.88 -0.08229689888285766
6845 136.9 -0.08287083754716544
6846 136.92 -0.0834206723558524
6847 136.94 -0.08393872765108175
6848 136.96 -0.08442220351573201
6849 136.98 -0.08485223131878045
6850 137 -0.08526117075367766
6851 137.02 -0.08563534176087002
6852 137.04 -0.085970833407125
6853 137.06 -0.08630064118324381
6854 137.08 -0.08654431265461077
6855 137.1 -0.08675838773844696
6856 137.12 -0.08693792490372887
6857 137.14 -0.08708717987180041
6858 137.16 -0.08718831283947807
6859 137.18 -0.08726953770632069
6860 137.2 -0.087311798979127
6861 137.22 -0.08731163217959492
6862 137.24 -0.08725806770635947
6863 137.26 -0.08717459471751357
6864 137.28 -0.08705877816256594
6865 137.3 -0.08689812699055782
6866 137.32 -0.08669932045329039
6867 137.34 -0.08645980254691321
6868 137.36 -0.08620003410513741
6869 137.38 -0.08591719695810357
6870 137.4 -0.08561565253155234
6871 137.42 -0.0852609790242933
6872 137.44 -0.08488898622926463
6873 137.46 -0.08448132462721931
6874 137.48 -0.08404090454988883
6875 137.5 -0.08355080699450292
6876 137.52 -0.08304242306504504
6877 137.54 -0.08250425779297035
6878 137.56 -0.08193786024770144
6879 137.58 -0.08133176560264538
6880 137.6 -0.08070142088478419
6881 137.62 -0.08004813021440557
6882 137.64 -0.07936043634508133
6883 137.66 -0.07864075463655044
6884 137.68 -0.07788477224853409
6885 137.7 -0.07711897688424277
6886 137.72 -0.07631506885831416
6887 137.74 -0.07547826306316849
6888 137.76 -0.07461774423738342
6889 137.78 -0.07375483382767697
6890 137.8 -0.0728619996191905
6891 137.82 -0.07194693403415363
6892 137.84 -0.07099813753785586
6893 137.86 -0.07003091356273261
6894 137.88 -0.06904709450953654
6895 137.9 -0.06806082254174377
6896 137.92 -0.06705725602068011
6897 137.94 -0.06605264164675805
6898 137.96 -0.06501758471991861
6899 137.98 -0.06396246814431077
6900 138 -0.06288815125596052
6901 138.02 -0.06177072300607531
6902 138.04 -0.06062758896220348
6903 138.06 -0.05948207109274107
6904 138.08 -0.05832885380885039
6905 138.1 -0.05717051383234777
6906 138.12 -0.05600188032427123
6907 138.14 -0.05482189534380108
6908 138.16 -0.05363578139657448
6909 138.18 -0.0524582732306406
6910 138.2 -0.05128614972171437
6911 138.22 -0.05005018265473405
6912 138.24 -0.04881172128926509
6913 138.26 -0.04757188817157311
6914 138.28 -0.04634999409140611
6915 138.3 -0.04511888213117352
6916 138.32 -0.04387884821496008
6917 138.34 -0.04263546926767125
6918 138.36 -0.04139032334686074
6919 138.38 -0.04014401709992365
6920 138.4 -0.03889597770031301
6921 138.42 -0.03764590436415008
6922 138.44 -0.03639461110190229
6923 138.46 -0.03514560257014435
6924 138.48 -0.03389965949829812
6925 138.5 -0.03265451998317834
6926 138.52 -0.03141116816833472
6927 138.54 -0.03017224628334238
6928 138.56 -0.02893919464470019
6929 138.58 -0.02771195087018045
6930 138.6 -0.02649169253535129
6931 138.62 -0.02527632022554449
6932 138.64 -0.02406369548389604
6933 138.66 -0.02285602671733419
6934 138.68 -0.02165290598439247
6935 138.7 -0.02045716328296368
6936 138.72 -0.01926877696287705
6937 138.74 -0.01809367455832037
6938 138.76 -0.01692396723492042
6939 138.78 -0.01575995360036489
6940 138.8 -0.01460074679599609
6941 138.82 -0.0134462383486232
6942 138.84 -0.01229706635031457
6943 138.86 -0.01114582346234013
6944 138.88 -0.009997797387202911
6945 138.9 -0.008853455410151792
6946 138.92 -0.007712019227806932
6947 138.94 -0.006576239515637624
6948 138.96 -0.005449932377628128
6949 138.98 -0.004329730260884387
6950 139 -0.003210378269403062
6951 139.02 -0.002073434335776356
6952 139.04 -0.0009296668995242021
6953 139.06 0.000212824036898538
6954 139.08 0.001354202558308992
6955 139.1 0.002497962104495919
6956 139.12 0.003642800732623202
6957 139.14 0.00478655067331152
6958 139.16 0.005930901301706638
6959 139.18 0.007083838410497706
6960 139.2 0.008236051838608125
6961 139.22 0.009384431990045012
6962 139.24 0.01053216246767191
6963 139.26 0.01168065670697157
6964 139.28 0.01283205798241223
6965 139.3 0.01398340300615395
6966 139.32 0.01513615669197087
6967 139.34 0.01629076691987002
6968 139.36 0.01744546833780538
6969 139.38 0.01860239255517729
6970 139.4 0.01975993168160605
6971 139.42 0.02091961209854205
6972 139.44 0.02208357485209676
6973 139.46 0.02325212567977426
6974 139.48 0.02442549479114176
6975 139.5 0.02562230913480727
6976 139.52 0.02683316582091131
6977 139.54 0.0280448729138853
6978 139.56 0.02925693799772939
6979 139.58 0.03047704305613368
6980 139.6 0.03170976822323435
6981 139.62 0.03289836405177117
6982 139.64 0.03408706462364471
6983 139.66 0.03527965303573604
6984 139.68 0.03648733245576213
6985 139.7 0.03769901443750651
6986 139.72 0.03891317884152115
6987 139.74 0.04012617272510938
6988 139.76 0.04134796817684308
6989 139.78 0.04256395142438323
6990 139.8 0.04378156010688987
6991 139.82 0.04499749556647747
6992 139.84 0.04620904674263183
6993 139.86 0.047414071536443
6994 139.88 0.0485951415695506
6995 139.9 0.04978439221197359
6996 139.92 0.05098255134884373
6997 139.94 0.05218185516847926
6998 139.96 0.05337296001655277
6999 139.98 0.05453848661409018
7000 140 0.05570442336989075
7001 140.02 0.05687085495329317
7002 140.04 0.05803272318842703
7003 140.06 0.05918681648881644
7004 140.08 0.06032504670719026
7005 140.1 0.06144086759117324
7006 140.12 0.06256172160722642
7007 140.14 0.06367573054336725
7008 140.16 0.06476863349355279
7009 140.18 0.06584053439921642
7010 140.2 0.06688275905692635
7011 140.22 0.06791967529199254
7012 140.24 0.06894478784926576
7013 140.26 0.06994896855819074
7014 140.28 0.07093506033091791
7015 140.3 0.07188974504320442
7016 140.32 0.07284129839472291
7017 140.34 0.07377186233455209
7018 140.36 0.07467977281121471
7019 140.38 0.07555274704372258
7020 140.4 0.07639589176954016
7021 140.42 0.07722094058112493
7022 140.44 0.07801933675846229
7023 140.46 0.07878681088028434
7024 140.48 0.07950919883774051
7025 140.5 0.08021103004908339
7026 140.52 0.08088689605467307
7027 140.54 0.0815409593611018
7028 140.56 0.08216710921503363
7029 140.58 0.08274758866090681
7030 140.6 0.08331155539823618
7031 140.62 0.0838431706557546
7032 140.64 0.08434170112498145
7033 140.66 0.08479355453778036
7034 140.68 0.08521201481844382
7035 140.7 0.08560219328196229
7036 140.72 0.08595029292875102
7037 140.74 0.08626946733899578
7038 140.76 0.08656485254279536
7039 140.78 0.08679698860019749
7040 140.8 0.08699046576506281
7041 140.82 0.08715235651195696
7042 140.84 0.08727078614645223
7043 140.86 0.08736705394625661
7044 140.88 0.08742901995665325
7045 140.9 0.08744673890119074
7046 140.92 0.08741942541491916
7047 140.94 0.08734237477850458
7048 140.96 0.08723915830453106
7049 140.98 0.08710233981632298
7050 141 0.08692064410314312
7051 141.02 0.0866945715920573
7052 141.04 0.08644797213025604
7053 141.06 0.08616778399594029
7054 141.08 0.08588086569917498
7055 141.1 0.08554582224142906
7056 141.12 0.08518718886578268
7057 141.14 0.08479345329301774
7058 141.16 0.08436736792376341
7059 141.18 0.08390230161895333
7060 141.2 0.08339901375017526
7061 141.22 0.08287420582656492
7062 141.24 0.08232011930612299
7063 141.26 0.08173823892513013
7064 141.28 0.08111205410681797
7065 141.3 0.08047301965831723
7066 141.32 0.07979836417390503
7067 141.34 0.07909903080953629
7068 141.36 0.07834997156671449
7069 141.38 0.07759482319040423
7070 141.4 0.07681379022627464
7071 141.42 0.07597924152680416
7072 141.44 0.07513217047863056
7073 141.46 0.07427322924744285
7074 141.48 0.0733972285460153
7075 141.5 0.07248987521438865
7076 141.52 0.071561348597816
7077 141.54 0.07059833517259959
7078 141.56 0.06962196373952588
7079 141.58 0.06864004737506146
7080 141.6 0.0676447066974888
7081 141.62 0.0666377091675464
7082 141.64 0.06562230011547465
7083 141.66 0.06457459741275254
7084 141.68 0.063509427359842
7085 141.7 0.06242086388030289
7086 141.72 0.06127646720800875
7087 141.74 0.06013549110643732
7088 141.76 0.05898556477403626
7089 141.78 0.05782721466476082
7090 141.8 0.05666458654298304
7091 141.82 0.05549001103424835
7092 141.84 0.05430738750702528
7093 141.86 0.05311943037898437
7094 141.88 0.05194840606765596
7095 141.9 0.05074493463334919
7096 141.92 0.04951033292137704
7097 141.94 0.04826905361480367
7098 141.96 0.04704098829343629
7099 141.98 0.04581439491105541
7100 142 0.04457857006916614
7101 142.02 0.04333595415526671
7102 142.04 0.04209076192768169
7103 142.06 0.04084408462202051
7104 142.08 0.03959624920442503
7105 142.1 0.03834667152719864
7106 142.12 0.037094015571088
7107 142.14 0.03584403809513026
7108 142.16 0.03459581240454706
7109 142.18 0.03334999176457878
7110 142.2 0.03210476571511949
7111 142.22 0.03086244893595858
7112 142.24 0.02962552229844313
7113 142.26 0.02839442041140465
7114 142.28 0.0271697080376704
7115 142.3 0.0259512240619376
7116 142.32 0.02473695563257154
7117 142.34 0.02352462640600323
7118 142.36 0.02231872334151837
7119 142.38 0.02111802862668373
7120 142.4 0.01992378440893073
7121 142.42 0.0187409362127764
7122 142.44 0.01756853605110569
7123 142.46 0.01640030689723928
7124 142.48 0.01523789841042633
7125 142.5 0.01407994085878002
7126 142.52 0.01292705144126786
7127 142.54 0.01177835413442593
7128 142.56 0.01062730095438035
7129 142.58 0.009480609864589446
7130 142.6 0.008336101822088335
7131 142.62 0.007195825016733208
7132 142.64 0.006064002571542987
7133 142.66 0.004940055915866372
7134 142.68 0.003822644786661005
7135 142.7 0.002695188931702984
7136 142.72 0.001554344807331456
7137 142.74 0.0004103290112807351
7138 142.76 -0.0007323876786789634
7139 142.78 -0.001875119506978992
7140 142.8 -0.003020496017631336
7141 142.82 -0.004165814056624392
7142 142.84 -0.005309426526104382
7143 142.86 -0.006458839514961451
7144 142.88 -0.007612292130536236
7145 142.9 -0.008764186840828326
7146 142.92 -0.009912973408045356
7147 142.94 -0.01106247459114016
7148 142.96 -0.01221249291319276
7149 142.98 -0.01336514859510184
7150 143 -0.01451699226704803
7151 143.02 -0.01567244359600168
7152 143.04 -0.01682738500180911
7153 143.06 -0.01798418242979344
7154 143.08 -0.01914191013032412
7155 143.1 -0.02030129360290678
7156 143.12 -0.02146321736908409
7157 143.14 -0.02263039888834005
7158 143.16 -0.02380177134050449
7159 143.18 -0.0249827085463329
7160 143.2 -0.02619064108175321
7161 143.22 -0.02740274641497165
7162 143.24 -0.02861588114603476
7163 143.26 -0.02983082500318236
7164 143.28 -0.03105423107133895
7165 143.3 -0.03226907633295727
7166 143.32 -0.03345889776566999
7167 143.34 -0.03464971089112806
7168 143.36 -0.03585104098582522
7169 143.38 -0.03706115225116728
7170 143.4 -0.03827540172254786
7171 143.42 -0.03949014344853178
7172 143.44 -0.04070684436419352
7173 143.46 -0.04192472969181812
7174 143.48 -0.04314247168788633
7175 143.5 -0.0443605100785877
7176 143.52 -0.04557503048328011
7177 143.54 -0.0467871142219209
7178 143.56 -0.04797708831609243
7179 143.58 -0.04916417331921255
7180 143.6 -0.05035696505692319
7181 143.62 -0.05155771947100322
7182 143.64 -0.05275362904209249
7183 143.66 -0.05393691795296549
7184 143.68 -0.0550960803998297
7185 143.7 -0.05626471813949723
7186 143.72 -0.05743025308144502
7187 143.74 -0.05858947110513563
7188 143.76 -0.05974314808887702
7189 143.78 -0.06086115389997933
7190 143.8 -0.06198509736390532
7191 143.82 -0.06310119676860333
7192 143.84 -0.06420503304947899
7193 143.86 -0.06529238052308919
7194 143.88 -0.06634384605034234
7195 143.9 -0.06738957307623843
7196 143.92 -0.06842083539627382
7197 143.94 -0.06943646046134409
7198 143.96 -0.07043352090240003
7199 143.98 -0.0713983955447369
7200 144 -0.0723567042161835
7201 144.02 -0.07329779250987314
7202 144.04 -0.07421884488370041
7203 144.06 -0.0751160275621167
7204 144.08 -0.07596650186056043
7205 144.1 -0.07680568678490375
7206 144.12 -0.07761930630349261
7207 144.14 -0.07840387157144743
7208 144.16 -0.07915397543708026
7209 144.18 -0.07986080627621485
7210 144.2 -0.08055356963699427
7211 144.22 -0.08121783829645593
7212 144.24 -0.08185970918676641
7213 144.26 -0.08246101521638458
7214 144.28 -0.08303605397088973
7215 144.3 -0.08358511812016854
7216 144.32 -0.08410249154360391
7217 144.34 -0.08458421730951886
7218 144.36 -0.08501213825293441
7219 144.38 -0.08542099747680945
7220 144.4 -0.08579420242023857
7221 144.42 -0.08612944024333438
7222 144.44 -0.08642039467838684
7223 144.46 -0.08670575114715269
7224 144.48 -0.0869214664876575
7225 144.5 -0.08709964243139179
7226 144.52 -0.08724731492114406
7227 144.54 -0.08734832278791387
7228 144.56 -0.08742935914665993
7229 144.58 -0.08747128787364837
7230 144.6 -0.08747093390002893
7231 144.62 -0.08741708958633015
7232 144.64 -0.08733360680631684
7233 144.66 -0.08721378838797861
7234 144.68 -0.08706005927997144
7235 144.7 -0.08685953860503748
7236 144.72 -0.0866204945439103
7237 144.74 -0.08636110436788577
7238 144.76 -0.08607452703647241
7239 144.78 -0.08577221050357602
7240 144.8 -0.08541941675434329
7241 144.82 -0.08504832025846798
7242 144.84 -0.08464020556930353
7243 144.86 -0.08420146676129478
7244 144.88 -0.0837116990018229
7245 144.9 -0.08320414404528749
7246 144.92 -0.08266626580378407
7247 144.94 -0.0820997971818017
7248 144.96 -0.08149469335966529
7249 144.98 -0.08086577921119113
7250 145 -0.08021053729349541
7251 145.02 -0.079525886238699
7252 145.04 -0.07880678406850711
7253 145.06 -0.07805215434775356
7254 145.08 -0.07728882708411934
7255 145.1 -0.07647088051459781
7256 145.12 -0.07564621740018086
7257 145.14 -0.07478696898075902
7258 145.16 -0.07392530735285974
7259 145.18 -0.07303434149431805
7260 145.2 -0.07212056990760955
7261 145.22 -0.07117321105164813
7262 145.24 -0.07020661825546662
7263 145.26 -0.06922470487845266
7264 145.28 -0.06824066391184236
7265 145.3 -0.06723776506932347
7266 145.32 -0.06623268100612403
7267 145.34 -0.0652002756851323
7268 145.36 -0.06414569309282681
7269 145.38 -0.06307228121925705
7270 145.4 -0.06195811208530544
7271 145.42 -0.06081479805524218
7272 145.44 -0.05967001026048568
7273 145.46 -0.05851657615363227
7274 145.48 -0.0573575658657018
7275 145.5 -0.05618946125991193
7276 145.52 -0.05500970443659822
7277 145.54 -0.05382451030408402
7278 145.56 -0.0526440478545557
7279 145.58 -0.05147234416517797
7280 145.6 -0.05024246833830191
7281 145.62 -0.04900469495195455
7282 145.64 -0.04776344753226736
7283 145.66 -0.04654210754211613
7284 145.68 -0.04531147092586344
7285 145.7 -0.0440719533931785
7286 145.72 -0.0428280930787928
7287 145.74 -0.04158205067665749
7288 145.76 -0.04033541160966048
7289 145.78 -0.0390865095350462
7290 145.8 -0.03783555407779604
7291 145.82 -0.03658321865173694
7292 145.84 -0.03533377971415311
7293 145.86 -0.03408665007799903
7294 145.88 -0.03284124836145013
7295 145.9 -0.03159649160369028
7296 145.92 -0.03035589579471975
7297 145.94 -0.02912171469459752
7298 145.96 -0.02789304122635126
7299 145.98 -0.02667101602779565
7300 146 -0.02545406972258905
7301 146.02 -0.02424062424763938
7302 146.04 -0.02303088043233457
7303 146.06 -0.02182551070830503
7304 146.08 -0.02062740113875857
7305 146.1 -0.01943586472479833
7306 146.12 -0.01825861449403697
7307 146.14 -0.01708758473502801
7308 146.16 -0.01592158296207437
7309 146.18 -0.01476098387841921
7310 146.2 -0.01360478220672297
7311 146.22 -0.01245388129080798
7312 146.24 -0.01130325296438326
7313 146.26 -0.01015327953584582
7314 146.28 -0.009007780345864233
7315 146.3 -0.007864780183711239
7316 146.32 -0.006726398040477873
7317 146.34 -0.005597949333522069
7318 146.36 -0.004476458111619458
7319 146.38 -0.003360666187977626
7320 146.4 -0.002223302754391276
7321 146.42 -0.001079699290096543
7322 146.44 6.385801862305142e-05
7323 146.46 0.001206344439098455
7324 146.48 0.002350507146244392
7325 146.5 0.003496731917725334
7326 146.52 0.004641211633539003
7327 146.54 0.005784907980431162
7328 146.56 0.006938746240421552
7329 146.58 0.008092478408225254
7330 146.6 0.009242399826185233
7331 146.62 0.01039117249755926
7332 146.64 0.01154076811588305
7333 146.66 0.01269274918184104
7334 146.68 0.01384483792213637
7335 146.7 0.01499812861638404
7336 146.72 0.01615362550888473
7337 146.74 0.01730910470075109
7338 146.76 0.01846701895950852
7339 146.78 0.01962477729492972
7340 146.8 0.02078471304236908
7341 146.82 0.0219489513335939
7342 146.84 0.02311760985145989
7343 146.86 0.02429090090293728
7344 146.88 0.02548632852198207
7345 146.9 0.02669744100699247
7346 146.92 0.02790996376469771
7347 146.94 0.02912239699080654
7348 146.96 0.03034137840824296
7349 146.98 0.03157623738709749
7350 147 0.03276465018100679
7351 147.02 0.03395362933925206
7352 147.04 0.03514584555071951
7353 147.06 0.03635335325130618
7354 147.08 0.03756503487391087
7355 147.1 0.03877951091390318
7356 147.12 0.03999523965740988
7357 147.14 0.04121580503171193
7358 147.16 0.04243093370095018
7359 147.18 0.04364902337044008
7360 147.2 0.04486589478205242
7361 147.22 0.04607842345847408
7362 147.24 0.04728586020777274
7363 147.26 0.04846687530344231
7364 147.28 0.04965645220374661
7365 147.3 0.0508540409484597
7366 147.32 0.05205381709196805
7367 147.34 0.05324547494629692
7368 147.36 0.05441401774962643
7369 147.38 0.05557879198488436
7370 147.4 0.05674625163002243
7371 147.42 0.0579090772830361
7372 147.44 0.05906498509345051
7373 147.46 0.06020245479744697
7374 147.48 0.06132024370685674
7375 147.5 0.06244492802457099
7376 147.52 0.0635558503098998
7377 147.54 0.06465247275106779
7378 147.56 0.06572701453916945
7379 147.58 0.06676995469733517
7380 147.6 0.06781184689206118
7381 147.62 0.06883683003174269
7382 147.64 0.06984407707181294
7383 147.66 0.07083133218737635
7384 147.68 0.07178682265682777
7385 147.7 0.07274078990866943
7386 147.72 0.07367370710920357
7387 147.74 0.0745850217733444
7388 147.76 0.07546204629958746
7389 147.78 0.07630658988678866
7390 147.8 0.07713502848091314
7391 147.82 0.07793585877059866
7392 147.84 0.07870702368459664
7393 147.86 0.07943524784387053
7394 147.88 0.08013873411031201
7395 147.9 0.08081727409951989
7396 147.92 0.08147467564059868
7397 147.94 0.0821040221334717
7398 147.96 0.08268713337833285
7399 147.98 0.08325427302497149
7400 148 0.08378962717249699
7401 148.02 0.08429218766985351
7402 148.04 0.08475032566410198
7403 148.06 0.0851708476423014
7404 148.08 0.08556398456374296
7405 148.1 0.08591965656998074
7406 148.12 0.08624101083216731
7407 148.14 0.08654500512377487
7408 148.16 0.08678121404700095
7409 148.18 0.08697925159939342
7410 148.2 0.08714377923851754
7411 148.22 0.08727146221512098
7412 148.24 0.08736891062770744
7413 148.26 0.0874322899551266
7414 148.28 0.08745739054088161
7415 148.3 0.08743682904166997
7416 148.32 0.0873632366447569
7417 148.34 0.08726549128935733
7418 148.36 0.08713289933610097
7419 148.38 0.08695910860273959
7420 148.4 0.08673529656646722
7421 148.42 0.0864969004302593
7422 148.44 0.0862192292981344
7423 148.46 0.08593273574232495
7424 148.48 0.08560759858606198
7425 148.5 0.08524815295001617
7426 148.52 0.08486016459762298
7427 148.54 0.08443866139998253
7428 148.56 0.08398102703785401
7429 148.58 0.0834800202791095
7430 148.6 0.08295916503634572
7431 148.62 0.08240897319255398
7432 148.64 0.08183099566758983
7433 148.66 0.08120933558886646
7434 148.68 0.08057422220400388
7435 148.7 0.07990358954280866
7436 148.72 0.07920763149712889
7437 148.74 0.07846639359934027
7438 148.76 0.07771164333484755
7439 148.78 0.0769220514805964
7440 148.8 0.07610442759534471
7441 148.82 0.075264959166253
7442 148.84 0.07440441735864436
7443 148.86 0.07353215011704524
7444 148.88 0.07262923896352669
7445 148.9 0.07170759764840769
7446 148.92 0.07074552208641806
7447 148.94 0.06977314565074619
7448 148.96 0.0687914245410301
7449 148.98 0.06779919878328901
7450 149 0.06679311458187925
7451 149.02 0.0657823954890719
7452 149.04 0.06473717569773607
7453 149.06 0.06367516034298622
7454 149.08 0.06259530319724435
7455 149.1 0.06145352262325147
7456 149.12 0.06031231424084438
7457 149.14 0.05916352341395867
7458 149.16 0.05800774876082368
7459 149.18 0.05684584537786771
7460 149.2 0.0556732397352306
7461 149.22 0.05449170971159553
7462 149.24 0.05330187645543335
7463 149.26 0.05213136188183856
7464 149.28 0.05095798177179404
7465 149.3 0.04970426132481329
7466 149.32 0.04846355953054089
7467 149.34 0.04723229477588081
7468 149.36 0.04600775294200297
7469 149.38 0.04477382857410295
7470 149.4 0.04353234211805729
7471 149.42 0.04228794861356321
7472 149.44 0.04104152855943397
7473 149.46 0.03979457311495364
7474 149.48 0.0385458251656288
7475 149.5 0.03729355665238838
7476 149.52 0.03604335817764515
7477 149.54 0.0347953802061147
7478 149.56 0.03354968026768983
7479 149.58 0.03230465153890305
7480 149.6 0.03106184435057843
7481 149.62 0.0298241447339795
7482 149.64 0.0285927543152551
7483 149.66 0.02736723554847374
7484 149.68 0.02614831622616911
7485 149.7 0.02493355851657691
7486 149.72 0.02372126347647514
7487 149.74 0.02251453146586031
7488 149.76 0.02131276831175457
7489 149.78 0.02011711312322409
7490 149.8 0.01893225415450867
7491 149.82 0.0177589901476401
7492 149.84 0.01659037666646196
7493 149.86 0.01542726935068304
7494 149.88 0.01426881418440914
7495 149.9 0.0131149594493958
7496 149.92 0.01196618966742613
7497 149.94 0.01081552866775949
7498 149.96 0.009668013031239049
7499 149.98 0.008523119778055404
7500 150 0.007382606846518367
7501 150.02 0.006248454467369211
7502 150.04 0.00512386494471054
7503 150.06 0.004005396551406629
7504 150.08 0.002881074552904862
7505 150.1 0.001741395802131103
7506 150.12 0.0005973558117952507
7507 150.14 -0.0005461236971901588
7508 150.16 -0.001688128044261721
7509 150.18 -0.00283345297633077
7510 150.2 -0.003979027338323771
7511 150.22 -0.005122915466941401
7512 150.24 -0.006270253377922834
7513 150.26 -0.007423921877909071
7514 150.28 -0.008576459680387729
7515 150.3 -0.009725622238157618
7516 150.32 -0.01087505305549524
7517 150.34 -0.01202477794917954
7518 150.36 -0.01317759347475389
7519 150.38 -0.01432943118621109
7520 150.4 -0.01548447744414104
7521 150.42 -0.01663947073248801
7522 150.44 -0.01779623704238529
7523 150.46 -0.018953993990013
7524 150.48 -0.02011318077126577
7525 150.5 -0.02127426037545761
7526 150.52 -0.02244084299786354
7527 150.54 -0.02361157831609483
7528 150.56 -0.02478868118794288
7529 150.58 -0.02599634255114359
7530 150.6 -0.02720795681002164
7531 150.62 -0.02842041700743826
7532 150.64 -0.02963452962430804
7533 150.66 -0.03085692335249506
7534 150.68 -0.03207576223283849
7535 150.7 -0.033265621862996
7536 150.72 -0.03445545828855875
7537 150.74 -0.03565481674207541
7538 150.76 -0.03686433878212997
7539 150.78 -0.03807819207255071
7540 150.8 -0.03929271015056557
7541 150.82 -0.0405074734892518
7542 150.84 -0.04172695844228232
7543 150.86 -0.04294457115269624
7544 150.88 -0.04416238694658685
7545 150.9 -0.0453778690379503
7546 150.92 -0.0465898511873491
7547 150.94 -0.04778418954519863
7548 150.96 -0.04897024084507332
7549 150.98 -0.05016179695782298
7550 151 -0.05136221929404389
7551 151.02 -0.05255854519600051
7552 151.04 -0.05374607728289814
7553 151.06 -0.05490449588239185
7554 151.08 -0.0560726827937502
7555 151.1 -0.0572383774176007
7556 151.12 -0.05839865864229557
7557 151.14 -0.05955382921443044
7558 151.16 -0.06067579517160554
7559 151.18 -0.0617991581588918
7560 151.2 -0.06291636474532283
7561 151.22 -0.06402252634697403
7562 151.24 -0.06511209452267992
7563 151.26 -0.06616939092387453
7564 151.28 -0.06721456670401352
7565 151.3 -0.06824845793379992
7566 151.32 -0.06926712967779905
7567 151.34 -0.07026472033285949
7568 151.36 -0.07123671475899443
7569 151.38 -0.07219404276506862
7570 151.4 -0.0731380193649985
7571 151.42 -0.0740625566569202
7572 151.44 -0.07496261462407466
7573 151.46 -0.07581941672095226
7574 151.48 -0.07666026339695774
7575 151.5 -0.07747878944009669
7576 151.52 -0.07826678137156691
7577 151.54 -0.0790254497059375
7578 151.56 -0.07973403298695028
7579 151.58 -0.08043145481570689
7580 151.6 -0.08109867955513367
7581 151.62 -0.08174469080349453
7582 151.64 -0.08235285138867911
7583 151.66 -0.08292970826033379
7584 151.68 -0.08348324675859534
7585 151.7 -0.084005485103957
7586 151.72 -0.08449334090277105
7587 151.74 -0.08492780622936831
7588 151.76 -0.08534140896751459
7589 151.78 -0.08571903350256259
7590 151.8 -0.08606085520835756
7591 151.82 -0.0863604240706709
7592 151.84 -0.08665117365224424
7593 151.86 -0.08687243796726057
7594 151.88 -0.08705581620795119
7595 151.9 -0.08720922958880097
7596 151.92 -0.08731510412509623
7597 151.94 -0.0874013092203164
7598 151.96 -0.08745021391549886
7599 151.98 -0.08745625520018538
7600 152 -0.08741199590268313
7601 152.02 -0.08733087051074837
7602 152.04 -0.08721745647195471
7603 152.06 -0.08706711905632311
7604 152.08 -0.08687899411990765
7605 152.1 -0.08664292809850933
7606 152.12 -0.08638767858974485
7607 152.14 -0.08610273306898079
7608 152.16 -0.08580646607032814
7609 152.18 -0.08545976915663346
7610 152.2 -0.08509332665184847
7611 152.22 -0.08469104002255147
7612 152.24 -0.08425714013702885
7613 152.26 -0.08377681070586283
7614 152.28 -0.08327106544983508
7615 152.3 -0.08273879663484385
7616 152.32 -0.08217627358174359
7617 152.34 -0.08157946503513751
7618 152.36 -0.08095156725769247
7619 152.38 -0.0803012326389894
7620 152.4 -0.07962103779575157
7621 152.42 -0.07891054787582538
7622 152.44 -0.07815572989346077
7623 152.46 -0.07739673773204271
7624 152.48 -0.07658392948190314
7625 152.5 -0.07576381068182735
7626 152.52 -0.07490715594938263
7627 152.54 -0.07404892237029337
7628 152.56 -0.07316366649831177
7629 152.58 -0.0722522346606905
7630 152.6 -0.07131270495649537
7631 152.62 -0.07034720786669131
7632 152.64 -0.06936767659083598
7633 152.66 -0.06838612131031732
7634 152.68 -0.06738570730521805
7635 152.7 -0.06637793957498206
7636 152.72 -0.06535433919530391
7637 152.74 -0.06430265240631867
7638 152.76 -0.06323209622744017
7639 152.78 -0.06212885638306867
7640 152.8 -0.06098518323164547
7641 152.82 -0.05984226061081428
7642 152.84 -0.05869066956818862
7643 152.86 -0.05753284662756723
7644 152.88 -0.05636649208858664
7645 152.9 -0.05518854275556963
7646 152.92 -0.05400446248889006
7647 152.94 -0.05282120881198732
7648 152.96 -0.05165025552939413
7649 152.98 -0.05043084737810938
7650 153 -0.04919490170573058
7651 153.02 -0.04795288361914199
7652 153.04 -0.04673052018629188
7653 153.06 -0.04550175198827613
7654 153.08 -0.04426386969662811
7655 153.1 -0.04302074855294946
7656 153.12 -0.04177509963028404
7657 153.14 -0.04052930667015518
7658 153.16 -0.0392811752190717
7659 153.18 -0.0380310975492686
7660 153.2 -0.0367787775038862
7661 153.22 -0.0355294655508069
7662 153.24 -0.03428217795398846
7663 153.26 -0.0330366948905032
7664 153.28 -0.0317920446035739
7665 153.3 -0.03055088260944483
7666 153.32 -0.02931584311102021
7667 153.34 -0.0280869792197102
7668 153.36 -0.02686392546905035
7669 153.38 -0.02564674381949711
7670 153.4 -0.02443330503953392
7671 153.42 -0.02322260181773977
7672 153.44 -0.02201690312655209
7673 153.46 -0.0208180675269039
7674 153.48 -0.01962498699199999
7675 153.5 -0.01844611588802161
7676 153.52 -0.01727483094998271
7677 153.54 -0.01610813440302578
7678 153.56 -0.0149469403657121
7679 153.58 -0.01379050072747829
7680 153.6 -0.01263888009350446
7681 153.62 -0.01148904947538055
7682 153.64 -0.01033842048652665
7683 153.66 -0.009192993504668501
7684 153.68 -0.008049382245314025
7685 153.7 -0.006910008073595698
7686 153.72 -0.005780633773804457
7687 153.74 -0.004658279364252638
7688 153.76 -0.00354216163579511
7689 153.78 -0.002408210918508041
7690 153.8 -0.001265627350986516
7691 153.82 -0.0001218889525748551
7692 153.84 0.001020851197917769
7693 153.86 0.00216413780726111
7694 153.88 0.003310084921580318
7695 153.9 0.004454421762170837
7696 153.92 0.005598036379746887
7697 153.94 0.006750109906923263
7698 153.96 0.007904035697903575
7699 153.98 0.009054391316966153
7700 154 0.01020293410518931
7701 154.02 0.01135249554804698
7702 154.04 0.01250377091158724
7703 154.06 0.01365614093830567
7704 154.08 0.01480879111676927
7705 154.1 0.01596415595608415
7706 154.12 0.01711926382048843
7707 154.14 0.01827695470041572
7708 154.16 0.0194342189783772
7709 154.18 0.02059389843291241
7710 154.2 0.02175733199678992
7711 154.22 0.02292502423826854
7712 154.24 0.02409734382607861
7713 154.26 0.02528827309316136
7714 154.28 0.02649862018789592
7715 154.3 0.02771078202578022
7716 154.32 0.02892328951889876
7717 154.34 0.03014042169239201
7718 154.36 0.031379580760356
7719 154.38 0.03256773825566246
7720 154.4 0.03375626810946531
7721 154.42 0.03494801122391641
7722 154.44 0.03615288686357944
7723 154.46 0.03736388355495521
7724 154.48 0.03857802354920187
7725 154.5 0.03979324483641359
7726 154.52 0.04101486746383268
7727 154.54 0.04222855816611738
7728 154.56 0.04344652547381784
7729 154.58 0.0446636185673651
7730 154.6 0.04587689706480454
7731 154.62 0.04708810939187247
7732 154.64 0.04826788003247954
7733 154.66 0.0494576167031327
7734 154.68 0.05065330529016761
7735 154.7 0.05185338334711227
7736 154.72 0.05304706851736975
7737 154.74 0.05421894885706924
7738 154.76 0.05538174742590215
7739 154.78 0.0565486421711278
7740 154.8 0.05771460669678589
7741 154.82 0.05887064658079985
7742 154.84 0.06001425967899286
7743 154.86 0.06113114362821071
7744 154.88 0.06225545236961839
7745 154.9 0.06336778557651503
7746 154.92 0.06446743269032275
7747 154.94 0.06554816966974836
7748 154.96 0.06659121027332245
7749 154.98 0.06763469154610806
7750 155 0.06866155158502937
7751 155.02 0.06967238000060082
7752 155.04 0.07066397539012097
7753 155.06 0.07162065331963198
7754 155.08 0.07257665188251816
7755 155.1 0.07351246395866493
7756 155.12 0.07442716442646657
7757 155.14 0.07531199972411406
7758 155.16 0.07615724648876902
7759 155.18 0.07699003818748373
7760 155.2 0.07779517921907964
7761 155.22 0.07857073182189943
7762 155.24 0.07930736299352785
7763 155.26 0.08001186444619277
7764 155.28 0.08069661202464634
7765 155.3 0.08135564732320662
7766 155.32 0.08198874305658363
7767 155.34 0.0825783762974672
7768 155.36 0.08314916783334877
7769 155.38 0.08368918992513447
7770 155.4 0.08419696088313396
7771 155.42 0.08466441188610618
7772 155.44 0.08508712929334689
7773 155.46 0.08548594030502582
7774 155.48 0.08584721876592176
7775 155.5 0.08617458832818951
7776 155.52 0.08644986618943869
7777 155.54 0.08672927984486768
7778 155.56 0.08693478417164718
7779 155.58 0.0871035758834406
7780 155.6 0.08724048585539937
7781 155.62 0.08733633339570793
7782 155.64 0.08741133792884027
7783 155.66 0.0874389179790309
7784 155.68 0.08742720315422535
7785 155.7 0.08735854877949473
7786 155.72 0.08726685605081422
7787 155.74 0.08713873494802324
7788 155.76 0.08697183937511876
7789 155.78 0.08675935662161045
7790 155.8 0.08651807874518792
7791 155.82 0.08624913422039214
7792 155.84 0.08596342145134157
7793 155.86 0.08564731981477058
7794 155.88 0.08528913732613583
7795 155.9 0.08490754222593734
7796 155.92 0.08449093030781241
7797 155.94 0.08404206282760061
7798 155.96 0.08354294675066772
7799 155.98 0.08302697432634676
7800 156 0.08248145402441338
7801 156.02 0.08190795513521387
7802 156.04 0.08129147073302286
7803 156.06 0.08065987088502338
7804 156.08 0.07999475126668237
7805 156.1 0.07930270930125641
7806 156.12 0.0785702808134985
7807 156.14 0.07781536940185056
7808 156.16 0.07704350087100305
7809 156.18 0.07621674999836978
7810 156.2 0.07538555198095169
7811 156.22 0.07452260951044926
7812 156.24 0.07365430428825007
7813 156.26 0.07275550462200688
7814 156.28 0.07183897052933835
7815 156.3 0.07088057215710859
7816 156.32 0.06991205078873761
7817 156.34 0.06893078621199923
7818 156.36 0.06794133757044393
7819 156.38 0.06693597191238154
7820 156.4 0.06593012589049499
7821 156.42 0.06488765545473345
7822 156.44 0.06382906832237582
7823 156.46 0.06275870601869465
7824 156.48 0.06161979092690997
7825 156.5 0.06047765960851364
7826 156.52 0.0593309103615267
7827 156.54 0.0581767705282962
7828 156.56 0.05701578737514487
7829 156.58 0.05584513752671295
7830 156.6 0.05466470093744422
7831 156.62 0.05347729989644397
7832 156.64 0.05230287182290369
7833 156.66 0.05113046798013111
7834 156.68 0.04988690868170584
7835 156.7 0.04864749434530485
7836 156.72 0.04741272959904105
7837 156.74 0.04618973758594407
7838 156.76 0.0449575847565283
7839 156.78 0.04371717676400586
7840 156.8 0.04247332362445101
7841 156.82 0.0412273826132984
7842 156.84 0.03998112021549962
7843 156.86 0.03873282232712243
7844 156.88 0.0374813859107128
7845 156.9 0.03623082741336239
7846 156.92 0.03498252712893404
7847 156.94 0.03373705169042093
7848 156.96 0.03249174649688648
7849 156.98 0.03124901601723763
7850 157 0.03001070505556532
7851 157.02 0.02877866467333627
7852 157.04 0.02755227010507643
7853 157.06 0.02633257747541494
7854 157.08 0.02511735722524636
7855 157.1 0.02390520560352159
7856 157.12 0.02269789068468567
7857 157.14 0.02149540910436985
7858 157.16 0.0202985564062788
7859 157.18 0.01911187482102456
7860 157.2 0.017937702865742
7861 157.22 0.01676861650289841
7862 157.24 0.01560494627315997
7863 157.26 0.01444617051387727
7864 157.28 0.01329153456109317
7865 157.3 0.01214259554647112
7866 157.32 0.01099228400163453
7867 157.34 0.009844042340727584
7868 157.36 0.008698882662145881
7869 157.38 0.00755789432932823
7870 157.4 0.006422482656864426
7871 157.42 0.005296807639120639
7872 157.44 0.004177566611215836
7873 157.46 0.003056051096955711
7874 157.48 0.001917558769547922
7875 157.5 0.0007735592581425421
7876 157.52 -0.00036982795883628
7877 157.54 -0.001511947961630773
7878 157.56 -0.002656814693407976
7879 157.58 -0.003802256190592279
7880 157.6 -0.004946515869521192
7881 157.62 -0.006092123142640321
7882 157.64 -0.007245703764200605
7883 157.66 -0.008398858039691107
7884 157.68 -0.009548123961281853
7885 157.7 -0.01069717650776874
7886 157.72 -0.01184673262056063
7887 157.74 -0.01299956512808949
7888 157.76 -0.01415117551685567
7889 157.78 -0.01530554014573503
7890 157.8 -0.01646055501395189
7891 157.82 -0.01761709750520277
7892 157.84 -0.01877485652601802
7893 157.86 -0.01993353193976882
7894 157.88 -0.02109392431508088
7895 157.9 -0.02225971113044648
7896 157.92 -0.02342959117002134
7897 157.94 -0.02460556210909968
7898 157.96 -0.02580920185093877
7899 157.98 -0.02702025377402474
7900 158 -0.02823240010166671
7901 158.02 -0.02944592797416644
7902 158.04 -0.03066718752387764
7903 158.06 -0.03189083832384226
7904 158.08 -0.0330805198485224
7905 158.1 -0.03426986132606271
7906 158.12 -0.03546650759084664
7907 158.14 -0.03667552043987072
7908 158.16 -0.03788869541514768
7909 158.18 -0.03910319500805187
7910 158.2 -0.04031690868532926
7911 158.22 -0.04153699096962296
7912 158.24 -0.04275424423218868
7913 158.26 -0.04397177486474032
7914 158.28 -0.04518824679764971
7915 158.3 -0.0464001264125463
7916 158.32 -0.04759953925340438
7917 158.34 -0.04878400149968477
7918 158.36 -0.04997399742040384
7919 158.38 -0.05117405753595455
7920 158.4 -0.05237060394746982
7921 158.42 -0.05356117640228073
7922 158.44 -0.05472052587388396
7923 158.46 -0.05588783927489625
7924 158.48 -0.05705425623134793
7925 158.5 -0.05821602515804489
7926 158.52 -0.05937182229723634
7927 158.54 -0.06049936746644333
7928 158.56 -0.06162082316867685
7929 158.58 -0.06273962042579351
7930 158.6 -0.06384805764246279
7931 158.62 -0.06494000613978329
7932 158.64 -0.06600337137619745
7933 158.66 -0.06704790952476812
7934 158.68 -0.06808469158962918
7935 158.7 -0.06910513267771125
7936 158.72 -0.07010603015255422
7937 158.74 -0.07108342825850297
7938 158.76 -0.0720398964145018
7939 158.78 -0.07298683782060396
7940 158.8 -0.073914494885717
7941 158.82 -0.07481809408641858
7942 158.84 -0.07568239278907282
7943 158.86 -0.07652418269795487
7944 158.88 -0.07734634357112938
7945 158.9 -0.07813898286805412
7946 158.92 -0.07890237281859787
7947 158.94 -0.07961718543131899
7948 158.96 -0.08031629627509855
7949 158.98 -0.08098745657593708
7950 159 -0.08163746361636251
7951 159.02 -0.08225311730058001
7952 159.04 -0.08283121306112863
7953 159.06 -0.08339032452806022
7954 159.08 -0.08391717267062726
7955 159.1 -0.0844097778522936
7956 159.12 -0.0848532941635084
7957 159.14 -0.08526903433108896
7958 159.16 -0.0856521819104748
7959 159.18 -0.08599971975602709
7960 159.2 -0.08630800430677509
7961 159.22 -0.08660300324112094
7962 159.24 -0.08682948134333156
7963 159.26 -0.08701799933061855
7964 159.28 -0.08717506831025487
7965 159.3 -0.08728741768080314
7966 159.32 -0.08737771428662205
7967 159.34 -0.087433344724375
7968 159.36 -0.08744558397600848
7969 159.38 -0.08741083725109122
7970 159.4 -0.08733244962992202
7971 159.42 -0.08722444936944869
7972 159.44 -0.0870793364854737
7973 159.46 -0.08689950731379169
7974 159.48 -0.08666630436043761
7975 159.5 -0.0864158814700958
7976 159.52 -0.0861326380829753
7977 159.54 -0.08584165039817789
7978 159.56 -0.08550151686213617
7979 159.58 -0.0851382590301326
7980 159.6 -0.08474220523750627
7981 159.62 -0.08431262698585461
7982 159.64 -0.08384107261036067
7983 159.66 -0.08333621713847469
7984 159.68 -0.08280855769776749
7985 159.7 -0.08225007021936019
7986 159.72 -0.08166277949107482
7987 159.74 -0.08103506126444328
7988 159.76 -0.08038966055490801
7989 159.78 -0.07971298038967745
7990 159.8 -0.07901134645531824
7991 159.82 -0.0782555839070706
7992 159.84 -0.07750058274947579
7993 159.86 -0.07669280470873426
7994 159.88 -0.07587648818527527
7995 159.9 -0.07502475818379614
7996 159.92 -0.07416731345222803
7997 159.94 -0.0732873526894255
7998 159.96 -0.07237910332536225
7999 159.98 -0.07144577706538277
8000 160 -0.07048111746976132
8001 160.02 -0.06950453817535912
8002 160.04 -0.0685231396884404
8003 160.06 -0.06752560901453693
8004 160.08 -0.06651833270280871
8005 160.1 -0.06549929158604657
8006 160.12 -0.06445063805952247
8007 160.14 -0.06338316300799818
8008 160.16 -0.06228897385513118
8009 160.18 -0.0611448462949729
8010 160.2 -0.06000341928395517
8011 160.22 -0.05885319909248208
8012 160.24 -0.0576946501499135
8013 160.26 -0.05653155550524694
8014 160.28 -0.05535560749316505
8015 160.3 -0.05417232323168209
8016 160.32 -0.05298649367968523
8017 160.34 -0.05181591222011197
8018 160.36 -0.05060636199994268
8019 160.38 -0.04937104540768673
8020 160.4 -0.04813013815678262
8021 160.42 -0.0469046040272587
8022 160.44 -0.0456771977327778
8023 160.46 -0.04444059452494176
8024 160.48 -0.04319831755891276
8025 160.5 -0.04195288144919551
8026 160.52 -0.04070745726607299
8027 160.54 -0.03945970900583375
8028 160.56 -0.03820998365114497
8029 160.58 -0.03695785096001857
8030 160.6 -0.03570852452596524
8031 160.62 -0.03446062812223417
8032 160.64 -0.03321531028241552
8033 160.66 -0.03197072792218124
8034 160.68 -0.03072870738490191
8035 160.7 -0.02949293289529214
8036 160.72 -0.02826308736909101
8037 160.74 -0.02703937790358387
8038 160.76 -0.02582161046822823
8039 160.78 -0.02460800289358914
8040 160.8 -0.02339614257199503
8041 160.82 -0.02219027290911266
8042 160.84 -0.0209907730015797
8043 160.86 -0.01979653282223836
8044 160.88 -0.01861578563647093
8045 160.9 -0.01744407115501225
8046 160.92 -0.01627639003467897
8047 160.94 -0.01511456910385032
8048 160.96 -0.01395757328436746
8049 160.98 -0.01280535403710167
8050 161 -0.01165614167126448
8051 161.02 -0.01050477139789858
8052 161.04 -0.009359245572481875
8053 161.06 -0.008214934347304264
8054 161.08 -0.007074703989436009
8055 161.1 -0.005944170350788105
8056 161.12 -0.004821114252126716
8057 161.14 -0.003704160804361633
8058 161.16 -0.002573497699479471
8059 161.18 -0.00143188256944018
8060 161.2 -0.0002879791558725014
8061 161.22 0.000854783793961973
8062 161.24 0.001997627594748143
8063 161.26 0.003143437080053618
8064 161.28 0.004288136915502728
8065 161.3 0.005431751853573757
8066 161.32 0.006582047782422365
8067 161.34 0.007736120783297665
8068 161.36 0.008886979358533352
8069 161.38 0.01003538392760478
8070 161.4 0.01118505139086231
8071 161.42 0.01233565467992393
8072 161.44 0.01348809802718891
8073 161.46 0.01464052158760556
8074 161.48 0.01579584104943822
8075 161.5 0.01695049370178516
8076 161.52 0.01810795501225441
8077 161.54 0.01926512833736719
8078 161.56 0.02042453071044583
8079 161.58 0.02158707200106551
8080 161.6 0.02275413441789185
8081 161.62 0.02392540547914239
8082 161.64 0.02511211140008121
8083 161.66 0.02632173237489253
8084 161.68 0.02753372396245054
8085 161.7 0.02874630964152141
8086 161.72 0.02996174923139707
8087 161.74 0.03120543538918186
8088 161.76 0.03239344337842748
8089 161.78 0.03358170754098343
8090 161.8 0.03477299373387922
8091 161.82 0.03597543803239379
8092 161.84 0.03718564788386705
8093 161.86 0.03839966906401568
8094 161.88 0.03961457591527066
8095 161.9 0.04083395252907034
8096 161.92 0.04204965595927286
8097 161.94 0.04326753722232087
8098 161.96 0.04448484646821631
8099 161.98 0.04569872117866876
8100 162 0.04690972538795079
8101 162.02 0.04809343168797185
8102 162.04 0.04928227961077591
8103 162.06 0.05047626213863438
8104 162.08 0.05167642165787772
8105 162.1 0.0528700919191689
8106 162.12 0.05404801798217213
8107 162.14 0.05520903201292703
8108 162.16 0.05637645567249455
8109 162.18 0.0575424797769874
8110 162.2 0.05869964406864942
8111 162.22 0.05984807065985598
8112 162.24 0.06096510516916009
8113 162.26 0.06208736102668267
8114 162.28 0.06320282385497772
8115 162.3 0.06430415628763046
8116 162.32 0.06539003740490154
8117 162.34 0.06643443672906599
8118 162.36 0.06747986507957469
8119 162.38 0.06850886018955867
8120 162.4 0.06952249596578196
8121 162.42 0.07051643438734971
8122 162.44 0.0714757704790694
8123 162.46 0.07243388700658417
8124 162.48 0.07337158151423626
8125 162.5 0.07428983758511146
8126 162.52 0.07518185972617053
8127 162.54 0.07602861070623713
8128 162.56 0.07686461955209033
8129 162.58 0.07767410436110093
8130 162.6 0.07845378462464359
8131 162.62 0.07919734839005388
8132 162.64 0.07990362772904243
8133 162.66 0.08059238851979909
8134 162.68 0.08125507672751274
8135 162.7 0.0818922767748578
8136 162.72 0.0824882560364046
8137 162.74 0.08306098136030202
8138 162.76 0.08360557970977361
8139 162.78 0.0841182467731706
8140 162.8 0.08459365836609276
8141 162.82 0.08501857391722886
8142 162.84 0.08542260285075465
8143 162.86 0.08578945492507442
8144 162.88 0.08612141752646263
8145 162.9 0.08640499368411433
8146 162.92 0.08668847811323524
8147 162.94 0.08689943275731384
8148 162.96 0.08707353153593267
8149 162.98 0.08721528951049905
8150 163 0.08731564559763491
8151 163.02 0.08739218146517233
8152 163.04 0.08742973741843692
8153 163.06 0.08742084107066282
8154 163.08 0.08736126716197437
8155 163.1 0.08727459163000956
8156 163.12 0.08714952186666038
8157 163.14 0.086992948495483
8158 163.16 0.08678306868397717
8159 163.18 0.08654453125816493
8160 163.2 0.08628081460344858
8161 163.22 0.08599592347315717
8162 163.24 0.08568844003551196
8163 163.26 0.08533202355581848
8164 163.28 0.0849559239212474
8165 163.3 0.084543273909494
8166 163.32 0.08410008846018166
8167 163.34 0.08360474011432502
8168 163.36 0.08309360583147349
8169 163.38 0.08255215037589878
8170 163.4 0.0819826009487449
8171 163.42 0.08137182934329065
8172 163.44 0.08074236258277476
8173 163.46 0.0800824878977691
8174 163.48 0.07939385631848216
8175 163.5 0.07866916976348817
8176 163.52 0.07791399509904653
8177 163.54 0.07714666043492055
8178 163.56 0.07632406718326872
8179 163.58 0.07549668230669838
8180 163.6 0.07463577941308706
8181 163.62 0.07377049282288817
8182 163.64 0.07287604802100266
8183 163.66 0.0719615936978352
8184 163.68 0.07100823571407922
8185 163.7 0.07004269798342944
8186 163.72 0.0690619192575113
8187 163.74 0.06807482063486746
8188 163.76 0.0670699042882846
8189 163.78 0.06606704327467799
8190 163.8 0.06502863698827621
8191 163.82 0.06397282296089235
8192 163.84 0.06289650619518108
8193 163.86 0.06177534806776578
8194 163.88 0.06063357656871665
8195 163.9 0.0594873679544776
8196 163.92 0.05833452019936219
8197 163.94 0.05717462449986837
8198 163.96 0.05600554739868672
8199 163.98 0.05482575689278087
8200 164 0.05364049989982609
8201 164.02 0.05246231054455242
8202 164.04 0.05129038581183876
8203 164.06 0.05005532293548431
8204 164.08 0.04881772991072798
8205 164.1 0.04757918534804757
8206 164.12 0.04635780075193549
8207 164.14 0.04512682308917084
8208 164.16 0.04388719779368657
8209 164.18 0.04264395776458454
8210 164.2 0.04139841330044364
8211 164.22 0.04015210280628953
8212 164.24 0.03890397736358366
8213 164.26 0.03765320570206602
8214 164.28 0.03640231490360638
8215 164.3 0.03515356783758454
8216 164.32 0.03390806451324493
8217 164.34 0.032662805604359
8218 164.36 0.03141958323437277
8219 164.38 0.03018070576403475
8220 164.4 0.02894783590268023
8221 164.42 0.02772061701534866
8222 164.44 0.02650003478219996
8223 164.46 0.02528446752080309
8224 164.48 0.02407217398438253
8225 164.5 0.02286421438711273
8226 164.52 0.02166045161308768
8227 164.54 0.02046320940987796
8228 164.56 0.01927492441994074
8229 164.58 0.01809969440717569
8230 164.6 0.01692988075940281
8231 164.62 0.0157656075179072
8232 164.64 0.01460634913198697
8233 164.66 0.01345106209731553
8234 164.68 0.0123014368169442
8235 164.7 0.01115184675089853
8236 164.72 0.01000277000912371
8237 164.74 0.008857446052168432
8238 164.76 0.007715967309716742
8239 164.78 0.006579415760778718
8240 164.8 0.005452720061217515
8241 164.82 0.004332350273136736
8242 164.84 0.003213908225634006
8243 164.86 0.002076251381283323
8244 164.88 0.0009324510701243737
8245 164.9 -0.0002108616094029401
8246 164.92 -0.001353240282574309
8247 164.94 -0.0024973004674336
8248 164.96 -0.003643155058794114
8249 164.98 -0.004787465911080801
8250 165 -0.005931704866445616
8251 165.02 -0.007085204775120661
8252 165.04 -0.008238600785713934
8253 165.06 -0.009388165906239719
8254 165.08 -0.01053709631117331
8255 165.1 -0.01168657001238961
8256 165.12 -0.01283919783778916
8257 165.14 -0.01399061349746122
8258 165.16 -0.01514434910915556
8259 165.18 -0.01629944781020197
8260 165.2 -0.01745569309854565
8261 165.22 -0.01861332521352143
8262 165.24 -0.01977156002476646
8263 165.26 -0.02093136950813376
8264 165.28 -0.0220965148992483
8265 165.3 -0.02326571926080198
8266 165.32 -0.02444045565998561
8267 165.34 -0.02564029674023963
8268 165.36 -0.02685063915088792
8269 165.38 -0.02806290764134881
8270 165.4 -0.02927610311657607
8271 165.42 -0.03049606491139036
8272 165.44 -0.03172443293711202
8273 165.46 -0.03291349249774269
8274 165.48 -0.03410265259792944
8275 165.5 -0.0352969134272995
8276 165.52 -0.03650544913509123
8277 165.54 -0.03771782019952866
8278 165.56 -0.03893234453571355
8279 165.58 -0.04014504872373657
8280 165.6 -0.04136577050229816
8281 165.62 -0.04258270043364205
8282 165.64 -0.0438002717836158
8283 165.66 -0.0450171351673987
8284 165.68 -0.04622913004519115
8285 165.7 -0.04743257918638085
8286 165.72 -0.04861582255365812
8287 165.74 -0.04980459464767359
8288 165.76 -0.05100392212229864
8289 165.78 -0.05220181593862809
8290 165.8 -0.05339299271137379
8291 165.82 -0.05455552117085045
8292 165.84 -0.05572191272348036
8293 165.86 -0.05688856220562202
8294 165.88 -0.05805138139611198
8295 165.9 -0.05920778803482388
8296 165.92 -0.06034013090511463
8297 165.94 -0.06146024257017306
8298 165.96 -0.06258054105785366
8299 165.98 -0.06369064669999948
8300 166 -0.06478462620960809
8301 166.02 -0.06585369771561912
8302 166.04 -0.06689750093283803
8303 166.06 -0.06793691167234006
8304 166.08 -0.06895949584624783
8305 166.1 -0.06996321975686536
8306 166.12 -0.07094505259669397
8307 166.14 -0.07190118789001106
8308 166.16 -0.07285099851185928
8309 166.18 -0.07378106649567905
8310 166.2 -0.07468805350898365
8311 166.22 -0.0755591909792095
8312 166.24 -0.07640188677483271
8313 166.26 -0.0772271818413816
8314 166.28 -0.07802469644556301
8315 166.3 -0.07879154893506249
8316 166.32 -0.07951248295302057
8317 166.34 -0.08021439287669642
8318 166.36 -0.08088845702985833
8319 166.38 -0.08154204149455482
8320 166.4 -0.08216482474104608
8321 166.42 -0.08274343678204109
8322 166.44 -0.08330769118766758
8323 166.46 -0.08383862098658142
8324 166.48 -0.0843366371299956
8325 166.5 -0.08478752909055497
8326 166.52 -0.08520510539413825
8327 166.54 -0.08559362764024035
8328 166.56 -0.08594666647481664
8329 166.58 -0.08626231811610041
8330 166.6 -0.08655963228103165
8331 166.62 -0.0867918232441719
8332 166.64 -0.08698572364676642
8333 166.66 -0.08714582211117919
8334 166.68 -0.08726688227234382
8335 166.7 -0.08735888926833497
8336 166.72 -0.087419862170335
8337 166.74 -0.0874384630436638
8338 166.76 -0.08741098976878772
8339 166.78 -0.08733607026591093
8340 166.8 -0.08723343099809261
8341 166.82 -0.08709315358484612
8342 166.84 -0.08691879493645714
8343 166.86 -0.0866899110852264
8344 166.88 -0.08644389725228746
8345 166.9 -0.08616436469815796
8346 166.92 -0.0858752158514052
8347 166.94 -0.08554266969018694
8348 166.96 -0.08518234370153456
8349 166.98 -0.08479099642458345
8350 167 -0.08436551181406655
8351 167.02 -0.08390191225309979
8352 167.04 -0.08339811710954917
8353 167.06 -0.08287481777554201
8354 167.08 -0.08232052877764943
8355 167.1 -0.08173957425299042
8356 167.12 -0.0811134803799055
8357 167.14 -0.08047150707144542
8358 167.16 -0.07979930603355023
8359 167.18 -0.07910114718873021
8360 167.2 -0.07835222224850026
8361 167.22 -0.07759795134494139
8362 167.24 -0.07679422851456855
8363 167.26 -0.07598297422778852
8364 167.28 -0.07513682492627634
8365 167.3 -0.07427849265658877
8366 167.32 -0.07340291720477046
8367 167.34 -0.07249739527187171
8368 167.36 -0.07157018290651339
8369 167.38 -0.07060632924845023
8370 167.4 -0.06963241970911098
8371 167.42 -0.06865127541299267
8372 167.44 -0.06765623866599828
8373 167.46 -0.06664958604151473
8374 167.48 -0.06563505227712002
8375 167.5 -0.06458856980950327
8376 167.52 -0.0635236654781345
8377 167.54 -0.06243817664766493
8378 167.56 -0.06129401903635745
8379 167.58 -0.0601535942716424
8380 167.6 -0.05900455028605767
8381 167.62 -0.05784730232018725
8382 167.64 -0.05668538258046207
8383 167.66 -0.05551099713675681
8384 167.68 -0.05432851284481328
8385 167.7 -0.05314022231706555
8386 167.72 -0.05197017824276485
8387 167.74 -0.05077024283536678
8388 167.76 -0.04953495577964816
8389 167.78 -0.04829505592337567
8390 167.8 -0.04706650127873856
8391 167.82 -0.04584060570118094
8392 167.84 -0.04460513941313329
8393 167.86 -0.04336335699166815
8394 167.88 -0.04211838292089317
8395 167.9 -0.04087296409858291
8396 167.92 -0.03962562989088726
8397 167.94 -0.03837605758056655
8398 167.96 -0.0371246562694822
8399 167.98 -0.03587461747979068
8400 168 -0.03462727546415405
8401 168.02 -0.03338150910540015
8402 168.04 -0.03213659098346051
8403 168.06 -0.03089428137410546
8404 168.08 -0.02965748671769468
8405 168.1 -0.02842698176403329
8406 168.12 -0.02720272757254128
8407 168.14 -0.02598439957003234
8408 168.16 -0.02477025293332786
8409 168.18 -0.02355777443949815
8410 168.2 -0.02235156787048614
8411 168.22 -0.02115120289313191
8412 168.24 -0.01995596537592515
8413 168.26 -0.01877327539585546
8414 168.28 -0.01760107129501248
8415 168.3 -0.01643267048146066
8416 168.32 -0.01527027465822451
8417 168.34 -0.01411278062676261
8418 168.36 -0.01295972745902479
8419 168.38 -0.01181087281181389
8420 168.4 -0.01065923256044462
8421 168.42 -0.009513062210222783
8422 168.44 -0.008368474561870582
8423 168.46 -0.007228044910163775
8424 168.48 -0.006095913922376236
8425 168.5 -0.004972056706623292
8426 168.52 -0.003854492601857573
8427 168.54 -0.002726697946693131
8428 168.56 -0.001586019932067607
8429 168.58 -0.000441896585548458
8430 168.6 0.0007009265921667164
8431 168.62 0.001843373733150974
8432 168.64 0.002988865787025612
8433 168.66 0.004133950552795002
8434 168.68 0.005277521287803958
8435 168.7 0.006426266868112325
8436 168.72 0.007580416768484014
8437 168.74 0.00873170935493189
8438 168.76 0.009880045581602199
8439 168.78 0.01102965333855435
8440 168.8 0.01217970489058064
8441 168.82 0.01333220501765536
8442 168.84 0.0144843275110314
8443 168.86 0.01563949764306515
8444 168.88 0.01679374613558399
8445 168.9 0.01795103340872773
8446 168.92 0.01910800742301571
8447 168.94 0.02026720173676853
8448 168.96 0.02142908070324727
8449 168.98 0.02259548866757976
8450 169 0.02376625382209355
8451 169.02 0.02494830282308909
8452 169.04 0.02615728672457919
8453 169.06 0.027368931293024
8454 169.08 0.02858152705425784
8455 169.1 0.0297955081185687
8456 169.12 0.03101893176217521
8457 169.14 0.03223130138128945
8458 169.16 0.03342032104367358
8459 169.18 0.0346109791854485
8460 169.2 0.03581155240687301
8461 169.22 0.03702121005839005
8462 169.24 0.03823476799375053
8463 169.26 0.03944935483079532
8464 169.28 0.04066681369025826
8465 169.3 0.04188378229676159
8466 169.32 0.04310131485877047
8467 169.34 0.04431870795362371
8468 169.36 0.04553325560669798
8469 169.38 0.04674414052478538
8470 169.4 0.04793262978925748
8471 169.42 0.04911962714668298
8472 169.44 0.05031039086414219
8473 169.46 0.05151242094370562
8474 169.48 0.05270806810974903
8475 169.5 0.05388961460045465
8476 169.52 0.05505004636783616
8477 169.54 0.05621756068087563
8478 169.56 0.05738245039694318
8479 169.58 0.05854033567387599
8480 169.6 0.05969206902712752
8481 169.62 0.06081047890898454
8482 169.64 0.0619338495902441
8483 169.66 0.06304895633193236
8484 169.68 0.06415300307796636
8485 169.7 0.06523948324713735
8486 169.72 0.06629010443995997
8487 169.74 0.06733546300103087
8488 169.76 0.06836644783569384
8489 169.78 0.06938262263672315
8490 169.8 0.07037768019467373
8491 169.82 0.07134307249562083
8492 169.84 0.072301139921524
8493 169.86 0.07324133129050046
8494 169.88 0.07416224429750906
8495 169.9 0.07505903919814194
8496 169.92 0.07590908589995875
8497 169.94 0.07674829559696157
8498 169.96 0.07756129786224532
8499 169.98 0.0783449297896253
8500 170 0.07909571745477335
8501 170.02 0.07980268006572797
8502 170.04 0.08049585873979336
8503 170.06 0.08116104692817588
8504 170.08 0.08180191866072604
8505 170.1 0.08240454998136773
8506 170.12 0.08297890785004722
8507 170.14 0.08352773029978239
8508 170.16 0.08404523534163263
8509 170.18 0.08452698969099268
8510 170.2 0.08495526287590902
8511 170.22 0.08536387621718586
8512 170.24 0.08573563824939739
8513 170.26 0.0860723065341432
8514 170.28 0.08636350083613031
8515 170.3 0.0866515153293608
8516 170.32 0.08686463663604478
8517 170.34 0.0870458277989879
8518 170.36 0.0871935729233564
8519 170.38 0.08729653934990168
8520 170.4 0.08737659708771126
8521 170.42 0.08741885872064029
8522 170.44 0.08741871828178616
8523 170.46 0.0873643226720579
8524 170.48 0.08728004505373074
8525 170.5 0.08716205448264405
8526 170.52 0.08700581778093773
8527 170.54 0.08680654362095343
8528 170.56 0.08657108474879049
8529 170.58 0.08631209068043591
8530 170.6 0.08602749302778874
8531 170.62 0.08572706303034625
8532 170.64 0.08537207078634644
8533 170.66 0.08500278444100398
8534 170.68 0.08459377920295705
8535 170.7 0.08415499734440035
8536 170.72 0.083666008692501
8537 170.74 0.08315768118794963
8538 170.76 0.08262055848066066
8539 170.78 0.08205434829479073
8540 170.8 0.08145018123521199
8541 170.82 0.08082174545233965
8542 170.84 0.08016666455246121
8543 170.86 0.07948150232432796
8544 170.88 0.07876384369119073
8545 170.9 0.07800881589582893
8546 170.92 0.07724558931814292
8547 170.94 0.07642673981907407
8548 170.96 0.07560301482834304
8549 170.98 0.07474442561358836
8550 171 0.07388211241432065
8551 171.02 0.07299193931585513
8552 171.04 0.07207886671684449
8553 171.06 0.07113191503983857
8554 171.08 0.07016715080065127
8555 171.1 0.06918641804396748
8556 171.12 0.06820251682691332
8557 171.14 0.06720011908167735
8558 171.16 0.06619471073584807
8559 171.18 0.06516335772245792
8560 171.2 0.06410940830941142
8561 171.22 0.06303587805041987
8562 171.24 0.06192326244882503
8563 171.26 0.06078051209069422
8564 171.28 0.0596361608125573
8565 171.3 0.05848423199239031
8566 171.32 0.0573253830456615
8567 171.34 0.05615764444844065
8568 171.36 0.05497868003392641
8569 171.38 0.0537943535781578
8570 171.4 0.05261325856003663
8571 171.42 0.05144217677773409
8572 171.44 0.05021551344478931
8573 171.46 0.04897901444408343
8574 171.48 0.04773748519463324
8575 171.5 0.04651720702732758
8576 171.52 0.04528740307843784
8577 171.54 0.04404876930111547
8578 171.56 0.04280584326734903
8579 171.58 0.04156051319059288
8580 171.6 0.04031462907448666
8581 171.62 0.03906655649377981
8582 171.64 0.03781637226858474
8583 171.66 0.03656533859163581
8584 171.68 0.03531618283828602
8585 171.7 0.03407044703421617
8586 171.72 0.03282524581114066
8587 171.74 0.03158168254631259
8588 171.76 0.03034216061507763
8589 171.78 0.02910849309133426
8590 171.8 0.02788054463142538
8591 171.82 0.02665930458432485
8592 171.84 0.02544310632504782
8593 171.86 0.02423082871306119
8594 171.88 0.02302185768356899
8595 171.9 0.021817251123016
8596 171.92 0.02061945327102135
8597 171.94 0.0194296722879734
8598 171.96 0.01825333265773675
8599 171.98 0.01708306495566112
8600 172 0.01591805164111663
8601 172.02 0.01475831581372166
8602 172.04 0.01360246529215878
8603 172.06 0.01245219995762845
8604 172.08 0.01130313690308418
8605 172.1 0.01015346968044109
8606 172.12 0.009008035099871152
8607 172.14 0.00786573608648139
8608 172.16 0.006728479195521235
8609 172.18 0.005600840812941157
8610 172.2 0.004479707507690122
8611 172.22 0.00336372316389524
8612 172.24 0.002226528870949351
8613 172.26 0.001083240879567649
8614 172.28 -6.009786421590137e-05
8615 172.3 -0.001202483900863863
8616 172.32 -0.002346183641606621
8617 172.34 -0.00349218616606926
8618 172.36 -0.004636342783808868
8619 172.38 -0.005779919723067234
8620 172.4 -0.006932647648681218
8621 172.42 -0.008086513939763684
8622 172.44 -0.009236305894079448
8623 172.46 -0.01038485740335738
8624 172.48 -0.01153459674541271
8625 172.5 -0.01268648904263176
8626 172.52 -0.01383835649762571
8627 172.54 -0.01499129653934446
8628 172.56 -0.01614649188229838
8629 172.58 -0.01730224769434643
8630 172.6 -0.01845977663030356
8631 172.62 -0.0196177978698648
8632 172.64 -0.02077705366156248
8633 172.66 -0.02194149198515094
8634 172.68 -0.02311004998705299
8635 172.7 -0.02428368929260453
8636 172.72 -0.02547980865909973
8637 172.74 -0.02668947419383625
8638 172.76 -0.02790166204833527
8639 172.78 -0.02911464561162213
8640 172.8 -0.0303333698136829
8641 172.82 -0.03156640382016569
8642 172.84 -0.03275492857849557
8643 172.86 -0.03394370804376892
8644 172.88 -0.03513571877271097
8645 172.9 -0.03634394898222741
8646 172.92 -0.0375556194627401
8647 172.94 -0.03877015548149974
8648 172.96 -0.03998504311905865
8649 172.98 -0.0412047919661422
8650 173 -0.04241954114339521
8651 173.02 -0.04363752847232683
8652 173.04 -0.04485424199937037
8653 173.06 -0.04606669035047805
8654 173.08 -0.04727409886263895
8655 173.1 -0.04845595933195594
8656 173.12 -0.04964429974985607
8657 173.14 -0.05084231718229198
8658 173.16 -0.05204107004297262
8659 173.18 -0.05323355571833934
8660 173.2 -0.05440042049660499
8661 173.22 -0.05556455779964858
8662 173.24 -0.05673187971274504
8663 173.26 -0.05789564157634786
8664 173.28 -0.05905243304953182
8665 173.3 -0.06018969052382781
8666 173.32 -0.0613091109561547
8667 173.34 -0.06243013255136309
8668 173.36 -0.06354138497207582
8669 173.38 -0.06463762123300441
8670 173.4 -0.06571202011214815
8671 173.42 -0.06675504757276621
8672 173.44 -0.06779713513231769
8673 173.46 -0.0688216633451729
8674 173.48 -0.06982806580226276
8675 173.5 -0.07081433945232005
8676 173.52 -0.07176990839618493
8677 173.54 -0.07272274830763528
8678 173.56 -0.07365550359638229
8679 173.58 -0.07456503271059621
8680 173.6 -0.07544317630254085
8681 173.62 -0.07628651062523133
8682 173.64 -0.07711520284892046
8683 173.66 -0.07791641127384592
8684 173.68 -0.07868756048858672
8685 173.7 -0.0794150204986048
8686 173.72 -0.08011823721583106
8687 173.74 -0.0807955801025512
8688 173.76 -0.08145254388461073
8689 173.78 -0.0820808320727785
8690 173.8 -0.0826625079350137
8691 173.82 -0.08323028089063271
8692 173.84 -0.08376474417561443
8693 173.86 -0.08426730766190475
8694 173.88 -0.08472627522805842
8695 173.9 -0.08514583071383613
8696 173.92 -0.0855392232001858
8697 173.94 -0.08589691470252638
8698 173.96 -0.0862174631211881
8699 173.98 -0.08650547557796501
8700 174 -0.08676010226253388
8701 174.02 -0.08695832566977599
8702 174.04 -0.08712190612426442
8703 174.06 -0.08724957531822121
8704 174.08 -0.08734378994117352
8705 174.1 -0.08740953384453611
8706 174.12 -0.08743352096024964
8707 174.14 -0.08741492335608568
8708 174.16 -0.0873420967738284
8709 174.18 -0.08724413606420633
8710 174.2 -0.08710880496283352
8711 174.22 -0.08693929666487861
8712 174.24 -0.08671604563263624
8713 174.26 -0.08647292930144003
8714 174.28 -0.08619771000742754
8715 174.3 -0.08590917321777991
8716 174.32 -0.08558494563489254
8717 174.34 -0.08522592681487925
8718 174.36 -0.0848393256580996
8719 174.38 -0.08441824827151392
8720 174.4 -0.08396160741118956
8721 174.42 -0.08345952659275235
8722 174.44 -0.08294024887937697
8723 174.46 -0.08238940839878035
8724 174.48 -0.08181241475190477
8725 174.5 -0.08119026806989835
8726 174.52 -0.08055477050984575
8727 174.54 -0.07988400632545929
8728 174.56 -0.07918870153148236
8729 174.58 -0.07844747919700328
8730 174.6 -0.07769275390595468
8731 174.62 -0.07689433085113205
8732 174.64 -0.0760858646225047
8733 174.66 -0.07524669117955106
8734 174.68 -0.07438621597379774
8735 174.7 -0.07351448771113903
8736 174.72 -0.07261214295951124
8737 174.74 -0.07169091127787071
8738 174.76 -0.07072925924176882
8739 174.78 -0.06975659401372328
8740 174.8 -0.06877529712298479
8741 174.82 -0.06778292183713275
8742 174.84 -0.06677708504642502
8743 174.86 -0.06576641369310525
8744 174.88 -0.06472212957585739
8745 174.9 -0.06366001016817101
8746 174.92 -0.06258240286578984
8747 174.94 -0.06144009086361181
8748 174.96 -0.06029912876475262
8749 174.98 -0.0591513109359162
8750 175 -0.05799551454628567
8751 175.02 -0.05683440968824622
8752 175.04 -0.05566165964208277
8753 175.06 -0.05447980037500032
8754 175.08 -0.05329047783666289
8755 175.1 -0.05211978550510182
8756 175.12 -0.05094622756178911
8757 175.14 -0.04969306207810867
8758 175.16 -0.04845311970563743
8759 175.18 -0.04722153277962345
8760 175.2 -0.0459969752947776
8761 175.22 -0.04476302034184678
8762 175.24 -0.04352194534080309
8763 175.26 -0.04227760867778754
8764 175.28 -0.04103204629697008
8765 175.3 -0.03978531042963773
8766 175.32 -0.03853633031503836
8767 175.34 -0.03728529990279007
8768 175.36 -0.03603467759170353
8769 175.38 -0.03478733504261662
8770 175.4 -0.03354175837556884
8771 175.42 -0.03229671392268664
8772 175.44 -0.03105397339261816
8773 175.46 -0.02981652082402996
8774 175.48 -0.02858523532122989
8775 175.5 -0.02736039739485197
8776 175.52 -0.02614154475390523
8777 175.54 -0.02492702837229309
8778 175.56 -0.02371412021103471
8779 175.58 -0.02250777013671404
8780 175.6 -0.02130635710254013
8781 175.62 -0.02011014204458666
8782 175.64 -0.01892562915605589
8783 175.66 -0.01775266947669476
8784 175.68 -0.01658367978385142
8785 175.7 -0.01542070095465937
8786 175.72 -0.01426279245099723
8787 175.74 -0.01310894063126735
8788 175.76 -0.01196022226696507
8789 175.78 -0.01080855878748778
8790 175.8 -0.009661655160109001
8791 175.82 -0.008516910169361305
8792 175.84 -0.007376097652537447
8793 175.86 -0.006242429230860283
8794 175.88 -0.005117884532842305
8795 175.9 -0.003999506708329307
8796 175.92 -0.002874218211336532
8797 175.94 -0.001734764696704729
8798 175.96 -0.0005905253710349902
8799 175.98 0.0005524298062097505
8800 176 0.001694325240091516
8801 176.02 0.002839792489426863
8802 176.04 0.00398518466226068
8803 176.06 0.005128736208742659
8804 176.08 0.006276045864510468
8805 176.1 0.007430146619884536
8806 176.12 0.008581921408613892
8807 176.14 0.009730412768429234
8808 176.16 0.01087969538190289
8809 176.18 0.0120292801778459
8810 176.2 0.01318188553254021
8811 176.22 0.01433375138324343
8812 176.24 0.01548853055285858
8813 176.26 0.01664353398483356
8814 176.28 0.01779952003010117
8815 176.3 0.01895716281608756
8816 176.32 0.0201158775399633
8817 176.34 0.02127683798004332
8818 176.36 0.02244248044727442
8819 176.38 0.02361273381986736
8820 176.4 0.02479069496042633
8821 176.42 0.02599878705916531
8822 176.44 0.02721051581115446
8823 176.46 0.02842253856337337
8824 176.48 0.02963550832103199
8825 176.5 0.03085810003577204
8826 176.52 0.03207533334392434
8827 176.54 0.03326438511376236
8828 176.56 0.03445446322046642
8829 176.58 0.0356528457017206
8830 176.6 0.03686212561041546
8831 176.62 0.03807505448218793
8832 176.64 0.03928924385076516
8833 176.66 0.04050481063548869
8834 176.68 0.04172357477313333
8835 176.7 0.04294093650717545
8836 176.72 0.04415823696301229
8837 176.74 0.04537356184448185
8838 176.76 0.0465845230341644
8839 176.78 0.04777743157180099
8840 176.8 0.04896277583833786
8841 176.82 0.05015387687097717
8842 176.84 0.05135409525492993
8843 176.86 0.05254982984964163
8844 176.88 0.0537365919277587
8845 176.9 0.05489488818017746
8846 176.92 0.05606301990767323
8847 176.94 0.05722827085728607
8848 176.96 0.0583847844040293
8849 176.98 0.0595416408049008
8850 177 0.06066193271634644
8851 177.02 0.06178419771021284
8852 177.04 0.06290135022221359
8853 177.06 0.0640074447985912
8854 177.08 0.06509563895924522
8855 177.1 0.06615188414937238
8856 177.12 0.06719675670560774
8857 177.14 0.0682295768219924
8858 177.16 0.06924833592196554
8859 177.18 0.07024439010958182
8860 177.2 0.07121629993617726
8861 177.22 0.07217354080419477
8862 177.24 0.07311642744553615
8863 177.26 0.07404036561368089
8864 177.28 0.07493998386660307
8865 177.3 0.07579593020863633
8866 177.32 0.07663676354699528
8867 177.34 0.07745347183461329
8868 177.36 0.07824101794537151
8869 177.38 0.07899859759572787
8870 177.4 0.07970674348069275
8871 177.42 0.08040314023050096
8872 177.44 0.08107147526329329
8873 177.46 0.08171619684889854
8874 177.48 0.08232498378057836
8875 177.5 0.08290117808550666
8876 177.52 0.0834540541794838
8877 177.54 0.08397587575465243
8878 177.56 0.08446261705347222
8879 177.58 0.08489620370619014
8880 177.6 0.08530871950161779
8881 177.62 0.08568535623535614
8882 177.64 0.08602648043358695
8883 177.66 0.08632503763497382
8884 177.68 0.08661653326262204
8885 177.7 0.08683428284598746
8886 177.72 0.08701986674037802
8887 177.74 0.08717198641701157
8888 177.76 0.08727948303213898
8889 177.78 0.08736364886259908
8890 177.8 0.08741167347833939
8891 177.82 0.08741832094799239
8892 177.84 0.08737034404791386
8893 177.86 0.08728828983095235
8894 177.88 0.08717631873943849
8895 177.9 0.08702163426829451
8896 177.92 0.08683270295037387
8897 177.94 0.08659780895906474
8898 177.96 0.08634370945316368
8899 177.98 0.08606005032288748
8900 178 0.08576399760217145
8901 178.02 0.08541535626063924
8902 178.04 0.08504741459125011
8903 178.06 0.08464478572226872
8904 178.08 0.08420996713868863
8905 178.1 0.08372869014050448
8906 178.12 0.08322109010009925
8907 178.14 0.08268834576402334
8908 178.16 0.08212557904977051
8909 178.18 0.08152831561755876
8910 178.2 0.08090086551836226
8911 178.22 0.08024981439445936
8912 178.24 0.0795681450948678
8913 178.26 0.07885731324825358
8914 178.28 0.07810215752983098
8915 178.3 0.07734249193125951
8916 178.32 0.07652810546721894
8917 178.34 0.07570757915928276
8918 178.36 0.07485116731382631
8919 178.38 0.07399173119663091
8920 178.4 0.0731061625621542
8921 178.42 0.07219468719370439
8922 178.44 0.07125412894590323
8923 178.46 0.07028986764291043
8924 178.48 0.06931045911902345
8925 178.5 0.06832824553332327
8926 178.52 0.06732800620687616
8927 178.54 0.06632019723041641
8928 178.56 0.06529567465079082
8929 178.58 0.06424401237742387
8930 178.6 0.06317355678984089
8931 178.62 0.06206856906779295
8932 178.64 0.06092524093026785
8933 178.66 0.05978222050739435
8934 178.68 0.05863135881754017
8935 178.7 0.05747356885583303
8936 178.72 0.05630693701995733
8937 178.74 0.05512921252391031
8938 178.76 0.05394535634202417
8939 178.78 0.05276179962083945
8940 178.8 0.05159150599370295
8941 178.82 0.05037262158295536
8942 178.84 0.04913723454731275
8943 178.86 0.04789513113232018
8944 178.88 0.04667356071153482
8945 178.9 0.04544497196553389
8946 178.92 0.04420734045155452
8947 178.94 0.04296467327408
8948 178.96 0.04171973701177626
8949 178.98 0.04047396811447231
8950 179 0.039226507996073
8951 179.02 0.03797647474018311
8952 179.04 0.03672523586875739
8953 179.06 0.03547602519470573
8954 179.08 0.03422978895525061
8955 179.1 0.03298459823947056
8956 179.12 0.03174051204880773
8957 179.14 0.03050054559940129
8958 179.16 0.02926602005694256
8959 179.18 0.02803751831519575
8960 179.2 0.02681533647279247
8961 179.22 0.02559868196444693
8962 179.24 0.0243862059252009
8963 179.26 0.02317620589653285
8964 179.28 0.02197107111294107
8965 179.3 0.02077288098268493
8966 179.32 0.01958144944951719
8967 179.34 0.01840367372251699
8968 179.36 0.01723294621808538
8969 179.38 0.0160672498095671
8970 179.4 0.01490685901046855
8971 179.42 0.01375051152819903
8972 179.44 0.01259958742528616
8973 179.46 0.01145096311033155
8974 179.48 0.01030072035135318
8975 179.5 0.009155187224097437
8976 179.52 0.008012359073886473
8977 179.54 0.006874022536179765
8978 179.56 0.005745621146862844
8979 179.58 0.004623688519756794
8980 179.6 0.003508124745827192
8981 179.62 0.002373288492730403
8982 179.64 0.001230659848899783
8983 179.66 8.70530712558347e-05
8984 179.68 -0.001055543038553955
8985 179.7 -0.002198704849072182
8986 179.72 -0.003344538435322528
8987 179.74 -0.004488608542676716
8988 179.76 -0.005632202853522715
8989 179.78 -0.006783697912046257
8990 179.8 -0.007937672045999261
8991 179.82 -0.009088006251232395
8992 179.84 -0.01023644765093778
8993 179.86 -0.01138605508841136
8994 179.88 -0.01253746510668608
8995 179.9 -0.01368920394705006
8996 179.92 -0.0148419098517995
8997 179.94 -0.01599688948213368
8998 179.96 -0.01715257494647808
8999 179.98 -0.01830967293102666
9000 180 -0.01946752679278967
9001 180.02 -0.02062676395979331
9002 180.04 -0.02179005850425442
9003 180.06 -0.02295833038661245
9004 180.08 -0.02413099172643737
9005 180.1 -0.02532321893147157
9006 180.12 -0.026532374200446
9007 180.14 -0.02774426370758284
9008 180.16 -0.02895769486139064
9009 180.18 -0.0301747249928591
9010 180.2 -0.03141201935673135
9011 180.22 -0.03260032803948031
9012 180.24 -0.03378884041264406
9013 180.26 -0.03498063754350062
9014 180.28 -0.03618654195628077
9015 180.3 -0.03739770359239519
9016 180.32 -0.03861195955701124
9017 180.34 -0.03982666986740863
9018 180.36 -0.04104838038172532
9019 180.38 -0.04226108830202797
9020 180.4 -0.04347884668217505
9021 180.42 -0.04469609440363085
9022 180.44 -0.04590885440041337
9023 180.46 -0.04712015089127183
9024 180.48 -0.04830065639056174
9025 180.5 -0.04948936767818946
9026 180.52 -0.05068554360359587
9027 180.54 -0.05188498179836198
9028 180.56 -0.05307835238039503
9029 180.58 -0.05424984535125646
9030 180.6 -0.05541169667133416
9031 180.62 -0.05658001614139298
9032 180.64 -0.05774411109129714
9033 180.66 -0.05890125035278224
9034 180.68 -0.06004351669938331
9035 180.7 -0.06116241535664291
9036 180.72 -0.06228419135194629
9037 180.74 -0.06339676394391799
9038 180.76 -0.06449547869486186
9039 180.78 -0.06557473686399183
9040 180.8 -0.06661836267831477
9041 180.82 -0.0676621458172814
9042 180.84 -0.06868830558075291
9043 180.86 -0.06969759108720586
9044 180.88 -0.07068793117091177
9045 180.9 -0.07164394071252768
9046 180.92 -0.07259889466655318
9047 180.94 -0.07353348566811795
9048 180.96 -0.07444685553217376
9049 180.98 -0.07533108521145965
9050 181 -0.0761756852323361
9051 181.02 -0.07700763798382831
9052 181.04 -0.07781209855743976
9053 181.06 -0.07858722705801106
9054 181.08 -0.07932187104734735
9055 181.1 -0.08002585049109882
9056 181.12 -0.08070670222226208
9057 181.14 -0.08136689389936644
9058 181.16 -0.0819990360033748
9059 181.18 -0.08258524914055594
9060 181.2 -0.08315636098354472
9061 181.22 -0.0836948944949268
9062 181.24 -0.08420152680245709
9063 181.26 -0.08466781875407654
9064 181.28 -0.0850899153694728
9065 181.3 -0.08548686496486309
9066 181.32 -0.08585211392093915
9067 181.34 -0.08617469115652748
9068 181.36 -0.08644881284891635
9069 181.38 -0.08672756474096231
9070 181.4 -0.08693274483706623
9071 181.42 -0.08709988100173841
9072 181.44 -0.087234023112609
9073 181.46 -0.08732982828567436
9074 181.48 -0.08740088729760911
9075 181.5 -0.08743051052272729
9076 181.52 -0.0874180960595768
9077 181.54 -0.08734855517967459
9078 181.56 -0.08725654285849732
9079 181.58 -0.08712536854433939
9080 181.6 -0.08696093057373187
9081 181.62 -0.08674516710812455
9082 181.64 -0.08650305411548248
9083 181.66 -0.08623251587469527
9084 181.68 -0.08594447034044661
9085 181.7 -0.08562831310943568
9086 181.72 -0.08527032861442274
9087 181.74 -0.08488852022618683
9088 181.76 -0.08447144587055866
9089 181.78 -0.08402222875133296
9090 181.8 -0.08352153175927368
9091 181.82 -0.08300610270504361
9092 181.84 -0.08245895732407048
9093 181.86 -0.08188580856295422
9094 181.88 -0.08126815173283146
9095 181.9 -0.08063534592360543
9096 181.92 -0.07996915850857894
9097 181.94 -0.07927653213062577
9098 181.96 -0.07854237876610796
9099 181.98 -0.07778833587085086
9100 182 -0.07700678198376849
9101 182.02 -0.07618819310401156
9102 182.04 -0.07535556993329563
9103 182.06 -0.0744930628356546
9104 182.08 -0.07362481060393697
9105 182.1 -0.07272547602485502
9106 182.12 -0.07180843373627148
9107 182.14 -0.07084971283873015
9108 182.16 -0.06987985097790381
9109 182.18 -0.06889881648973648
9110 182.2 -0.06790894202898623
9111 182.22 -0.06690338657725828
9112 182.24 -0.06589686921426535
9113 182.26 -0.06485449976128957
9114 182.28 -0.06379516372561629
9115 182.3 -0.06272491239487968
9116 182.32 -0.06158534213724396
9117 182.34 -0.06044341477625594
9118 182.36 -0.05929648849037623
9119 182.38 -0.05814180530088669
9120 182.4 -0.05698176966463357
9121 182.42 -0.05581060285355707
9122 182.44 -0.05462962955968982
9123 182.46 -0.0534420771996364
9124 182.48 -0.05226818540530945
9125 182.5 -0.05109540877899507
9126 182.52 -0.04984998051348934
9127 182.54 -0.04861075334719078
9128 182.56 -0.04737649952765433
9129 182.58 -0.04615307347557315
9130 182.6 -0.04492045070228046
9131 182.62 -0.04367998933301526
9132 182.64 -0.04243609503839418
9133 182.66 -0.04119054733863923
9134 182.68 -0.03994393261373895
9135 182.7 -0.03869551487723574
9136 182.72 -0.03744467752664496
9137 182.74 -0.03619414046234407
9138 182.76 -0.03494584921007635
9139 182.78 -0.03370047573427821
9140 182.8 -0.0324550134237145
9141 182.82 -0.03121223816985053
9142 182.84 -0.02997397510749689
9143 182.86 -0.02874213369674464
9144 182.88 -0.02751641669715862
9145 182.9 -0.02629683572049174
9146 182.92 -0.02508187428080938
9147 182.94 -0.02386892718430646
9148 182.96 -0.02266176863411634
9149 182.98 -0.02145939338662647
9150 183 -0.02026245094356655
9151 183.02 -0.01907624005215735
9152 183.04 -0.01790233274661269
9153 183.06 -0.0167327470157596
9154 183.08 -0.01556921466856589
9155 183.1 -0.01441074197072889
9156 183.12 -0.01325621750958137
9157 183.14 -0.01210746935296147
9158 183.16 -0.01095583300873735
9159 183.18 -0.009808217488854408
9160 183.2 -0.008663408532255635
9161 183.22 -0.007522188336688794
9162 183.24 -0.006387224393965498
9163 183.26 -0.005261624078856414
9164 183.28 -0.004142404724288182
9165 183.3 -0.00301982780096446
9166 183.32 -0.001881269193601232
9167 183.34 -0.0007370966987950301
9168 183.36 0.0004060655669982727
9169 183.38 0.001547972248738836
9170 183.4 0.002693010954649909
9171 183.42 0.003838470797905784
9172 183.44 0.004982227550239271
9173 183.46 0.006128068431229738
9174 183.48 0.007282181841394256
9175 183.5 0.008434544100019465
9176 183.52 0.009583240786151834
9177 183.54 0.01073213250136799
9178 183.56 0.01188155511952311
9179 183.58 0.01303406629712192
9180 183.6 0.01418586024112835
9181 183.62 0.01534014391888173
9182 183.64 0.01649515591545421
9183 183.66 0.0176509837007952
9184 183.68 0.01880847358427247
9185 183.7 0.01996698559510194
9186 183.72 0.02112740003969753
9187 183.74 0.02229245597309471
9188 183.76 0.02346220019763293
9189 183.78 0.02463804854615326
9190 183.8 0.02584327468922369
9191 183.82 0.02705485627483605
9192 183.84 0.02826671184124802
9193 183.86 0.02947923412741033
9194 183.88 0.03070083313213366
9195 183.9 0.03192265929692624
9196 183.92 0.03311163743492404
9197 183.94 0.03430116896153503
9198 183.96 0.03549746620765068
9199 183.98 0.03670618845922169
9200 184 0.03791863472811309
9201 184.02 0.03913284781060326
9202 184.04 0.04034677360383717
9203 184.06 0.04156690464667558
9204 184.08 0.04278433103489804
9205 184.1 0.04400169349192138
9206 184.12 0.04521739533502891
9207 184.14 0.04642844150001443
9208 184.16 0.04762561420568992
9209 184.18 0.04880940967828395
9210 184.2 0.04999846338231889
9211 184.22 0.05119898263160914
9212 184.24 0.05239585281340103
9213 184.26 0.05358566918263055
9214 184.28 0.05474381249145092
9215 184.3 0.05591245553931188
9216 184.32 0.05707790694592417
9217 184.34 0.05823479811513006
9218 184.36 0.05939227458970327
9219 184.38 0.0605179733372961
9220 184.4 0.06163896546038777
9221 184.42 0.06275782138145507
9222 184.44 0.06386533269114603
9223 184.46 0.06495598523985047
9224 184.48 0.06601741383650031
9225 184.5 0.06706168791912526
9226 184.52 0.06809658135958255
9227 184.54 0.06911768311377772
9228 184.56 0.07011639997150484
9229 184.58 0.07109331101712676
9230 184.6 0.07204921966152547
9231 184.62 0.07299566337796251
9232 184.64 0.07392192742735218
9233 184.66 0.07482463094504632
9234 184.68 0.07568700184183798
9235 184.7 0.07652875757489586
9236 184.72 0.07734870864911222
9237 184.74 0.07814028138527955
9238 184.76 0.07890198715426168
9239 184.78 0.07961469480565277
9240 184.8 0.08031396620364008
9241 184.82 0.08098497679575391
9242 184.84 0.08163348419437574
9243 184.86 0.08224846891536675
9244 184.88 0.08282626784039628
9245 184.9 0.08338343960289445
9246 184.92 0.08390926362035235
9247 184.94 0.08440082527444705
9248 184.96 0.08484106522664678
9249 184.98 0.08525715878564095
9250 185 0.08563626989787154
9251 185.02 0.08598343410034209
9252 185.04 0.08628927850814209
9253 185.06 0.08658383744347473
9254 185.08 0.08680631023030078
9255 185.1 0.08699631803858573
9256 185.12 0.08715218212919884
9257 185.14 0.08726495935934199
9258 185.16 0.08735266787308373
9259 185.18 0.08740626950222348
9260 185.2 0.08741821685082243
9261 185.22 0.08737803947521067
9262 185.24 0.08729892025521443
9263 185.26 0.087189542572079
9264 185.28 0.08704173978878173
9265 185.3 0.08686006535280065
9266 185.32 0.08662785122442848
9267 185.34 0.08637531212313468
9268 185.36 0.08609436720059672
9269 185.38 0.08580220278411474
9270 185.4 0.08545931929352174
9271 185.42 0.08509491047139968
9272 185.44 0.08469697760342364
9273 185.46 0.08426584345890863
9274 185.48 0.08379075184185976
9275 185.5 0.08328602789954134
9276 185.52 0.08275657257485253
9277 185.54 0.08219763147558851
9278 185.56 0.0816074008708547
9279 185.58 0.08098024534134997
9280 185.6 0.08033356598505256
9281 185.62 0.07965540921339598
9282 185.64 0.07895121173607107
9283 185.66 0.07819581875766571
9284 185.68 0.07743971991424936
9285 185.7 0.07662980668515192
9286 185.72 0.07581272761898439
9287 185.74 0.07496014628591799
9288 185.76 0.07410178701777705
9289 185.78 0.07322033509892727
9290 185.8 0.07231143083969628
9291 185.82 0.0713762944507883
9292 185.84 0.07041267720576977
9293 185.86 0.06943569442738667
9294 185.88 0.06845392508804186
9295 185.9 0.06745577935453197
9296 185.92 0.06644848041935884
9297 185.94 0.06542799289331447
9298 185.96 0.06437829277621297
9299 185.98 0.06331045473405848
9300 186 0.06221307637433807
9301 186.02 0.06106953661223903
9302 186.04 0.05992763200037927
9303 186.06 0.05877783848074206
9304 186.08 0.05761932252712886
9305 186.1 0.05645524826269088
9306 186.12 0.05527922586068459
9307 186.14 0.05409606256889378
9308 186.16 0.05291031210000268
9309 186.18 0.05174021625946459
9310 186.2 0.05052938784921952
9311 186.22 0.04929453358981137
9312 186.24 0.04805338203855034
9313 186.26 0.04682907525838709
9314 186.28 0.04560165816381921
9315 186.3 0.04436495614027707
9316 186.32 0.0431227652313298
9317 186.34 0.04187786573475674
9318 186.36 0.04063229182001468
9319 186.38 0.03938508207286896
9320 186.4 0.03813577859679319
9321 186.42 0.03688399804434439
9322 186.44 0.03563483948859789
9323 186.46 0.03438755835157024
9324 186.48 0.03314306791820153
9325 186.5 0.03189842046659635
9326 186.52 0.0306577975402513
9327 186.54 0.02942244320221881
9328 186.56 0.02819312140294912
9329 186.58 0.02697050373870135
9330 186.6 0.02575314908076143
9331 186.62 0.02454042660372107
9332 186.64 0.0233294894726049
9333 186.66 0.02212409510603006
9334 186.68 0.02092503553484237
9335 186.7 0.01973254752249206
9336 186.72 0.01855290915480957
9337 186.74 0.01738171579356843
9338 186.76 0.01621532668302331
9339 186.78 0.01505424684561243
9340 186.8 0.01389732056357283
9341 186.82 0.0127459059698315
9342 186.84 0.0115975345299711
9343 186.86 0.01044682147170668
9344 186.88 0.009301236108504377
9345 186.9 0.00815764499744215
9346 186.92 0.007018290164506861
9347 186.94 0.005888984507431768
9348 186.96 0.004766311704827773
9349 186.98 0.003650149100413146
9350 187 0.00251828424355002
9351 187.02 0.001376403845637005
9352 187.04 0.0002326776882938925
9353 187.06 -0.0009099882551342887
9354 187.08 -0.002052658143930002
9355 187.1 -0.003198063769651627
9356 187.12 -0.004342603905450104
9357 187.14 -0.005486075299365704
9358 187.16 -0.006636354676960242
9359 187.18 -0.007790401942184971
9360 187.2 -0.008941163414456688
9361 187.22 -0.0100896152392959
9362 187.24 -0.01123916809149868
9363 187.26 -0.01239003442456078
9364 187.28 -0.01354243979043606
9365 187.3 -0.01469430266642506
9366 187.32 -0.01584927908573924
9367 187.34 -0.01700478956641272
9368 187.36 -0.01816159157984532
9369 187.38 -0.01931923957465084
9370 187.4 -0.02047838653140598
9371 187.42 -0.02164089724515161
9372 187.44 -0.02280863133683043
9373 187.46 -0.02398043921248971
9374 187.48 -0.0251687825670051
9375 187.5 -0.02637702813065368
9376 187.52 -0.02758910276384908
9377 187.54 -0.02880211388497489
9378 187.56 -0.03001826308959342
9379 187.58 -0.03126031201911712
9380 187.6 -0.03244817514987881
9381 187.62 -0.03363647610846963
9382 187.64 -0.0348276418563178
9383 187.66 -0.036031479022245
9384 187.68 -0.03724194677820773
9385 187.7 -0.03845617625125931
9386 187.72 -0.03967084806755764
9387 187.74 -0.0408904906007928
9388 187.76 -0.04210502946648644
9389 187.78 -0.04332266162270772
9390 187.8 -0.04454021722930127
9391 187.82 -0.04575356013344296
9392 187.84 -0.04696540651565494
9393 187.86 -0.04814847635969863
9394 187.88 -0.04933702264485204
9395 187.9 -0.05053143468546376
9396 187.92 -0.05173133553541896
9397 187.94 -0.05292548885462584
9398 187.96 -0.0541017206299741
9399 187.98 -0.05526134870220164
9400 188 -0.05643075350005283
9401 188.02 -0.05759516261658142
9402 188.04 -0.05875314277808166
9403 188.06 -0.05989994164643778
9404 188.08 -0.0610180843917179
9405 188.1 -0.06214040329852233
9406 188.12 -0.06325432117110569
9407 188.14 -0.06435514782820095
9408 188.16 -0.06543952927437502
9409 188.18 -0.06648406105768462
9410 188.2 -0.06752889094555395
9411 188.22 -0.0685569002997404
9412 188.24 -0.06956882848132848
9413 188.26 -0.07056286982046357
9414 188.28 -0.07152023565502598
9415 188.3 -0.07247716015127802
9416 188.32 -0.0734140129523258
9417 188.34 -0.07433070220399096
9418 188.36 -0.07522045703542828
9419 188.38 -0.07606605829389926
9420 188.4 -0.07690194493881726
9421 188.42 -0.07770985489034501
9422 188.44 -0.07848877125697448
9423 188.46 -0.07923028746428926
9424 188.48 -0.07993551985464999
9425 188.5 -0.08062253262151295
9426 188.52 -0.08128276821302792
9427 188.54 -0.08191890757780243
9428 188.56 -0.08251085915667147
9429 188.58 -0.08308400101284892
9430 188.6 -0.08362643467909563
9431 188.62 -0.08413804384135315
9432 188.64 -0.0846115967229904
9433 188.66 -0.0850352246073018
9434 188.68 -0.08543755439850395
9435 188.7 -0.08580477138736167
9436 188.72 -0.08613448375812097
9437 188.74 -0.08641464236648143
9438 188.76 -0.08669816212309688
9439 188.78 -0.08690679761030717
9440 188.8 -0.08707883612037128
9441 188.82 -0.08721893147214688
9442 188.84 -0.08731807471405893
9443 188.86 -0.08739233976349914
9444 188.88 -0.08742766506096993
9445 188.9 -0.08742051458369893
9446 188.92 -0.08735734211766109
9447 188.94 -0.08726920067847761
9448 188.96 -0.08714289903829524
9449 188.98 -0.08698309317086272
9450 189 -0.08677468915642746
9451 189.02 -0.08653389738939
9452 189.04 -0.08626788985216367
9453 189.06 -0.08598066490404523
9454 189.08 -0.0856719213724557
9455 189.1 -0.08531554693338182
9456 189.12 -0.08493880054772995
9457 189.14 -0.08452525406966574
9458 189.16 -0.08408055585505153
9459 189.18 -0.08358419786424159
9460 189.2 -0.08307252513701419
9461 189.22 -0.08252947203081701
9462 189.24 -0.0819596135018474
9463 189.26 -0.08134654831786142
9464 189.28 -0.08071642540517898
9465 189.3 -0.08005451727063308
9466 189.32 -0.07936557403320922
9467 189.34 -0.0786379573539726
9468 189.36 -0.07788345690433028
9469 189.38 -0.07711519589534305
9470 189.4 -0.07629152037653193
9471 189.42 -0.07546264193756998
9472 189.44 -0.07460106350375945
9473 189.46 -0.07373583504927617
9474 189.48 -0.07284008957176596
9475 189.5 -0.07192525307464301
9476 189.52 -0.07097118363131794
9477 189.54 -0.07000368980267958
9478 189.56 -0.06902290138375566
9479 189.58 -0.06803498533997961
9480 189.6 -0.06703040311121583
9481 189.62 -0.06602781109216783
9482 189.64 -0.06498742175730142
9483 189.66 -0.06393048428847983
9484 189.68 -0.06285483789510009
9485 189.7 -0.06173122741088045
9486 189.72 -0.06058940498011334
9487 189.74 -0.05944299288032524
9488 189.76 -0.05828954320909588
9489 189.78 -0.0571301824189313
9490 189.8 -0.05596080499081439
9491 189.82 -0.05478030090756101
9492 189.84 -0.05359457862800996
9493 189.86 -0.05241715744595676
9494 189.88 -0.0512450097620883
9495 189.9 -0.05000722775157496
9496 189.92 -0.04876897100276443
9497 189.94 -0.04753151078745879
9498 189.96 -0.04630944648347828
9499 189.98 -0.04507796430048677
9500 190 -0.04383804352969091
9501 190.02 -0.04259458751251971
9502 190.04 -0.04134907157449635
9503 190.06 -0.04010280607063252
9504 190.08 -0.03885456130699713
9505 190.1 -0.03760396430885558
9506 190.12 -0.03635289586074009
9507 190.14 -0.0351046160429115
9508 190.16 -0.03385849625032064
9509 190.18 -0.03261365470040706
9510 190.2 -0.03137004249896358
9511 190.22 -0.0301310920252546
9512 190.24 -0.02889853460830198
9513 190.26 -0.02767199039879666
9514 190.28 -0.02645160778606953
9515 190.3 -0.02523610113858874
9516 190.32 -0.02402306290584055
9517 190.34 -0.02281521716338358
9518 190.36 -0.02161191696817943
9519 190.38 -0.0204142894662373
9520 190.4 -0.01922637300539529
9521 190.42 -0.01805143450815675
9522 190.44 -0.01688143299337277
9523 190.46 -0.01571722577477039
9524 190.48 -0.01455802452772705
9525 190.5 -0.01340287006607653
9526 190.52 -0.01225385983915553
9527 190.54 -0.0111025574327071
9528 190.56 -0.009954144733230143
9529 190.58 -0.008809139570869196
9530 190.6 -0.007667354901197116
9531 190.62 -0.006531210231637763
9532 190.64 -0.005404578553072558
9533 190.66 -0.004284462222152867
9534 190.68 -0.003164677118599488
9535 190.7 -0.002027003380452926
9536 190.72 -0.0008828682362228492
9537 190.74 0.0002603770225344951
9538 190.76 0.00140243641808692
9539 190.78 0.002547035846271698
9540 190.8 0.003692709109850643
9541 190.82 0.004836805694668679
9542 190.84 0.005981007103715047
9543 190.86 0.007135150675188136
9544 190.88 0.008288008207414098
9545 190.9 0.009437093278770613
9546 190.92 0.01058571060304792
9547 190.94 0.01173514287839186
9548 190.96 0.01288755647394732
9549 190.98 0.01403920803773457
9550 191 0.01519293420011306
9551 191.02 0.01634800782552727
9552 191.04 0.01750364125301252
9553 191.06 0.01866109999219332
9554 191.08 0.01981919656816221
9555 191.1 0.02097916820614676
9556 191.12 0.02214376656787076
9557 191.14 0.02331297527392095
9558 191.16 0.02448781815375106
9559 191.18 0.0256891754104015
9560 191.2 0.02690042870631074
9561 191.22 0.02811241293259915
9562 191.24 0.02932451353509945
9563 191.26 0.03054495359355395
9564 191.28 0.03177142915687117
9565 191.3 0.03296009844929858
9566 191.32 0.03414901789648323
9567 191.34 0.0353437323412162
9568 191.36 0.03655177282003923
9569 191.38 0.03776382065203451
9570 191.4 0.03897791543136338
9571 191.42 0.04019121471945784
9572 191.44 0.04141178982788635
9573 191.46 0.0426290681197674
9574 191.48 0.04384633990528134
9575 191.5 0.04506264132787514
9576 191.52 0.0462739598236007
9577 191.54 0.04747525905380683
9578 191.56 0.04865755397662441
9579 191.58 0.04984574618398099
9580 191.6 0.0510457614573301
9581 191.62 0.05224407186147875
9582 191.64 0.05343421965807144
9583 191.66 0.05459466939559011
9584 191.68 0.05576159547919379
9585 191.7 0.05692894091311915
9586 191.72 0.05808799480417868
9587 191.74 0.05924527511397066
9588 191.76 0.06037573179993842
9589 191.78 0.0614945310002311
9590 191.8 0.06261557300156792
9591 191.82 0.06372467965319689
9592 191.84 0.06481752893648218
9593 191.86 0.06588424710965625
9594 191.88 0.06692788389915791
9595 191.9 0.06796523703926284
9596 191.92 0.06898804144258079
9597 191.94 0.06999001316121654
9598 191.96 0.07097113097258091
9599 191.98 0.07192646945237686
9600 192 0.07287593491863668
9601 192.02 0.07380472379128711
9602 192.04 0.07471025684897105
9603 192.06 0.07557895726066653
9604 192.08 0.07642167511493578
9605 192.1 0.07724482331889614
9606 192.12 0.07804086709776786
9607 192.14 0.07880589918500898
9608 192.16 0.07952416979629787
9609 192.18 0.08022577034859278
9610 192.2 0.08089945224684886
9611 192.22 0.08155160363161086
9612 192.24 0.08217336412795757
9613 192.26 0.0827519538808945
9614 192.28 0.08331348179793116
9615 192.3 0.08384323562676782
9616 192.32 0.0843393446407031
9617 192.34 0.08478694980293937
9618 192.36 0.08520423437364974
9619 192.38 0.08559069988009552
9620 192.4 0.0859399289769212
9621 192.42 0.08625354580047898
9622 192.44 0.08655085497263583
9623 192.46 0.08677883709184107
9624 192.48 0.08697293746165841
9625 192.5 0.0871318972053389
9626 192.52 0.08725140019157746
9627 192.54 0.08734192301046334
9628 192.56 0.08740066959897454
9629 192.58 0.08741686607082405
9630 192.6 0.08738643703183421
9631 192.62 0.08731028513322064
9632 192.64 0.08720419678244676
9633 192.66 0.08706242880286227
9634 192.68 0.08688488053168365
9635 192.7 0.08665617488641629
9636 192.72 0.08640866201917834
9637 192.74 0.08612780408073437
9638 192.76 0.08584079675785403
9639 192.78 0.08550398703321654
9640 192.8 0.08514300997144202
9641 192.82 0.08474896248939154
9642 192.84 0.08432143001326142
9643 192.86 0.08385336791544744
9644 192.88 0.08335047860251606
9645 192.9 0.08282457167417803
9646 192.92 0.08226935460714196
9647 192.94 0.08168608148108944
9648 192.96 0.08105905044902224
9649 192.98 0.08041644192959038
9650 193 0.07974228540723201
9651 193.02 0.07904248721847473
9652 193.04 0.0782910573884365
9653 193.06 0.07753656313117331
9654 193.08 0.07673119103444183
9655 193.1 0.07591743798142267
9656 193.12 0.07506978481951883
9657 193.14 0.07421148885117093
9658 193.16 0.07333423384012203
9659 193.18 0.07242781873673036
9660 193.2 0.07149791749505445
9661 193.22 0.07053525084209455
9662 193.24 0.0695604383092019
9663 193.26 0.06857877987150711
9664 193.28 0.06758300725928124
9665 193.3 0.06657627063493221
9666 193.32 0.06555985891350487
9667 193.34 0.06451213298085599
9668 193.36 0.06344686081350621
9669 193.38 0.06235699750056081
9670 193.4 0.06121331594391196
9671 193.42 0.06007259205685438
9672 193.44 0.05892354735734084
9673 193.46 0.05776591663902789
9674 193.48 0.05660331297454965
9675 193.5 0.05542895822604866
9676 193.52 0.05424642342572966
9677 193.54 0.05305860890421529
9678 193.56 0.05188886091499178
9679 193.58 0.05068631188954499
9680 193.6 0.04945163607185357
9681 193.62 0.04821106746669407
9682 193.64 0.04698398523177418
9683 193.66 0.04575798859255809
9684 193.68 0.04452239136511597
9685 193.7 0.04328070283907889
9686 193.72 0.04203584601215968
9687 193.74 0.04079033264802706
9688 193.76 0.03954314483917407
9689 193.78 0.03829430373825397
9690 193.8 0.03704270702873937
9691 193.82 0.03579324956369923
9692 193.84 0.03454597702912242
9693 193.86 0.03330105040503323
9694 193.88 0.03205642660404651
9695 193.9 0.03081493837722283
9696 193.92 0.0295788784490209
9697 193.94 0.02834881557221283
9698 193.96 0.02712534714337551
9699 193.98 0.025907428472165
9700 194 0.02469413513757277
9701 194.02 0.02348253565456946
9702 194.04 0.02227695441377357
9703 194.06 0.02107704819210315
9704 194.08 0.01988349623932065
9705 194.1 0.01870194241924821
9706 194.12 0.01753028059990582
9707 194.14 0.01636302263458159
9708 194.16 0.01520144132011345
9709 194.18 0.01404396635364092
9710 194.2 0.01289185424516302
9711 194.22 0.01174346341377909
9712 194.24 0.01059276139264257
9713 194.26 0.009446584968070517
9714 194.28 0.008302578306606257
9715 194.3 0.00716290598079331
9716 194.32 0.00603204568458357
9717 194.34 0.004908768090783293
9718 194.36 0.003791802005804877
9719 194.38 0.00266281757579565
9720 194.4 0.001521769894246647
9721 194.42 0.0003778214890397293
9722 194.44 -0.0007646577722259843
9723 194.46 -0.001907093999798141
9724 194.48 -0.003052366475940592
9725 194.5 -0.004197265555010539
9726 194.52 -0.005340785143246908
9727 194.54 -0.006490079594070513
9728 194.56 -0.00764337048090886
9729 194.58 -0.008794839693018086
9730 194.6 -0.009943351447659194
9731 194.62 -0.01109296903122023
9732 194.64 -0.01224312257027458
9733 194.66 -0.01339563557602107
9734 194.68 -0.01454736544561921
9735 194.7 -0.01570245530570815
9736 194.72 -0.01685752630444022
9737 194.74 -0.01801412285897118
9738 194.76 -0.01917167834124619
9739 194.78 -0.02033074198666611
9740 194.8 -0.02149263912038506
9741 194.82 -0.02265970106548277
9742 194.84 -0.0238310025557965
9743 194.86 -0.02501511432554946
9744 194.88 -0.02622278156003521
9745 194.9 -0.02743471925144448
9746 194.92 -0.0286475395708937
9747 194.94 -0.02986254012957536
9748 194.96 -0.03109843417927421
9749 194.98 -0.03229684511345601
9750 195 -0.03348551906269605
9751 195.02 -0.03467613608007396
9752 195.04 -0.0358780952814965
9753 195.06 -0.03708799719641827
9754 195.08 -0.03830204556539372
9755 195.1 -0.03951642369799485
9756 195.12 -0.04073406724066271
9757 195.14 -0.04195041852491815
9758 195.16 -0.04316786414944053
9759 195.18 -0.04438553154830654
9760 195.2 -0.04559950771643239
9761 195.22 -0.04681118869751108
9762 195.24 -0.04799883751838411
9763 195.26 -0.04918584920492994
9764 195.28 -0.05037899251721037
9765 195.3 -0.05157902544887853
9766 195.32 -0.05277392762877368
9767 195.34 -0.05395471383051858
9768 195.36 -0.05511356870669793
9769 195.38 -0.05628239465114273
9770 195.4 -0.05744723573227503
9771 195.42 -0.05860601482660779
9772 195.44 -0.05975693345496386
9773 195.46 -0.06087478682618635
9774 195.48 -0.06199778956674312
9775 195.5 -0.06311284849827893
9776 195.52 -0.06421580010400509
9777 195.54 -0.06530218726174632
9778 195.56 -0.06635038919929302
9779 195.58 -0.06739649240772468
9780 195.6 -0.06842655642083845
9781 195.62 -0.06944092773580908
9782 195.64 -0.07043602368493468
9783 195.66 -0.07139815088428876
9784 195.68 -0.07235615860413785
9785 195.7 -0.07329548692183897
9786 195.72 -0.0742150758818797
9787 195.74 -0.07511042325127852
9788 195.76 -0.07595865335879977
9789 195.78 -0.0767965768071586
9790 195.8 -0.07760838027753006
9791 195.82 -0.07839123635885178
9792 195.84 -0.07913904697592204
9793 195.86 -0.0798454925686345
9794 195.88 -0.08053644110083322
9795 195.9 -0.08119936083942685
9796 195.92 -0.08183935046868658
9797 195.94 -0.08243743484244878
9798 195.96 -0.08301198127594304
9799 195.98 -0.08355911077404618
9800 196 -0.0840746610645132
9801 196.02 -0.08455519787201778
9802 196.04 -0.0849809002259634
9803 196.06 -0.08538801465736481
9804 196.08 -0.08575948255412078
9805 196.1 -0.08609362757092108
9806 196.12 -0.08638141680275309
9807 196.14 -0.08666800984484298
9808 196.16 -0.08688238332044412
9809 196.18 -0.08705818920872566
9810 196.2 -0.08720480972767357
9811 196.22 -0.08730521929548121
9812 196.24 -0.08738364387133059
9813 196.26 -0.08742411259766776
9814 196.28 -0.08742324431415761
9815 196.3 -0.08736718632331505
9816 196.32 -0.08728152972776226
9817 196.34 -0.08716055316017898
9818 196.36 -0.08700309973011312
9819 196.38 -0.08680428986356958
9820 196.4 -0.08656501026194088
9821 196.42 -0.08630347624628154
9822 196.44 -0.08601789661579426
9823 196.46 -0.08571525563590045
9824 196.48 -0.08536008623532849
9825 196.5 -0.08498803533619184
9826 196.52 -0.08457875401429474
9827 196.54 -0.08413878984098594
9828 196.56 -0.08364778591424815
9829 196.58 -0.08313903926694843
9830 196.6 -0.08259994953651578
9831 196.62 -0.08203349162439701
9832 196.64 -0.08142563857156629
9833 196.66 -0.08079732543341918
9834 196.68 -0.08014002038184746
9835 196.7 -0.079454574979404
9836 196.72 -0.07873408907488659
9837 196.74 -0.07797911843310436
9838 196.76 -0.07721474180037499
9839 196.78 -0.07639476767477195
9840 196.8 -0.07556939731676357
9841 196.82 -0.07470971453340812
9842 196.84 -0.07384732650918648
9843 196.86 -0.07295497416368336
9844 196.88 -0.0720421580303036
9845 196.9 -0.07109341998215769
9846 196.92 -0.07012701752444683
9847 196.94 -0.06914645248522597
9848 196.96 -0.06816190555930302
9849 196.98 -0.0671580814426619
9850 197 -0.06615430860571724
9851 197.02 -0.06512042761167128
9852 197.04 -0.06406560682445131
9853 197.06 -0.06299246086678362
9854 197.08 -0.06187663740444932
9855 197.1 -0.06073409534086902
9856 197.12 -0.05958903905870795
9857 197.14 -0.05843652643300199
9858 197.16 -0.05727788747748551
9859 197.18 -0.05610993302417502
9860 197.2 -0.05493009778281452
9861 197.22 -0.05374532864169395
9862 197.24 -0.05256533454579708
9863 197.26 -0.05139392620005387
9864 197.28 -0.05016370292070256
9865 197.3 -0.04892661114354362
9866 197.32 -0.0476858937049149
9867 197.34 -0.04646507623406512
9868 197.36 -0.0452347926072421
9869 197.38 -0.04399586084060693
9870 197.4 -0.04275242997613758
9871 197.42 -0.04150708640040824
9872 197.44 -0.04026120021973695
9873 197.46 -0.03901311308516894
9874 197.48 -0.03776284826905266
9875 197.5 -0.03651137158444581
9876 197.52 -0.03526272383478329
9877 197.54 -0.03401636184523232
9878 197.56 -0.03277149557051939
9879 197.58 -0.03152753398253486
9880 197.6 -0.03028785807001134
9881 197.62 -0.02905454666167812
9882 197.64 -0.02782723124375837
9883 197.66 -0.02660601012412042
9884 197.68 -0.02538990797886057
9885 197.7 -0.02417692420847451
9886 197.72 -0.02296821414531876
9887 197.74 -0.0217636830672744
9888 197.76 -0.02056631185554203
9889 197.78 -0.01937619736671284
9890 197.8 -0.01820011636339637
9891 197.82 -0.01702968768147361
9892 197.84 -0.01586475659766563
9893 197.86 -0.01470497058653271
9894 197.88 -0.01354946737430204
9895 197.9 -0.01239944591209929
9896 197.92 -0.0112488014476672
9897 197.94 -0.01009965166660985
9898 197.96 -0.008954543798989448
9899 197.98 -0.0078121664981014
9900 198 -0.006674900597470454
9901 198.02 -0.005547342577359258
9902 198.04 -0.00442649540671896
9903 198.06 -0.003309235329132496
9904 198.08 -0.002171892488447018
9905 198.1 -0.001028161748352394
9906 198.12 0.0001150453772095321
9907 198.14 0.001257205942998155
9908 198.16 0.002401274805766262
9909 198.18 0.003547140488698763
9910 198.2 0.004691284433668464
9911 198.22 0.005834319427221239
9912 198.24 0.006988488109739321
9913 198.26 0.008141803216362145
9914 198.28 0.0092912022659031
9915 198.3 0.01043973299087033
9916 198.32 0.01158913966239554
9917 198.34 0.01274116401905081
9918 198.36 0.0138929075179273
9919 198.38 0.01504610932946792
9920 198.4 0.01620122723857806
9921 198.42 0.01735662275273435
9922 198.44 0.01851405358106206
9923 198.46 0.01967156472405373
9924 198.48 0.02083133777270056
9925 198.5 0.02199554548873699
9926 198.52 0.0231641724056947
9927 198.54 0.02433788940522559
9928 198.56 0.02553539225295986
9929 198.58 0.02674630154641004
9930 198.6 0.02795833674362358
9931 198.62 0.02917032116168917
9932 198.64 0.03038957813203334
9933 198.66 0.03162066818146052
9934 198.68 0.03280890439448675
9935 198.7 0.03399763845548151
9936 198.72 0.03519019288669526
9937 198.74 0.03639786842346289
9938 198.76 0.03760941332902639
9939 198.78 0.03882352824914574
9940 198.8 0.04003895486047301
9941 198.82 0.0412580573673633
9942 198.84 0.04247393146662612
9943 198.86 0.04369136843525942
9944 198.88 0.04490790597209491
9945 198.9 0.04611989196757736
9946 198.92 0.04732498882718581
9947 198.94 0.04850600139216187
9948 198.96 0.0496951352618081
9949 198.98 0.05089311012724109
9950 199 0.05209199258532448
9951 199.02 0.05328303002812017
9952 199.04 0.05444747233886531
9953 199.06 0.05561449194676524
9954 199.08 0.05677955663938986
9955 199.1 0.05794249891624398
9956 199.12 0.05909736252272981
9957 199.14 0.0602340536873179
9958 199.16 0.06135150794412071
9959 199.18 0.06247383777571284
9960 199.2 0.0635843080340759
9961 199.22 0.06468024616835331
9962 199.24 0.06575124774583264
9963 199.26 0.06679432871186422
9964 199.28 0.06783465628161026
9965 199.3 0.06885828213124739
9966 199.32 0.06986398990511858
9967 199.34 0.07084904662759405
9968 199.36 0.07180407480885172
9969 199.38 0.07275642213848212
9970 199.4 0.07368783774327643
9971 199.42 0.07459730192155146
9972 199.44 0.07547129646618926
9973 199.46 0.07631456616384544
9974 199.48 0.0771414651923957
9975 199.5 0.07794121049539664
9976 199.52 0.07871019665481792
9977 199.54 0.07943504143504551
9978 199.56 0.08013770312465342
9979 199.58 0.08081463280257981
9980 199.6 0.08147021825722489
9981 199.62 0.08209825853430523
9982 199.64 0.08267852620917253
9983 199.66 0.08324390951235833
9984 199.68 0.08377750623075224
9985 199.7 0.08427818248111943
9986 199.72 0.08473305602330325
9987 199.74 0.08515247332279229
9988 199.76 0.08554420891439893
9989 199.78 0.08589608075714156
9990 199.8 0.08621518212276055
9991 199.82 0.0865187486453684
9992 199.84 0.08675318144050854
9993 199.86 0.08694948031125332
9994 199.88 0.08711252765707882
9995 199.9 0.08723812608405818
9996 199.92 0.08733153375120173
9997 199.94 0.08739522125316759
9998 199.96 0.08741725195623595
9999 199.98 0.08739357366488294
10000 200 0.08731800489179395
