"rep-file-lift"
"Time Step" "flow-time etc.."
("Time Step" "flow-time" "report-def-lift")
0 0 0
1 0.02 0.0002779449987493958
2 0.04 -0.0004974013548941099
3 0.06 -0.0001854129837556501
4 0.08 2.179797586973137e-05
5 0.1 3.152994105683097e-05
6 0.12 1.823890954433594e-05
7 0.14 3.924060665821089e-05
8 0.16 -1.831585655523603e-05
9 0.18 -3.02759063985209e-05
10 0.2 -3.322617281702355e-05
11 0.22 -1.318037508463019e-05
12 0.24 -4.929885001713071e-05
13 0.26 -4.314900609851696e-05
14 0.28 -3.570067955099019e-05
15 0.3 2.482778018446017e-05
16 0.32 4.291028269157258e-05
17 0.34 5.476381186022026e-05
18 0.36 3.810485989536977e-05
19 0.38 1.38503175176337e-05
20 0.4 8.038345843245016e-05
21 0.42 4.585012180016138e-05
22 0.44 4.14851804124787e-05
23 0.46 5.298136234330061e-05
24 0.48 3.69021897294366e-05
25 0.5 3.875179726692062e-05
26 0.52 3.975987427656596e-05
27 0.54 3.011479995338617e-05
28 0.5600000000000001 1.860762856618187e-05
29 0.58 1.011656983995109e-05
30 0.6 -1.579059907353382e-05
31 0.62 -2.294099498933189e-05
32 0.64 -2.595732704078406e-05
33 0.66 7.381661940253169e-06
34 0.68 3.642776550379697e-05
35 0.7000000000000001 4.331885335375935e-05
36 0.72 1.677003887132222e-05
37 0.74 1.447552143391304e-05
38 0.76 3.830740462302065e-07
39 0.78 -1.336159017479958e-06
40 0.8 3.598599882305453e-07
41 0.8200000000000001 7.413696185640581e-06
42 0.84 8.487608339013497e-06
43 0.86 1.278463933901709e-05
44 0.88 2.021492493519066e-05
45 0.9 2.181738691487327e-05
46 0.92 1.584209500465639e-05
47 0.9400000000000001 1.698384088670594e-05
48 0.96 2.195625408329366e-05
49 0.98 2.329440445676868e-05
50 1 3.656566738089036e-05
51 1.02 3.788296942923007e-05
52 1.04 3.609927929854098e-05
53 1.06 4.765443055352941e-05
54 1.08 5.691230642168817e-05
55 1.1 4.45943043196597e-05
56 1.12 3.996764773642293e-05
57 1.14 3.032056841189766e-05
58 1.16 2.288908779870967e-05
59 1.18 1.521779534907951e-05
60 1.2 1.260169450472306e-05
61 1.22 4.739222254705345e-06
62 1.24 4.333291181586418e-06
63 1.26 -2.354101711373919e-05
64 1.28 -3.635215821276253e-05
65 1.3 -4.654987940631969e-05
66 1.32 -5.866821139382791e-05
67 1.34 -6.691991875406179e-05
68 1.36 -9.232740844827225e-05
69 1.38 -0.000108204292739152
70 1.4 -0.000118700256525505
71 1.42 -0.0001308655662544931
72 1.44 -0.0001424746409676086
73 1.46 -0.0001382176173133055
74 1.48 -0.0001362170925811233
75 1.5 -0.0001457047988304998
76 1.52 -0.0001405595955923918
77 1.54 -0.0001448160184688002
78 1.56 -0.0001461663195968641
79 1.58 -0.00014403292497751
80 1.6 -0.0001363826142789115
81 1.62 -0.0001448279600790943
82 1.64 -0.0001376552635232908
83 1.66 -0.0001396618386327954
84 1.68 -0.0001435161998018442
85 1.7 -0.0001471917641986813
86 1.72 -0.0001500271475300219
87 1.74 -0.000150118726966606
88 1.76 -0.0001501669621648588
89 1.78 -0.0001501453017890581
90 1.8 -0.0001552664897328032
91 1.82 -0.0001497562132359069
92 1.84 -0.0001511946068052615
93 1.86 -0.0001562430001756091
94 1.88 -0.000147117481297518
95 1.9 -0.0001132800415623571
96 1.92 -0.0001083963061285029
97 1.94 -7.81578117392099e-05
98 1.96 -5.934222548763646e-05
99 1.98 -3.813165259725783e-05
100 2 -2.071369992861428e-05
101 2.02 -6.346080181716664e-07
102 2.04 1.787383921787865e-05
103 2.06 3.299642630216066e-05
104 2.08 4.218147155410117e-05
105 2.1 4.73858497738412e-05
106 2.12 5.648400253422941e-05
107 2.14 5.974404585565901e-05
108 2.16 5.731708133751639e-05
109 2.18 4.558305900425323e-05
110 2.2 3.150941291734474e-05
111 2.22 5.319850396866052e-06
112 2.24 -2.064996861966096e-05
113 2.26 -5.103594532840203e-05
114 2.28 -8.750120635606348e-05
115 2.3 -0.0001263780253312409
116 2.32 -0.0001575680619398056
117 2.34 -0.000201061198847744
118 2.36 -0.0002414576964115978
119 2.38 -0.0002834279935470316
120 2.4 -0.000325055221145315
121 2.42 -0.0003402342618310359
122 2.44 -0.0003762180470007492
123 2.46 -0.0004055938616915671
124 2.48 -0.000432544586345723
125 2.5 -0.0004531653627185255
126 2.52 -0.0004736439637282228
127 2.54 -0.0004881952012912945
128 2.56 -0.0005006784488033359
129 2.58 -0.0005126213302360113
130 2.6 -0.0005179546381823524
131 2.62 -0.0005223117726271464
132 2.64 -0.000522369842085467
133 2.66 -0.0005160144553834627
134 2.68 -0.0005250982313337572
135 2.7 -0.0005128474441132437
136 2.72 -0.0005035678635024857
137 2.74 -0.0004950420493434023
138 2.76 -0.0004854628534259163
139 2.78 -0.0004687484983593662
140 2.8 -0.0004638326717906245
141 2.82 -0.0004585833018711601
142 2.84 -0.0004556035135329416
143 2.86 -0.0004593134285471004
144 2.88 -0.0004501608409846809
145 2.9 -0.0004517681267328709
146 2.92 -0.0004557324526736692
147 2.94 -0.0004649173085768142
148 2.96 -0.0004736453071809284
149 2.98 -0.0004848743097927059
150 3 -0.0004959643433669973
151 3.02 -0.0005113664542398043
152 3.04 -0.0005265986897012534
153 3.06 -0.0005441561305519591
154 3.08 -0.0005620980125120277
155 3.1 -0.000593108370085795
156 3.12 -0.0006123430226460326
157 3.14 -0.0006344894762052499
158 3.16 -0.0006526372127215731
159 3.18 -0.0006747389597504387
160 3.2 -0.0006987974186539688
161 3.22 -0.0007216665517274985
162 3.24 -0.000740570480148587
163 3.26 -0.0007588470838995706
164 3.28 -0.0007456757817921825
165 3.3 -0.0007867768087049464
166 3.32 -0.0007981853890513891
167 3.34 -0.0008125941453207032
168 3.36 -0.0008343555681252677
169 3.38 -0.0008561915381333422
170 3.4 -0.0008720383104978193
171 3.42 -0.0008634341843051845
172 3.44 -0.0008875908179328974
173 3.46 -0.0009009071705657966
174 3.48 -0.0009149591797024424
175 3.5 -0.0009292848156100169
176 3.52 -0.0009397311051849155
177 3.54 -0.0009451408114773379
178 3.56 -0.000949787312465033
179 3.58 -0.0009483195234878205
180 3.6 -0.0009438881008154956
181 3.62 -0.000964241506078597
182 3.64 -0.0009659556184517116
183 3.66 -0.0009871947960929136
184 3.68 -0.0009953324082577876
185 3.7 -0.001002044496059269
186 3.72 -0.0009886735333982091
187 3.74 -0.0009928928929451302
188 3.76 -0.001002970225967441
189 3.78 -0.001024206241376803
190 3.8 -0.001038979326079571
191 3.82 -0.001054945136067838
192 3.84 -0.001064909705684415
193 3.86 -0.001080148829838119
194 3.88 -0.001089247637401023
195 3.9 -0.001094757857064041
196 3.92 -0.00111203093241865
197 3.94 -0.001137235830786754
198 3.96 -0.001155391932082171
199 3.98 -0.001164196172846662
200 4 -0.00117912622404227
201 4.02 -0.00121033761266913
202 4.04 -0.00125028261763401
203 4.06 -0.001278592674407541
204 4.08 -0.001328887840054701
205 4.1 -0.001356614471093186
206 4.12 -0.00137946285620722
207 4.14 -0.001390625583606084
208 4.16 -0.001411263802087092
209 4.18 -0.001438802075835838
210 4.2 -0.001466576268127128
211 4.22 -0.001508765492390832
212 4.24 -0.001534966579597273
213 4.26 -0.001545770258969413
214 4.28 -0.001561510946718594
215 4.3 -0.001574608974253206
216 4.32 -0.001597573555898289
217 4.34 -0.001614867431636689
218 4.36 -0.00163263129580253
219 4.38 -0.001637788789532008
220 4.4 -0.001656046173297902
221 4.42 -0.001681838768455418
222 4.44 -0.001710976632226093
223 4.46 -0.001745288553608193
224 4.48 -0.0017545764424455
225 4.5 -0.001779748471378889
226 4.52 -0.001802758131428334
227 4.54 -0.001823307085535125
228 4.56 -0.001828199851135702
229 4.58 -0.001863442293201611
230 4.600000000000001 -0.001862889597298209
231 4.62 -0.001868042507583027
232 4.64 -0.00188780007897075
233 4.66 -0.001889868844579722
234 4.68 -0.001881413373898701
235 4.7 -0.001882805886725233
236 4.72 -0.001884477023772589
237 4.74 -0.001882711778582308
238 4.76 -0.001906224036236037
239 4.78 -0.001906611739851754
240 4.8 -0.001912384311888347
241 4.82 -0.001899912691612981
242 4.84 -0.001904072137308684
243 4.86 -0.001916962656556224
244 4.88 -0.001928955543278155
245 4.9 -0.001934964291297014
246 4.92 -0.001918311464428997
247 4.94 -0.001918663604440161
248 4.96 -0.001924352038225613
249 4.98 -0.001938507862722546
250 5 -0.001960319983637415
251 5.02 -0.001984273669956473
252 5.04 -0.002027815987528412
253 5.06 -0.002000956443690997
254 5.08 -0.002013842201879109
255 5.100000000000001 -0.002013658498071382
256 5.12 -0.002080148841633728
257 5.14 -0.002068226001321245
258 5.16 -0.002085798435556499
259 5.18 -0.002109275407798619
260 5.2 -0.002141086280558278
261 5.22 -0.002169806332988333
262 5.24 -0.002149288246947688
263 5.26 -0.002165746165164838
264 5.28 -0.002222840927616593
265 5.3 -0.002221459340622524
266 5.32 -0.002244506632772235
267 5.34 -0.002254135231111039
268 5.36 -0.002291928326594106
269 5.38 -0.002310203487489791
270 5.4 -0.002308131416683572
271 5.42 -0.002343237553765578
272 5.44 -0.002393186072234452
273 5.46 -0.002389570798813088
274 5.48 -0.002396993280181751
275 5.5 -0.002446975934139387
276 5.52 -0.002489742677780241
277 5.54 -0.002494796892181747
278 5.56 -0.002517351182670583
279 5.58 -0.0025561380220052
280 5.600000000000001 -0.002563695329825037
281 5.62 -0.002563909619084806
282 5.64 -0.002603385440640218
283 5.66 -0.002644552911758829
284 5.68 -0.002646114258578981
285 5.7 -0.002665024399689043
286 5.72 -0.002698331008296171
287 5.74 -0.002724449980016074
288 5.76 -0.002728661260274612
289 5.78 -0.002749736297863878
290 5.8 -0.002784390742442801
291 5.82 -0.00279380500886667
292 5.84 -0.002800576962255036
293 5.86 -0.002833995981994001
294 5.88 -0.002858312721114613
295 5.9 -0.002855316416610979
296 5.92 -0.002869103385517859
297 5.94 -0.002877440426323953
298 5.96 -0.002879869717559591
299 5.98 -0.002894668637049271
300 6 -0.002915231734445886
301 6.02 -0.002918788624113774
302 6.04 -0.002921580926611178
303 6.06 -0.002947480297099188
304 6.08 -0.002967578514511301
305 6.100000000000001 -0.003016820874098475
306 6.12 -0.003056870113639719
307 6.140000000000001 -0.003082267142920794
308 6.16 -0.003106195069187973
309 6.18 -0.003116776742500087
310 6.2 -0.003104514170860492
311 6.22 -0.003107781859931852
312 6.24 -0.00310570406752828
313 6.26 -0.003111219758994205
314 6.28 -0.003116720695182195
315 6.3 -0.003124968412174063
316 6.32 -0.003138148283173678
317 6.34 -0.003150756294027118
318 6.36 -0.003171827912576905
319 6.38 -0.003185989076915546
320 6.4 -0.003220738151216594
321 6.42 -0.003244538997026434
322 6.44 -0.003258099213434349
323 6.46 -0.003283142145781273
324 6.48 -0.00331286063812089
325 6.5 -0.003333525713591202
326 6.52 -0.003398894759452673
327 6.54 -0.003428983428889785
328 6.56 -0.003462564090855093
329 6.58 -0.003460191595937728
330 6.600000000000001 -0.003454296504428239
331 6.62 -0.003462581774858385
332 6.640000000000001 -0.003472936231541061
333 6.66 -0.003481467556924546
334 6.68 -0.003494786435631949
335 6.7 -0.003514385862059015
336 6.72 -0.003527121342882093
337 6.74 -0.003544198098549505
338 6.76 -0.003563483863576618
339 6.78 -0.003587805222722885
340 6.8 -0.003620802232507239
341 6.82 -0.003647612975305823
342 6.84 -0.003653850741824562
343 6.86 -0.003662161967882685
344 6.88 -0.003650817995434781
345 6.9 -0.003640234472443456
346 6.92 -0.003653378867130772
347 6.94 -0.003667352316058384
348 6.96 -0.003662724438383109
349 6.98 -0.003664785475528138
350 7 -0.003680177463510805
351 7.02 -0.003683294478482737
352 7.04 -0.003689470017225269
353 7.06 -0.003686599540484054
354 7.08 -0.003694272236460445
355 7.100000000000001 -0.003703592408813628
356 7.12 -0.003709808932149176
357 7.140000000000001 -0.003720242752178772
358 7.16 -0.003722736705630173
359 7.18 -0.003711833592863473
360 7.2 -0.003711576535173216
361 7.22 -0.003711105715757512
362 7.24 -0.003703013482483153
363 7.26 -0.003698383716307118
364 7.28 -0.003702390795756289
365 7.3 -0.003709084657787232
366 7.32 -0.003715347710651432
367 7.34 -0.003721557420826388
368 7.36 -0.003731054004174724
369 7.38 -0.003718282506690012
370 7.4 -0.003718459186599773
371 7.42 -0.003728033063457777
372 7.44 -0.003721363437958298
373 7.46 -0.003719905746698742
374 7.48 -0.003711163863382125
375 7.5 -0.003699187090398206
376 7.52 -0.003672813734492715
377 7.54 -0.003655543343531797
378 7.56 -0.003644749787120184
379 7.58 -0.003631362038431259
380 7.600000000000001 -0.003619530074073025
381 7.62 -0.003624224026394841
382 7.640000000000001 -0.003619032850578421
383 7.66 -0.00361601136198598
384 7.68 -0.003602298574692454
385 7.7 -0.003591272361893951
386 7.72 -0.003572704385404904
387 7.74 -0.003558826784637151
388 7.76 -0.003552385163691341
389 7.78 -0.003533299016876186
390 7.8 -0.003489912318786624
391 7.82 -0.003467334692678185
392 7.84 -0.003438771830068658
393 7.86 -0.003416693887089796
394 7.88 -0.003398415288979254
395 7.9 -0.003393859065614145
396 7.92 -0.003389093030288253
397 7.94 -0.00337582053190255
398 7.96 -0.003364557771334985
399 7.98 -0.00335222368852357
400 8 -0.003326761027471857
401 8.02 -0.003284692467978704
402 8.040000000000001 -0.003252027364225643
403 8.06 -0.003210270796600073
404 8.08 -0.003158694053531791
405 8.1 -0.003124584767118117
406 8.120000000000001 -0.003080301129192523
407 8.140000000000001 -0.00304237967629651
408 8.16 -0.003028930677431233
409 8.18 -0.003007980745693029
410 8.199999999999999 -0.00297819736389408
411 8.220000000000001 -0.002954951194766073
412 8.24 -0.00293897807595144
413 8.26 -0.002917825589663146
414 8.279999999999999 -0.002883721928609786
415 8.300000000000001 -0.002810348896065367
416 8.32 -0.00274817743524034
417 8.34 -0.002712111318781196
418 8.359999999999999 -0.002667211587735776
419 8.380000000000001 -0.002631396350083954
420 8.4 -0.002604463870933223
421 8.42 -0.002573874583154996
422 8.44 -0.002547708088573224
423 8.460000000000001 -0.002513463393063819
424 8.48 -0.002479387729080603
425 8.5 -0.002443407553298541
426 8.52 -0.002397168683928187
427 8.540000000000001 -0.002351224752536941
428 8.56 -0.002306603369330557
429 8.58 -0.002252132103645691
430 8.6 -0.002195874515775548
431 8.620000000000001 -0.002146671717814844
432 8.640000000000001 -0.002104950806650594
433 8.66 -0.002065767369787636
434 8.68 -0.002030052188269114
435 8.700000000000001 -0.001993357909432705
436 8.720000000000001 -0.001954941904955047
437 8.74 -0.00191732846522833
438 8.76 -0.001874501853861484
439 8.779999999999999 -0.001831132320123913
440 8.800000000000001 -0.001781702040805536
441 8.82 -0.001739856314882267
442 8.84 -0.001689473134212795
443 8.859999999999999 -0.001647275288426229
444 8.880000000000001 -0.001594548619515859
445 8.9 -0.001539683482178685
446 8.92 -0.001492057556986157
447 8.94 -0.001452477069213201
448 8.960000000000001 -0.001405499906561175
449 8.98 -0.001360547893533645
450 9 -0.001313930310194931
451 9.02 -0.001267516744622891
452 9.040000000000001 -0.001222420201146849
453 9.06 -0.001176092456870315
454 9.08 -0.001127263511814455
455 9.1 -0.001076907980640285
456 9.120000000000001 -0.001056379189557912
457 9.140000000000001 -0.0009944091732907963
458 9.16 -0.0009342152996715618
459 9.18 -0.0009135181298379313
460 9.200000000000001 -0.0008496749226898893
461 9.220000000000001 -0.0008257963613044405
462 9.24 -0.0007490534936618824
463 9.26 -0.0006895278993025533
464 9.279999999999999 -0.0006701099696828947
465 9.300000000000001 -0.0006006688394390317
466 9.32 -0.0005792447675515375
467 9.34 -0.0005000594601098293
468 9.359999999999999 -0.0004821434781644216
469 9.380000000000001 -0.0003881077388168793
470 9.4 -0.0003755084337400446
471 9.42 -0.0002918629780193953
472 9.44 -0.0002740830635729767
473 9.460000000000001 -0.0001963545312459093
474 9.48 -0.0001698820409183964
475 9.5 -9.142913930823039e-05
476 9.52 -6.598163296491529e-05
477 9.540000000000001 1.817427267964745e-05
478 9.56 3.951424480694353e-05
479 9.58 0.0001240178304544716
480 9.6 0.00015581257113668
481 9.620000000000001 0.0002365390593292943
482 9.640000000000001 0.0002709559257592244
483 9.66 0.0003597804999789452
484 9.68 0.0003907348547033673
485 9.700000000000001 0.0004772636590879465
486 9.720000000000001 0.0005084037964925411
487 9.74 0.0006035485763696116
488 9.76 0.0006265201522860624
489 9.779999999999999 0.0007153108148656819
490 9.800000000000001 0.0007474637641557372
491 9.82 0.0008487316918320993
492 9.84 0.0008782725257006985
493 9.859999999999999 0.00096711684076305
494 9.880000000000001 0.001005446124578419
495 9.9 0.001088838837431571
496 9.92 0.001124380284809486
497 9.94 0.001217930208485997
498 9.960000000000001 0.001254150919524776
499 9.98 0.001349599085896452
500 10 0.001387377364992645
501 10.02 0.001478904607977114
502 10.04 0.001520544361843687
503 10.06 0.001625398126385245
504 10.08 0.001656707538149782
505 10.1 0.001761770970528291
506 10.12 0.001793424822698094
507 10.14 0.001885428961928349
508 10.16 0.001927634007071795
509 10.18 0.002027936964576709
510 10.2 0.002060720395432566
511 10.22 0.002168692423113061
512 10.24 0.002206669046224291
513 10.26 0.002310034029923462
514 10.28 0.002349823302282626
515 10.3 0.002451502040612755
516 10.32 0.002488839808903646
517 10.34 0.002593670436623316
518 10.36 0.002629397264808227
519 10.38 0.002734308156145357
520 10.4 0.002766077816545444
521 10.42 0.002883808062825153
522 10.44 0.002908470759069574
523 10.46 0.003033830584616379
524 10.48 0.003068229855043931
525 10.5 0.003182385329785237
526 10.52 0.003206907676320976
527 10.54 0.003330518794671829
528 10.56 0.003354263232399186
529 10.58 0.003477635525944328
530 10.6 0.003498968413099558
531 10.62 0.003623116604674941
532 10.64 0.003655519253956335
533 10.66 0.003786784881255967
534 10.68 0.003806496585429307
535 10.7 0.003933305738282994
536 10.72 0.003955788671715803
537 10.74 0.004080355847966062
538 10.76 0.004108854617474563
539 10.78 0.004236629335689948
540 10.8 0.004268405270814673
541 10.82 0.004397133302709715
542 10.84 0.004417846725429989
543 10.86 0.004547862851369283
544 10.88 0.004572881834125773
545 10.9 0.004703918274487453
546 10.92 0.004726515271111567
547 10.94 0.004855952259416167
548 10.96 0.004873920497474671
549 10.98 0.005016298357192622
550 11 0.005037133461381384
551 11.02 0.005180469658647558
552 11.04 0.005195901761758012
553 11.06 0.005339054829824214
554 11.08 0.005352578885440711
555 11.1 0.005497832522408382
556 11.12 0.005513102729512568
557 11.14 0.005656770879612731
558 11.16 0.005677595296666085
559 11.18 0.005829232825087708
560 11.2 0.005845025041046727
561 11.22 0.005991519167367149
562 11.24 0.006007222080876133
563 11.26 0.00610755295586234
564 11.28 0.006145209846424086
565 11.3 0.006311543374300097
566 11.32 0.006329565643750786
567 11.34 0.006489453448254794
568 11.36 0.006502414108782181
569 11.38 0.006662799232792434
570 11.4 0.006675210172200327
571 11.42 0.006839369523403605
572 11.44 0.00684723681671293
573 11.46 0.007012659312076733
574 11.48 0.007021036430433665
575 11.5 0.007178487489087108
576 11.52 0.007194443642096288
577 11.54 0.00735443698266398
578 11.56 0.007368695930227185
579 11.58 0.007531567062678802
580 11.6 0.007543552994563975
581 11.62 0.007647447384826038
582 11.64 0.007685096904595541
583 11.66 0.007861105320694887
584 11.68 0.007878432878477641
585 11.7 0.00798620355450793
586 11.72 0.008026740475387033
587 11.74 0.008208431952052479
588 11.76 0.008226299707327533
589 11.78 0.008276631039938356
590 11.8 0.008465683796083203
591 11.82 0.008481512778433382
592 11.84 0.008530066690186602
593 11.86 0.00871271401138007
594 11.88 0.008733843535642868
595 11.9 0.008783945265286084
596 11.92 0.008974050273225335
597 11.94 0.008990277529071085
598 11.96 0.009040369930808995
599 11.98 0.009228822751162703
600 12 0.009249375648650448
601 12.02 0.009299996720305393
602 12.04 0.009430249491216406
603 12.06 0.00947689678474037
604 12.08 0.009606239519712697
605 12.1 0.009651400556125152
606 12.12 0.009784406412959561
607 12.14 0.009825971534230928
608 12.16 0.009957862095684398
609 12.18 0.009999909665866431
610 12.2 0.01013125872320681
611 12.22 0.01017137874189999
612 12.24 0.01030085625224526
613 12.26 0.01034069547963962
614 12.28 0.01047343922044053
615 12.3 0.01051294585608605
616 12.32 0.010643590678838
617 12.34 0.01068303844932333
618 12.36 0.01074717953259124
619 12.38 0.01094952325708306
620 12.4 0.0109209633131647
621 12.42 0.0109254473501301
622 12.44 0.01094505644474344
623 12.46 0.01118670034716426
624 12.48 0.0111590112019638
625 12.5 0.01116266669216119
626 12.52 0.01118179072983644
627 12.54 0.01142127632396447
628 12.56 0.01139441884042592
629 12.58 0.01139585846259816
630 12.6 0.0116074436258765
631 12.62 0.01157745920576717
632 12.64 0.01157534489042202
633 12.66 0.01159083430775046
634 12.68 0.01182891214716565
635 12.7 0.01179629221502035
636 12.72 0.01179827955230646
637 12.74 0.01181437903271122
638 12.76 0.0120487160405344
639 12.78 0.01202130898989164
640 12.8 0.01202084775717109
641 12.82 0.01203469079477352
642 12.84 0.01226765446006111
643 12.86 0.01223930496736936
644 12.88 0.01223580546385435
645 12.9 0.01224584290782312
646 12.92 0.01246672084271355
647 12.94 0.01243498458806655
648 12.96 0.01243020528569226
649 12.98 0.0124382233150592
650 13 0.01266047280065461
651 13.02 0.01262661876417018
652 13.04 0.01262111071036387
653 13.06 0.01262887311812105
654 13.08 0.0128492245639807
655 13.1 0.01281433716178742
656 13.12 0.01280751512279372
657 13.14 0.01281492000644028
658 13.16 0.01303697111544446
659 13.18 0.01299949217323396
660 13.2 0.01299238918454616
661 13.22 0.01300138064395109
662 13.24 0.01301814866473216
663 13.26 0.01325837429894034
664 13.28 0.01322522214401456
665 13.3 0.01321837721141886
666 13.32 0.01322863890669973
667 13.34 0.01345307940133988
668 13.36 0.0134207875270072
669 13.38 0.01341257327070693
670 13.4 0.01342165855895589
671 13.42 0.01343965504985618
672 13.44 0.01368707426336771
673 13.46 0.01365036585353512
674 13.48 0.01364120109021364
675 13.5 0.01364841095139974
676 13.52 0.01366150336002131
677 13.54 0.01390107454952805
678 13.56 0.01386443841063252
679 13.58 0.01385382343723432
680 13.6 0.0138601525825103
681 13.62 0.01387191632469905
682 13.64 0.01411210978621986
683 13.66 0.01407255248226434
684 13.68 0.01406200554071846
685 13.7 0.01406723111815572
686 13.72 0.0140805287257067
687 13.74 0.01431720108360855
688 13.76 0.01427726502693773
689 13.78 0.01426385575081654
690 13.8 0.01426500194722573
691 13.82 0.01427534283995512
692 13.84 0.01451305925160376
693 13.86 0.0144648153178466
694 13.88 0.01445089030693654
695 13.9 0.0144518761919139
696 13.92 0.01446042589895795
697 13.94 0.01469208801440252
698 13.96 0.01464667727995767
699 13.98 0.01463224431970134
700 14 0.01463115784342186
701 14.02 0.01463758631300127
702 14.04 0.0148685931683616
703 14.06 0.01481825093886119
704 14.08 0.014800653760312
705 14.1 0.01479872272275146
706 14.12 0.01480250607566796
707 14.14 0.01481572007614685
708 14.16 0.01504844420685232
709 14.18 0.0149953349285962
710 14.2 0.01497751590492349
711 14.22 0.01497562279769214
712 14.24 0.0149794261353532
713 14.26 0.01499240721949318
714 14.28 0.01522212411473512
715 14.3 0.01516732195392373
716 14.32 0.01514764419018752
717 14.34 0.01514284340654671
718 14.36 0.01514725920178847
719 14.38 0.01515770589849587
720 14.4 0.01538112093841001
721 14.42 0.01532924480232156
722 14.44 0.01530571883323767
723 14.46 0.01529942309460634
724 14.48 0.01529821200432654
725 14.5 0.01530483634310417
726 14.52 0.01551098880883175
727 14.54 0.0154598726639239
728 14.56 0.01543491857623692
729 14.58 0.01542738449946646
730 14.6 0.01542404929487412
731 14.62 0.01542786112303508
732 14.64 0.01563218060160743
733 14.66 0.01557816375227019
734 14.68 0.01555307349372171
735 14.7 0.01554111636650234
736 14.72 0.01553815569082779
737 14.74 0.01553927241375054
738 14.76 0.01573872884948515
739 14.78 0.01568465963067652
740 14.8 0.01565755871706199
741 14.82 0.0156441005208927
742 14.84 0.01564018472947283
743 14.86 0.01564386533266179
744 14.88 0.01584414542020756
745 14.9 0.0157850670092167
746 14.92 0.01575635080241905
747 14.94 0.01574321696640175
748 14.96 0.01573873796589256
749 14.98 0.01574022940426853
750 15 0.01593430382512655
751 15.02 0.01587546881935099
752 15.04 0.01584703811152868
753 15.06 0.01583339900291615
754 15.08 0.01582756892959494
755 15.1 0.01582619156440925
756 15.12 0.01601485600678755
757 15.14 0.01594838866433187
758 15.16 0.01591862022882361
759 15.18 0.01590068142535998
760 15.2 0.01589063723695038
761 15.22 0.01588612413669389
762 15.24 0.01606423354998246
763 15.26 0.01599645694175042
764 15.28 0.015964372332475
765 15.3 0.01594433571852116
766 15.32 0.01593190805424629
767 15.34 0.01592623012283023
768 15.36 0.01592285033756429
769 15.38 0.01608714586087823
770 15.4 0.01602359061594573
771 15.42 0.01599156442391891
772 15.44 0.01597063531069601
773 15.46 0.01595750837562919
774 15.48 0.015948080916556
775 15.5 0.01594093663288547
776 15.52 0.01593722739693985
777 15.54 0.0160984942875276
778 15.56 0.01603430063201969
779 15.58 0.01600163869096123
780 15.6 0.01597887075211413
781 15.62 0.01596283968749683
782 15.64 0.01595435024614891
783 15.66 0.01594602635922295
784 15.68 0.01607990630068824
785 15.7 0.01602222387333559
786 15.72 0.01598855108287226
787 15.74 0.01596576056117828
788 15.76 0.01594760049677687
789 15.78 0.01593356982212793
790 15.8 0.01592250287139776
791 15.82 0.01603618512098282
792 15.84 0.01598270556983364
793 15.86 0.01594722268361701
794 15.88 0.01592226690007315
795 15.9 0.01590154680167293
796 15.92 0.01588555374919332
797 15.94 0.01587087927644095
798 15.96 0.01596567903912234
799 15.98 0.01591494890978869
800 16 0.01587981252737406
801 16.02 0.01585426037602577
802 16.04 0.01583393063777397
803 16.06 0.01581644449468949
804 16.08 0.01580177224451046
805 16.1 0.01588148988616023
806 16.12 0.01582958232990769
807 16.14 0.01579509733761834
808 16.16 0.01576544776063895
809 16.18 0.01574064947351705
810 16.2 0.01571735219709177
811 16.22 0.01569780288138017
812 16.24 0.01568142169617425
813 16.26 0.01573582275865516
814 16.28 0.01568938152811118
815 16.3 0.01565301150471509
816 16.32 0.01562418627775591
817 16.34 0.01559788073767429
818 16.36 0.01557329904216231
819 16.38 0.01555147216733024
820 16.4 0.01553060340816577
821 16.42 0.01557047810154667
822 16.44 0.01552239082248107
823 16.46 0.01549013360384587
824 16.48 0.01546083292098127
825 16.5 0.01543484288159727
826 16.52 0.0154117964951756
827 16.54 0.01538722356212384
828 16.56 0.01536400431994778
829 16.58 0.01537178353484195
830 16.6 0.01533212076256429
831 16.62 0.01530048254364665
832 16.64 0.01527070808848732
833 16.66 0.01524298285647854
834 16.68 0.01521669072732931
835 16.7 0.01519152427095259
836 16.72 0.01516665510573469
837 16.74 0.01514040544585943
838 16.76 0.01512074397060398
839 16.78 0.0150871252392319
840 16.8 0.0150527353984657
841 16.82 0.01502077286591961
842 16.84 0.01498792762177232
843 16.86 0.01495653705877013
844 16.88 0.01492493469732315
845 16.9 0.01489622068115994
846 16.92 0.01484081200753241
847 16.94 0.01481410853951129
848 16.96 0.01478107763670964
849 16.98 0.01474863913846704
850 17 0.01471548584778177
851 17.02 0.0146825470832912
852 17.04 0.01464885859834051
853 17.06 0.01461568842464553
854 17.08 0.01458408137907296
855 17.1 0.01450064190452841
856 17.12 0.01447649558286924
857 17.14 0.014443364024676
858 17.16 0.01440800704669748
859 17.18 0.01437278735617296
860 17.2 0.01433613281789515
861 17.22 0.01429824688742191
862 17.24 0.01425721448899734
863 17.26 0.0141410234385526
864 17.28 0.01411888637662817
865 17.3 0.01408615189593927
866 17.32 0.01405174661417869
867 17.34 0.01401349494043193
868 17.36 0.01397292242542982
869 17.38 0.01393158667170789
870 17.4 0.013890135324514
871 17.42 0.01384802559156149
872 17.44 0.01380485024742196
873 17.46 0.01365537014572527
874 17.48 0.01363764764924807
875 17.5 0.01360657267371745
876 17.52 0.01356976623048855
877 17.54 0.0135282455640298
878 17.56 0.01348481657669678
879 17.58 0.01343899376845244
880 17.6 0.01339286609668333
881 17.62 0.01334559853202597
882 17.64 0.01329740567131579
883 17.66 0.01310607891209234
884 17.68 0.01309561150485764
885 17.7 0.01306525649690535
886 17.72 0.01302771979556694
887 17.74 0.01298617557623009
888 17.76 0.0129405586382453
889 17.78 0.01289325233213145
890 17.8 0.01284414024544688
891 17.82 0.01279427144486812
892 17.84 0.01257480528398834
893 17.86 0.01257873851445496
894 17.88 0.0125491031506883
895 17.9 0.01251008245503289
896 17.92 0.01246785371535788
897 17.94 0.01242077869879653
898 17.96 0.01237086641280041
899 17.98 0.01232014656344161
900 18 0.01226807875390357
901 18.02 0.01201864612417875
902 18.04 0.01202834601002574
903 18.06 0.01200224261048476
904 18.08 0.01196889927329866
905 18.1 0.01192855712623214
906 18.12 0.0118846161261811
907 18.14 0.01183572571315925
908 18.16 0.01178181604099547
909 18.18 0.01172465757307479
910 18.2 0.01142740338246812
911 18.22 0.01143826308616414
912 18.24 0.01140830360454767
913 18.26 0.0113652731679203
914 18.28 0.01131277346135122
915 18.3 0.01125623354195171
916 18.32 0.01119222406330039
917 18.34 0.01112509515591068
918 18.36 0.0110572647232546
919 18.38 0.01098830475773482
920 18.4 0.01091711616536869
921 18.42 0.01084447786423974
922 18.44 0.01077067722673773
923 18.46 0.01038471270098235
924 18.48 0.0104008793933996
925 18.5 0.01036828460753729
926 18.52 0.01032111421702481
927 18.54 0.01026285678763879
928 18.56 0.01019718804021493
929 18.58 0.01012786345081847
930 18.6 0.01005248347961396
931 18.62 0.009975568535293716
932 18.64 0.009897688153847738
933 18.66 0.009818411627494483
934 18.68 0.009740163061603408
935 18.7 0.009660967397996363
936 18.72 0.00958265323667392
937 18.74 0.00914689184913159
938 18.76 0.009177169236823966
939 18.78 0.009152980176872352
940 18.8 0.009110700099060173
941 18.82 0.009054858081199706
942 18.84 0.008991211701297838
943 18.86 0.008921756931000342
944 18.88 0.008848476717020744
945 18.9 0.00877108791419475
946 18.92 0.008692150241103385
947 18.94 0.008611750302933782
948 18.96 0.008530060562893267
949 18.98 0.008054120430492809
950 19 0.008094260569854976
951 19.02 0.008069990863375155
952 19.04 0.008026693629100749
953 19.06 0.007968139808730812
954 19.08 0.007900999256258185
955 19.1 0.007827735534656441
956 19.12 0.007749588613811746
957 19.14 0.007668393588954756
958 19.16 0.007159325222837367
959 19.18 0.007208137484453275
960 19.2 0.007191649547938292
961 19.22 0.007148169968531587
962 19.24 0.007091237565064999
963 19.26 0.007025336516555815
964 19.28 0.006951621099781985
965 19.3 0.006872467024483818
966 19.32 0.006789417053046438
967 19.34 0.006232532750499081
968 19.36 0.006297336861438655
969 19.38 0.006279297556686829
970 19.4 0.0062404217130863
971 19.42 0.006181573766049425
972 19.44 0.006113492700617904
973 19.46 0.006035143186892402
974 19.48 0.00595297186556118
975 19.5 0.005865631187637922
976 19.52 0.00577479014224538
977 19.54 0.005168801108780277
978 19.56 0.00524492033922233
979 19.58 0.005231111051199879
980 19.6 0.005189997587104498
981 19.62 0.005132069751159921
982 19.64 0.005060471782282231
983 19.66 0.004979265761644339
984 19.68 0.004892044137360843
985 19.7 0.004799163215307912
986 19.72 0.004703819840556669
987 19.74 0.004606057267747807
988 19.76 0.004506559012109678
989 19.78 0.004406392318283546
990 19.8 0.00372937396052222
991 19.82 0.003820830624918383
992 19.84 0.003807901296782723
993 19.86 0.00376822060306675
994 19.88 0.00370770467255172
995 19.9 0.00363513269393803
996 19.92 0.003550750011389402
997 19.94 0.003459496017321418
998 19.96 0.003363731874184542
999 19.98 0.003264093262202281
1000 20 0.003162036021109317
1001 20.02 0.003057515975472699
1002 20.04 0.002330210927476275
1003 20.06 0.002420621381251529
1004 20.08 0.002414012919759196
1005 20.1 0.002375447143033759
1006 20.12 0.002315700328727638
1007 20.14 0.002240754428209863
1008 20.16 0.002154682931965508
1009 20.18 0.002061123031890344
1010 20.2 0.001962542397252554
1011 20.22 0.001860859054168566
1012 20.24 0.0017566211313197
1013 20.26 0.001649889041282946
1014 20.28 0.001541665856916944
1015 20.3 0.001432815400629384
1016 20.32 0.00132333189126204
1017 20.34 0.001211911157589663
1018 20.36 0.0004103526021751741
1019 20.38 0.0005191462286461333
1020 20.4 0.0005178158114988694
1021 20.42 0.0004811116980669731
1022 20.44 0.0004202068172480559
1023 20.46 0.0003416714960803425
1024 20.48 0.0002502943457496535
1025 20.5 0.000149024435456042
1026 20.52 4.208830680213824e-05
1027 20.54 -0.0007996763379269688
1028 20.56 -0.0006761370207467821
1029 20.58 -0.000670759900443746
1030 20.6 -0.0007081796584902781
1031 20.62 -0.0007709974706136852
1032 20.64 -0.0008521248091813
1033 20.66 -0.0009457776123659794
1034 20.68 -0.001048355956822608
1035 20.7 -0.001157371725223891
1036 20.72 -0.002042311578642003
1037 20.74 -0.00190627215261664
1038 20.76 -0.001897146568106857
1039 20.78 -0.001932980686123892
1040 20.8 -0.001996117849137117
1041 20.82 -0.002078106417997867
1042 20.84 -0.00217391050084817
1043 20.86 -0.002279107722591692
1044 20.88 -0.00239109486950152
1045 20.9 -0.002507694813178476
1046 20.92 -0.002629262014179759
1047 20.94 -0.002753690041348389
1048 20.96 -0.002879078763424066
1049 20.98 -0.003843106970822597
1050 21 -0.003698923284054282
1051 21.02 -0.003687996218310507
1052 21.04 -0.003724171898728575
1053 21.06 -0.003790591870312875
1054 21.08 -0.003876836705810744
1055 21.1 -0.003976426631750437
1056 21.12 -0.004088047046753075
1057 21.14 -0.0042042650212451
1058 21.16 -0.00432554842463998
1059 21.18 -0.004449730060063686
1060 21.2 -0.004575692561208389
1061 21.22 -0.004703594234112432
1062 21.24 -0.004832873063307574
1063 21.26 -0.004963212502003497
1064 21.28 -0.005094239980361729
1065 21.3 -0.00522588206692997
1066 21.32 -0.005356579449771836
1067 21.34 -0.005489415068873444
1068 21.36 -0.005622073825825413
1069 21.38 -0.005755229414698309
1070 21.4 -0.005888752351978848
1071 21.42 -0.006022651716674491
1072 21.44 -0.00615685324930798
1073 21.46 -0.006291193816149058
1074 21.48 -0.006425551872788935
1075 21.5 -0.00656008105049943
1076 21.52 -0.006695022719238445
1077 21.54 -0.007775156531311947
1078 21.56 -0.007594499826396804
1079 21.58 -0.007572380413773202
1080 21.6 -0.007598584066392974
1081 21.62 -0.007660015815516385
1082 21.64 -0.0077446332516388
1083 21.66 -0.00784456283658673
1084 21.68 -0.007955810331828881
1085 21.7 -0.008074955042516959
1086 21.72 -0.008199417955821636
1087 21.74 -0.008327965459476682
1088 21.76 -0.008460240114580308
1089 21.78 -0.008593554322302206
1090 21.8 -0.008728814988941621
1091 21.82 -0.008865156014402535
1092 21.84 -0.009001975355392053
1093 21.86 -0.009139558815320617
1094 21.88 -0.009277681377100409
1095 21.9 -0.009416073976210594
1096 21.92 -0.009553333400645049
1097 21.94 -0.009691664159709547
1098 21.96 -0.009830105978211785
1099 21.98 -0.009969052894606445
1100 22 -0.01010820997151356
1101 22.02 -0.01024742478564943
1102 22.04 -0.01038748190385528
1103 22.06 -0.01052691768506869
1104 22.08 -0.01169999636661643
1105 22.1 -0.01148938974437947
1106 22.12 -0.01145380211600855
1107 22.14 -0.0114741842138997
1108 22.16 -0.0115319841707291
1109 22.18 -0.01161483999655158
1110 22.2 -0.01171589407772253
1111 22.22 -0.01183118403211496
1112 22.24 -0.01195367579354517
1113 22.26 -0.01208287881459012
1114 22.28 -0.0122154856323494
1115 22.3 -0.01235093709633409
1116 22.32 -0.01248906380594251
1117 22.34 -0.01262727269211287
1118 22.36 -0.01276749394153271
1119 22.38 -0.01290782269047712
1120 22.4 -0.01304852612470163
1121 22.42 -0.01318869893965619
1122 22.44 -0.01333061304787247
1123 22.46 -0.01347304984925894
1124 22.48 -0.01361455383012628
1125 22.5 -0.01486127201181714
1126 22.52 -0.01462812462915483
1127 22.54 -0.01458196193570707
1128 22.56 -0.01459612060457728
1129 22.58 -0.0146499777620125
1130 22.6 -0.01473055617691885
1131 22.62 -0.0148294494581944
1132 22.64 -0.01494203497866921
1133 22.66 -0.01506287960748452
1134 22.68 -0.01629598375341606
1135 22.7 -0.01604997996345318
1136 22.72 -0.01599519325820911
1137 22.74 -0.01600154646092794
1138 22.76 -0.0160501122504968
1139 22.78 -0.01612662535126664
1140 22.8 -0.01622366987710692
1141 22.82 -0.01633377880142452
1142 22.84 -0.01645244976891526
1143 22.86 -0.01657749164445723
1144 22.88 -0.01670492514032052
1145 22.9 -0.01683698454474632
1146 22.92 -0.0169701538524872
1147 22.94 -0.01826063679608315
1148 22.96 -0.01799933376036984
1149 22.98 -0.0179383940986332
1150 23 -0.01794076145695699
1151 23.02 -0.01798679644981378
1152 23.04 -0.01806123160840318
1153 23.06 -0.01815423040683602
1154 23.08 -0.01826095893621305
1155 23.1 -0.01837616429943545
1156 23.12 -0.01849764283920324
1157 23.14 -0.01862349519479136
1158 23.16 -0.01875300896772492
1159 23.18 -0.02005501827202014
1160 23.2 -0.0197881904311927
1161 23.22 -0.01972024464058002
1162 23.24 -0.01971791205371322
1163 23.26 -0.019759347635613
1164 23.28 -0.01983010888646368
1165 23.3 -0.01992121940928816
1166 23.32 -0.0200262564364216
1167 23.34 -0.02014038263723827
1168 23.36 -0.02026131622116673
1169 23.38 -0.02038686663528473
1170 23.4 -0.02051613960836419
1171 23.42 -0.02184805977803147
1172 23.44 -0.02156693380943163
1173 23.46 -0.02149181165050012
1174 23.48 -0.02148515871465554
1175 23.5 -0.02152339972775766
1176 23.52 -0.02159183847814572
1177 23.54 -0.02168214209184569
1178 23.56 -0.02178620250886887
1179 23.58 -0.02190002930981304
1180 23.6 -0.02201930625609653
1181 23.62 -0.02214432274852739
1182 23.64 -0.0222716324298794
1183 23.66 -0.02240134077939587
1184 23.68 -0.02253350333998051
1185 23.7 -0.02388791083011751
1186 23.72 -0.02359774166344077
1187 23.74 -0.02351523894105137
1188 23.76 -0.02350199963928951
1189 23.78 -0.02353390701544084
1190 23.8 -0.02359811961021388
1191 23.82 -0.02367954341294386
1192 23.84 -0.02377666277180838
1193 23.86 -0.02388398081699455
1194 23.88 -0.02399705445099519
1195 23.9 -0.02411577675107587
1196 23.92 -0.02423745842419326
1197 23.94 -0.02436147101306951
1198 23.96 -0.02448794208177571
1199 23.98 -0.02461428975683411
1200 24 -0.02474073599096453
1201 24.02 -0.02486748661245782
1202 24.04 -0.02499367303967048
1203 24.06 -0.02512108810074507
1204 24.08 -0.02524759968158326
1205 24.1 -0.02537377254725252
1206 24.12 -0.0267399092913024
1207 24.14 -0.0264333619478382
1208 24.16 -0.02633724830699085
1209 24.18 -0.02631395171953124
1210 24.2 -0.02633577810534864
1211 24.22 -0.0263874648921969
1212 24.24 -0.02646128492104442
1213 24.26 -0.02654971330769875
1214 24.28 -0.02664830574011712
1215 24.3 -0.02675306534279685
1216 24.32 -0.02686232085552344
1217 24.34 -0.02697424916654523
1218 24.36 -0.02832158450635314
1219 24.38 -0.02800203391537013
1220 24.4 -0.02790293896042699
1221 24.42 -0.0278721218992802
1222 24.44 -0.02788577049732803
1223 24.46 -0.02793179893776838
1224 24.48 -0.02800033607532535
1225 24.5 -0.02808294773892008
1226 24.52 -0.02817607645438889
1227 24.54 -0.02827573543181426
1228 24.56 -0.02837967384898797
1229 24.58 -0.029715770394494
1230 24.6 -0.02939245048664397
1231 24.62 -0.02928552242722718
1232 24.64 -0.029247233572774
1233 24.66 -0.02925438068248723
1234 24.68 -0.02929298040783904
1235 24.7 -0.02935325913323909
1236 24.72 -0.0294298729312349
1237 24.74 -0.02951595074783587
1238 24.76 -0.0296081218612276
1239 24.78 -0.03092050926426627
1240 24.8 -0.03059266773584108
1241 24.82 -0.03047935944504665
1242 24.84 -0.03043462833682763
1243 24.86 -0.0304365664436445
1244 24.88 -0.03046930351445971
1245 24.9 -0.03052477563977028
1246 24.92 -0.03059515930299334
1247 24.94 -0.030676130136166
1248 24.96 -0.03076468766663079
1249 24.98 -0.03085725097314917
1250 25 -0.03095234257854398
1251 25.02 -0.03104898927228525
1252 25.04 -0.03114663269420229
1253 25.06 -0.03124424432262765
1254 25.08 -0.03134174510738064
1255 25.1 -0.0314394378756282
1256 25.12 -0.03153681701135921
1257 25.14 -0.03163388154042322
1258 25.16 -0.03173064364261877
1259 25.18 -0.03182698072746892
1260 25.2 -0.0319231785628601
1261 25.22 -0.03201826047143349
1262 25.24 -0.03331160269652955
1263 25.26 -0.03298078731022509
1264 25.28 -0.03285823710387918
1265 25.3 -0.03280402158351815
1266 25.32 -0.03279473972834045
1267 25.34 -0.03281630724971446
1268 25.36 -0.03285900013153818
1269 25.38 -0.03291575625556301
1270 25.4 -0.03298177921543371
1271 25.42 -0.03305400826256725
1272 25.44 -0.03312964795765793
1273 25.46 -0.03320926593060041
1274 25.48 -0.033290369035904
1275 25.5 -0.03337304906573538
1276 25.52 -0.03345542013942086
1277 25.54 -0.03353845630248586
1278 25.56 -0.03362084998542886
1279 25.58 -0.03370415839352634
1280 25.6 -0.03378670809071157
1281 25.62 -0.03386835333924449
1282 25.64 -0.03510774440516857
1283 25.66 -0.03476926994296597
1284 25.68 -0.03464247321463602
1285 25.7 -0.03457807042158059
1286 25.72 -0.03455761610405278
1287 25.74 -0.03456772232015014
1288 25.76 -0.03459893035307208
1289 25.78 -0.03464231497806404
1290 25.8 -0.03469432795236604
1291 25.82 -0.03475228074695765
1292 25.84 -0.03481449466412104
1293 25.86 -0.03487913472194899
1294 25.88 -0.03494526508250594
1295 25.9 -0.03501212673220978
1296 25.92 -0.03507784385999177
1297 25.94 -0.03514397534814717
1298 25.96 -0.03630971235688397
1299 25.98 -0.03597776302011596
1300 26 -0.03583914349801305
1301 26.02 -0.03576720287557655
1302 26.04 -0.03573790693483467
1303 26.06 -0.03573693376459997
1304 26.08 -0.03575491971501856
1305 26.1 -0.03578539797437337
1306 26.12 -0.03582548368201533
1307 26.14 -0.03587142313185978
1308 26.16 -0.03592140672911714
1309 26.18 -0.03597353904016132
1310 26.2 -0.03602699490708373
1311 26.22 -0.0360809070627186
1312 26.24 -0.03613477166195687
1313 26.26 -0.03618825165012486
1314 26.28 -0.03728313035959107
1315 26.3 -0.03695905201938687
1316 26.32 -0.03681402167152928
1317 26.34 -0.0367343093631893
1318 26.36 -0.03669491189544555
1319 26.38 -0.03668278963648048
1320 26.4 -0.03668906230101032
1321 26.42 -0.0367068764539886
1322 26.44 -0.03673273785030284
1323 26.46 -0.03676439443027457
1324 26.48 -0.03679916113990795
1325 26.5 -0.03683499300566982
1326 26.52 -0.03687199462438974
1327 26.54 -0.0369094731279111
1328 26.56 -0.03694701758630574
1329 26.58 -0.03698390977667352
1330 26.6 -0.03702119994538781
1331 26.62 -0.03705782027252556
1332 26.64 -0.03709440161692176
1333 26.66 -0.0371297647562027
1334 26.68 -0.03716611182872556
1335 26.7 -0.03719992184590674
1336 26.72 -0.03723186266624186
1337 26.74 -0.03726313673025292
1338 26.76 -0.03822158506813852
1339 26.78 -0.03790612874998416
1340 26.8 -0.03775573965794141
1341 26.82 -0.03766382252189423
1342 26.84 -0.03760828140126946
1343 26.86 -0.03757764814840726
1344 26.88 -0.0375632376808341
1345 26.9 -0.03756034342213608
1346 26.92 -0.03756403148464312
1347 26.94 -0.03757203585882288
1348 26.96 -0.03758336279247747
1349 26.98 -0.03759683652692309
1350 27 -0.03761062617712713
1351 27.02 -0.03762509822727694
1352 27.04 -0.03763922110218705
1353 27.06 -0.03765345770876317
1354 27.08 -0.03766667492299549
1355 27.1 -0.03767948934636028
1356 27.12 -0.03769177843208795
1357 27.14 -0.03770325861554241
1358 27.16 -0.03853133637120389
1359 27.18 -0.03823259427036611
1360 27.2 -0.0380826301901066
1361 27.22 -0.03798371040671362
1362 27.24 -0.03791817448328973
1363 27.26 -0.03787435611882428
1364 27.28 -0.03784489138108183
1365 27.3 -0.03782510126391024
1366 27.32 -0.03781079415125622
1367 27.34 -0.03779933182483539
1368 27.36 -0.03779017526865435
1369 27.38 -0.03778174677380959
1370 27.4 -0.03777590258196796
1371 27.42 -0.03776896778949258
1372 27.44 -0.03848484649390359
1373 27.46 -0.03820102245218438
1374 27.48 -0.03804909349205601
1375 27.5 -0.03794436065215488
1376 27.52 -0.03786959691874679
1377 27.54 -0.03781411241834286
1378 27.56 -0.03777104802040295
1379 27.58 -0.0377364489796655
1380 27.6 -0.03770680529207389
1381 27.62 -0.03768052462352389
1382 27.64 -0.03830014128948107
1383 27.66 -0.03802432657568717
1384 27.68 -0.03787319813427465
1385 27.7 -0.03776424217647131
1386 27.72 -0.03768212473870756
1387 27.74 -0.03761733131147137
1388 27.76 -0.03756518836027186
1389 27.78 -0.0375214648745488
1390 27.8 -0.03748276289620749
1391 27.82 -0.03802708427585411
1392 27.84 -0.03776573553687716
1393 27.86 -0.03761548453157645
1394 27.88 -0.03750539432320126
1395 27.9 -0.03741988322877601
1396 27.92 -0.03735055409944331
1397 27.94 -0.03729288929071574
1398 27.96 -0.03724236882953729
1399 27.98 -0.03719584386426197
1400 28 -0.03715252137990251
1401 28.02 -0.03711024486028566
1402 28.04 -0.03706857886077029
1403 28.06 -0.03702664471839988
1404 28.08 -0.03698430448205645
1405 28.1 -0.03694073751477534
1406 28.12 -0.03689650078988444
1407 28.14 -0.03685091172873115
1408 28.16 -0.03680427319740084
1409 28.18 -0.03675657477306669
1410 28.2 -0.03670782955132858
1411 28.22 -0.03708603360157016
1412 28.24 -0.03685570995125833
1413 28.26 -0.03670931437970781
1414 28.28 -0.03659527086407142
1415 28.3 -0.03649902721120044
1416 28.32 -0.03641470873627176
1417 28.34 -0.03633676535111975
1418 28.36 -0.03626418791684029
1419 28.38 -0.03619446500033818
1420 28.4 -0.03646229618266855
1421 28.42 -0.03624772629289849
1422 28.44 -0.03610193659571746
1423 28.46 -0.03598415625965232
1424 28.48 -0.03588261238672408
1425 28.5 -0.03579088194245941
1426 28.52 -0.03570431735248578
1427 28.54 -0.03562201224609644
1428 28.56 -0.03554255120188065
1429 28.58 -0.03571874657606815
1430 28.6 -0.03552108265735052
1431 28.62 -0.03537837525814901
1432 28.64 -0.03525861918289896
1433 28.66 -0.03515286593240238
1434 28.68 -0.03505447950678384
1435 28.7 -0.03496074443191358
1436 28.72 -0.03487072338941864
1437 28.74 -0.03478269295747839
1438 28.76 -0.03469599419785327
1439 28.78 -0.03460989110722632
1440 28.8 -0.03452364766056308
1441 28.82 -0.03443727364220592
1442 28.84 -0.03434918739795836
1443 28.86 -0.03426018747038917
1444 28.88 -0.03417110695567828
1445 28.9 -0.03408133611969608
1446 28.92 -0.03399107987132335
1447 28.94 -0.03389996932924186
1448 28.96 -0.03380824983797908
1449 28.98 -0.03371533544147817
1450 29 -0.03362148386912142
1451 29.02 -0.03352639872459783
1452 29.04 -0.03343027547701091
1453 29.06 -0.0333331846225357
1454 29.08 -0.0332353704390206
1455 29.1 -0.03313641710924124
1456 29.12 -0.03303660350611087
1457 29.14 -0.03293575830233381
1458 29.16 -0.03283650589941082
1459 29.18 -0.03269990557859349
1460 29.2 -0.03257431887725062
1461 29.22 -0.03245604707673884
1462 29.24 -0.03234081444710889
1463 29.26 -0.03222687560681918
1464 29.28 -0.03211363785568655
1465 29.3 -0.03200068250160974
1466 29.32 -0.03188699262590392
1467 29.34 -0.03177238152677399
1468 29.36 -0.03155229436271628
1469 29.38 -0.03144181091985948
1470 29.4 -0.03132450223864702
1471 29.42 -0.03120675105156547
1472 29.44 -0.03108857427180905
1473 29.46 -0.03097080910644728
1474 29.48 -0.03085217482196533
1475 29.5 -0.03073239827647925
1476 29.52 -0.03061180908739216
1477 29.54 -0.03049029571409751
1478 29.56 -0.03036791469924269
1479 29.58 -0.0302453962500745
1480 29.6 -0.03011966479640882
1481 29.62 -0.02999330165598264
1482 29.64 -0.02986607609973965
1483 29.66 -0.02973768512645429
1484 29.68 -0.02960811534772786
1485 29.7 -0.0294772469432297
1486 29.72 -0.02934470874524693
1487 29.74 -0.02921104479572876
1488 29.76 -0.02907609400826979
1489 29.78 -0.02894071788847832
1490 29.8 -0.02880332397750256
1491 29.82 -0.02866478686522475
1492 29.84 -0.02852578773916233
1493 29.86 -0.02838456183316493
1494 29.88 -0.02824060239449927
1495 29.9 -0.02809577191813206
1496 29.92 -0.02795020176840294
1497 29.94 -0.02780330815008432
1498 29.96 -0.02765583472603399
1499 29.98 -0.02750744712895689
1500 30 -0.02735780547880678
1501 30.02 -0.02720791253798352
1502 30.04 -0.02705731848806122
1503 30.06 -0.02690554563630597
1504 30.08 -0.02675281830223929
1505 30.1 -0.02659877854943478
1506 30.12 -0.02644387809957147
1507 30.14 -0.02628726768675185
1508 30.16 -0.02612980896598554
1509 30.18 -0.02597129613267996
1510 30.2 -0.02581159826312288
1511 30.22 -0.02509822841616636
1512 30.24 -0.0250959258363703
1513 30.26 -0.02501201854560577
1514 30.28 -0.02489887790973822
1515 30.3 -0.02477031359959267
1516 30.32 -0.02462980169443199
1517 30.34 -0.02447944295140406
1518 30.36 -0.02432321251983625
1519 30.38 -0.02416123101075792
1520 30.4 -0.02399554055264705
1521 30.42 -0.02316105743537685
1522 30.44 -0.02319366049629112
1523 30.46 -0.02311680002268074
1524 30.48 -0.0230084624419833
1525 30.5 -0.02287814171386761
1526 30.52 -0.02273300425365787
1527 30.54 -0.02257696591947687
1528 30.56 -0.02167673083791904
1529 30.58 -0.02174029624542302
1530 30.6 -0.02167155951338438
1531 30.62 -0.02156613558527686
1532 30.64 -0.02143568195158602
1533 30.66 -0.02128793182898808
1534 30.68 -0.02112710215838204
1535 30.7 -0.02095748266749208
1536 30.72 -0.01994806317073745
1537 30.74 -0.02003122389850004
1538 30.76 -0.01997371754696722
1539 30.78 -0.01987170875652489
1540 30.8 -0.01974224096930471
1541 30.82 -0.01959271429720646
1542 30.84 -0.01942931153676805
1543 30.86 -0.0192554370526723
1544 30.88 -0.01907427917060951
1545 30.9 -0.01794444485003913
1546 30.92 -0.0180575654996047
1547 30.94 -0.01800552248118581
1548 30.96 -0.01790907263100705
1549 30.98 -0.01777935498035119
1550 31 -0.01762739528086165
1551 31.02 -0.01745903801310561
1552 31.04 -0.01727970434286413
1553 31.06 -0.01709244491588357
1554 31.08 -0.0168992133229818
1555 31.1 -0.01670238792569803
1556 31.12 -0.01650145133087855
1557 31.14 -0.01629877281489001
1558 31.16 -0.01609431089362704
1559 31.18 -0.01588862354542541
1560 31.2 -0.01568134072406185
1561 31.22 -0.01547282438822928
1562 31.24 -0.01526310396579447
1563 31.26 -0.01505230860755442
1564 31.28 -0.01484067013229295
1565 31.3 -0.01462828402442764
1566 31.32 -0.01441529981770561
1567 31.34 -0.01420164924868843
1568 31.36 -0.01278446830899218
1569 31.38 -0.01296128041730197
1570 31.4 -0.01294374415329033
1571 31.42 -0.01285531513045151
1572 31.44 -0.01272916650183298
1573 31.46 -0.01257429135668457
1574 31.48 -0.01239979615850059
1575 31.5 -0.01221032222424509
1576 31.52 -0.01201195023445041
1577 31.54 -0.01180537965611067
1578 31.56 -0.01159325455416175
1579 31.58 -0.01137718047900588
1580 31.6 -0.009833581333948453
1581 31.62 -0.01004640243078947
1582 31.64 -0.01004463454437935
1583 31.66 -0.009966605232492909
1584 31.68 -0.009841744495645845
1585 31.7 -0.009684928436383782
1586 31.72 -0.00950594064608332
1587 31.74 -0.009310616268722791
1588 31.76 -0.009105484992866616
1589 31.78 -0.00889303480317547
1590 31.8 -0.007254743553413575
1591 31.82 -0.007501480577944312
1592 31.84 -0.007515559974502707
1593 31.86 -0.007447011638585582
1594 31.88 -0.007329050635855988
1595 31.9 -0.007176110101375166
1596 31.92 -0.006997520753213629
1597 31.94 -0.006802971114703791
1598 31.96 -0.006596978968050017
1599 31.98 -0.004873862827952418
1600 32 -0.005153869924832932
1601 32.02 -0.005181858855717905
1602 32.04 -0.005121796244687942
1603 32.06 -0.005006627356268821
1604 32.08 -0.004856317844271358
1605 32.1 -0.00467847827596235
1606 32.12 -0.002928619314752715
1607 32.14 -0.003238402652281989
1608 32.16 -0.003277606112154951
1609 32.18 -0.003225084141153156
1610 32.2 -0.003113824033420977
1611 32.22 -0.002962530924994717
1612 32.24 -0.002782526127268689
1613 32.26 -0.002582812393216788
1614 32.28 -0.0007156591352619612
1615 32.3 -0.001053354471782591
1616 32.32 -0.001101526981984478
1617 32.34 -0.001054367061848045
1618 32.36 -0.0009467696298604584
1619 32.38 -0.0007970809350118943
1620 32.4 -0.0006164045589410073
1621 32.42 -0.0004154324670551566
1622 32.44 0.001539221636376227
1623 32.46 0.001166057136079974
1624 32.48 0.001102473861590379
1625 32.5 0.00114555206086145
1626 32.52 0.001248906169757629
1627 32.54 0.001397496012267727
1628 32.56 0.001577209474702513
1629 32.58 0.001777637772604873
1630 32.6 0.001992762348281352
1631 32.62 0.0040509917908902
1632 32.64 0.003653652621981722
1633 32.66 0.00357972981550143
1634 32.68 0.003616614339461235
1635 32.7 0.00371756661691893
1636 32.72 0.003863966819849417
1637 32.74 0.005865651699026907
1638 32.76 0.005434038937144045
1639 32.78 0.005350983166649533
1640 32.8 0.005371087468981903
1641 32.82 0.005465695178855168
1642 32.84 0.0056085797736904
1643 32.86 0.007657207653029713
1644 32.88 0.007205934205262296
1645 32.9 0.007112478961800517
1646 32.92 0.007128721325368385
1647 32.94 0.007216639003238012
1648 32.96 0.00735677206130852
1649 32.98 0.009442244895029844
1650 33 0.008982061908703119
1651 33.02 0.008875072279200017
1652 33.04 0.008885837679346444
1653 33.06 0.008973395577511598
1654 33.08 0.01101569590175382
1655 33.1 0.01052907860567004
1656 33.12 0.01040622353186908
1657 33.14 0.01040718701875423
1658 33.16 0.01048611983422247
1659 33.18 0.01255753396933805
1660 33.2 0.01205594196608103
1661 33.22 0.01192592141600881
1662 33.24 0.01191856247851669
1663 33.26 0.0119930437938621
1664 33.28 0.01409372406081401
1665 33.3 0.01357276071560614
1666 33.32 0.01343308363836964
1667 33.34 0.01342389751762026
1668 33.36 0.01349690987912196
1669 33.38 0.01562258897591498
1670 33.4 0.0150896403585866
1671 33.42 0.01494673957962296
1672 33.44 0.01492856060970997
1673 33.46 0.01694509296062676
1674 33.48 0.0163838500750988
1675 33.5 0.01622443967059901
1676 33.52 0.016194296060538
1677 33.54 0.01625498229710648
1678 33.56 0.01842666216657151
1679 33.58 0.01787005398928286
1680 33.6 0.01770429474100113
1681 33.62 0.01767902713417403
1682 33.64 0.01773866319303802
1683 33.66 0.01785526801585207
1684 33.68 0.02016530471841731
1685 33.7 0.01960746926411457
1686 33.72 0.01943818399596508
1687 33.74 0.01941017657098313
1688 33.76 0.01946909971542462
1689 33.78 0.02170220832649307
1690 33.8 0.02111833782816705
1691 33.82 0.02094088174755561
1692 33.84 0.02090027116371786
1693 33.86 0.02300003548519509
1694 33.88 0.02238942004136623
1695 33.9 0.02219478397353646
1696 33.92 0.02214460237326795
1697 33.94 0.02218878681182089
1698 33.96 0.02444296274024942
1699 33.98 0.02383996424094007
1700 34 0.02364416819072839
1701 34.02 0.02359695271152114
1702 34.04 0.02364173517420778
1703 34.06 0.02592935905658421
1704 34.08 0.0253139157231065
1705 34.1 0.02510996755061207
1706 34.12 0.02505666943167062
1707 34.14 0.0250970161102183
1708 34.16 0.02739304261243666
1709 34.18 0.02676817834885267
1710 34.2 0.02655627943097985
1711 34.22 0.02649774957999526
1712 34.24 0.02865272915847068
1713 34.26 0.02829233628504552
1714 34.28 0.02789899028221785
1715 34.3 0.02782278692050627
1716 34.32 0.03000097691012346
1717 34.34 0.02963549403509062
1718 34.36 0.02969615839160917
1719 34.38 0.02992696433610551
1720 34.4 0.03023832746305196
1721 34.42 0.03132946185538998
1722 34.44 0.03128152113352289
1723 34.46 0.03150717404389424
1724 34.48 0.03255865620598729
1725 34.5 0.03249801473738977
1726 34.52 0.03271572107059867
1727 34.54 0.03376151733860504
1728 34.56 0.03369386774088073
1729 34.58 0.03390679638563993
1730 34.6 0.03494789033912062
1731 34.62 0.03487773869243516
1732 34.64 0.03508442024268621
1733 34.66 0.0361268181114602
1734 34.68 0.03604217970879051
1735 34.7 0.03624553168962288
1736 34.72 0.03727968731158773
1737 34.74 0.03719448682830952
1738 34.76 0.03739003755285188
1739 34.78 0.03841794581357159
1740 34.8 0.03832286720228021
1741 34.82 0.03922764841105019
1742 34.84 0.03910173246257823
1743 34.86 0.04064214759285993
1744 34.88 0.0401664275095151
1745 34.9 0.04018174974938758
1746 34.92 0.04174214045962352
1747 34.94 0.04126191627259513
1748 34.96 0.04127073736018202
1749 34.98 0.04282073436420454
1750 35 0.0423405262616011
1751 35.02 0.04234292316129543
1752 35.04 0.04387722172893657
1753 35.06 0.04339403953851585
1754 35.08 0.04338963197362846
1755 35.1 0.04426496991805407
1756 35.12 0.04411502379492684
1757 35.14 0.04495029332572008
1758 35.16 0.04478925397200679
1759 35.18 0.04561319589913504
1760 35.2 0.04544630514600688
1761 35.22 0.04689037388118305
1762 35.24 0.04638824196020991
1763 35.26 0.04636405036749828
1764 35.28 0.04782339547671999
1765 35.3 0.04732428031700602
1766 35.32 0.04793190241764479
1767 35.34 0.04770415181216629
1768 35.36 0.04905827920945572
1769 35.38 0.04854531255482048
1770 35.4 0.04849885226618039
1771 35.42 0.04927826715223498
1772 35.44 0.04910639841884819
1773 35.46 0.04984369416936557
1774 35.48 0.04965841788077269
1775 35.5 0.05038509327724121
1776 35.52 0.05019013698954351
1777 35.54 0.05149575437327555
1778 35.56 0.05098504513108075
1779 35.58 0.05091700256672001
1780 35.6 0.05222912876872397
1781 35.62 0.05172319717093889
1782 35.64 0.05224385258496293
1783 35.66 0.0519871051222763
1784 35.68 0.05319071046300133
1785 35.7 0.05267775230503925
1786 35.72 0.05316431743084133
1787 35.74 0.0529093537041116
1788 35.76 0.05406817994556679
1789 35.78 0.05355568151352298
1790 35.8 0.05345929173320886
1791 35.82 0.05465482353362667
1792 35.84 0.05414851660181535
1793 35.86 0.05404628558546944
1794 35.88 0.05520087218731091
1795 35.9 0.05470070546882175
1796 35.92 0.05513071696033067
1797 35.94 0.05486085656577474
1798 35.96 0.05590822599143765
1799 35.98 0.05539442239685062
1800 36 0.05579316874949867
1801 36.02 0.05551224134309313
1802 36.04 0.05650271613453472
1803 36.06 0.05599328030127283
1804 36.08 0.05636208912828256
1805 36.1 0.05607698934640327
1806 36.12 0.05701242819478608
1807 36.14 0.05650960450762602
1808 36.16 0.05684742148243126
1809 36.18 0.05655833661136997
1810 36.2 0.05742997720174426
1811 36.22 0.05693722058990659
1812 36.24 0.05724059599467437
1813 36.26 0.05694851814245893
1814 36.28 0.0577622695621758
1815 36.3 0.05727093983473582
1816 36.32 0.05754017115462908
1817 36.34 0.05724300915791864
1818 36.36 0.05799250299609292
1819 36.38 0.05750766334778611
1820 36.4 0.05810740960150627
1821 36.42 0.05760877975159712
1822 36.44 0.05816367398502875
1823 36.46 0.057666576829361
1824 36.48 0.05818619142031312
1825 36.5 0.05769718961308947
1826 36.52 0.05819115085103167
1827 36.54 0.05770469046313716
1828 36.56 0.05816458446501312
1829 36.58 0.05768562192342953
1830 36.6 0.0581149633755051
1831 36.62 0.05764090841570673
1832 36.64 0.05804081583709406
1833 36.66 0.05757189046691723
1834 36.68 0.05794075328432324
1835 36.7 0.05747787148251658
1836 36.72 0.05781400686063256
1837 36.74 0.05735599695292858
1838 36.76 0.0576618552568287
1839 36.78 0.05721364695611719
1840 36.8 0.05749073396598263
1841 36.82 0.05705081484994148
1842 36.84 0.05729510845145216
1843 36.86 0.05686180719561918
1844 36.88 0.05706963832106575
1845 36.9 0.05664489307852656
1846 36.92 0.05681986290735388
1847 36.94 0.05640136998754164
1848 36.96 0.05654201922086687
1849 36.98 0.05613160242697808
1850 37 0.05624028244945743
1851 37.02 0.05583470498869461
1852 37.04 0.05590729524673261
1853 37.06 0.05551445204175533
1854 37.08 0.05553610817913109
1855 37.1 0.05515864942532928
1856 37.12 0.05515428069644759
1857 37.14 0.05478142314621273
1858 37.16 0.05474621055261678
1859 37.18 0.05438516495394267
1860 37.2 0.05431004783651468
1861 37.22 0.05395691760049116
1862 37.24 0.05384320878391668
1863 37.26 0.05350264484177823
1864 37.28 0.05335127463432977
1865 37.3 0.05301953508704309
1866 37.32 0.05283886366904629
1867 37.34 0.0525178424645404
1868 37.36 0.05230182271668512
1869 37.38 0.05199036086215206
1870 37.4 0.05173982414130442
1871 37.42 0.05143913698899394
1872 37.44 0.05115132332723372
1873 37.46 0.05086038385308675
1874 37.48 0.05053343677849219
1875 37.5 0.05025456011915212
1876 37.52 0.04989056063769533
1877 37.54 0.04962240282667847
1878 37.56 0.04922204449082591
1879 37.58 0.0489652210649558
1880 37.6 0.04852701580429158
1881 37.62 0.04828162666763579
1882 37.64 0.04780874936736385
1883 37.66 0.04757570963667577
1884 37.68 0.04706788046348132
1885 37.7 0.046845077653295
1886 37.72 0.04629695432899422
1887 37.74 0.04608696284232001
1888 37.76 0.04550105170227002
1889 37.78 0.04530345381317647
1890 37.8 0.04468237835940685
1891 37.82 0.04449736482008689
1892 37.84 0.04384117717161069
1893 37.86 0.04335178317698735
1894 37.88 0.04319567677663885
1895 37.9 0.04248083760848255
1896 37.92 0.04196115437584041
1897 37.94 0.04182840483411309
1898 37.96 0.04106091740779268
1899 37.98 0.04092151832393075
1900 38 0.04011389688940452
1901 38.02 0.03955393631923174
1902 38.04 0.03946325141568906
1903 38.06 0.03860469131873765
1904 38.08 0.03801736226190047
1905 38.1 0.03795119339781269
1906 38.12 0.03677572491785099
1907 38.14 0.03683736171059832
1908 38.16 0.03597063041741468
1909 38.18 0.03536831993601
1910 38.2 0.03477362313810164
1911 38.22 0.03476463901372375
1912 38.24 0.0334313964728826
1913 38.26 0.03356157601011849
1914 38.28 0.03259726071357326
1915 38.3 0.03194764763587452
1916 38.32 0.03131933769670028
1917 38.34 0.0306841176083176
1918 38.36 0.03003967507547188
1919 38.38 0.02938309560205237
1920 38.4 0.02872581366970842
1921 38.42 0.02806142680013975
1922 38.44 0.02739118897961326
1923 38.46 0.02671659294578582
1924 38.48 0.02603569579131655
1925 38.5 0.02534797536071156
1926 38.52 0.0246557455695478
1927 38.54 0.0239604022445868
1928 38.56 0.0232577699028446
1929 38.58 0.02254968583964703
1930 38.6 0.02183518092821826
1931 38.62 0.02111659703818908
1932 38.64 0.0203983471819411
1933 38.66 0.01967117099141772
1934 38.68 0.01851359504501977
1935 38.7 0.01809426244802954
1936 38.72 0.01741485536876625
1937 38.74 0.01624001694814661
1938 38.76 0.01582408158277052
1939 38.78 0.01513516370461221
1940 38.8 0.01393123219740432
1941 38.82 0.0135148668146108
1942 38.84 0.01235653918009699
1943 38.86 0.01195224654739448
1944 38.88 0.01077617251128379
1945 38.9 0.01036806574844265
1946 38.92 0.009665364300639738
1947 38.94 0.008903433024560323
1948 38.96 0.008113726049989339
1949 38.98 0.006820559802242858
1950 39 0.007439308518353734
1951 39.02 0.005414059684819453
1952 39.04 0.006003536117495911
1953 39.06 0.003960658724504595
1954 39.08 0.003513524523799954
1955 39.1 0.002278395707044805
1956 39.12 0.00297773365010864
1957 39.14 0.0008727281676713213
1958 39.16 0.0004208402547952729
1959 39.18 -0.0008461610040848045
1960 39.2 -0.001223861207986986
1961 39.22 -0.00250783653353853
1962 39.24 -0.002890501077194988
1963 39.26 -0.004183039300015364
1964 39.28 -0.004554388319678887
1965 39.3 -0.005860409674421279
1966 39.32 -0.00623389670932146
1967 39.34 -0.007554009129622764
1968 39.36 -0.008466182346282129
1969 39.38 -0.008787177578696046
1970 39.4 -0.01010489169329693
1971 39.42 -0.01102964267562505
1972 39.44 -0.01190217216774963
1973 39.46 -0.0121900831901492
1974 39.48 -0.01350956547060674
1975 39.5 -0.01443673107372262
1976 39.52 -0.01530753195553833
1977 39.54 -0.01616959175706636
1978 39.56 -0.01703187546787269
1979 39.58 -0.01789764460689985
1980 39.6 -0.01876004365485556
1981 39.62 -0.01962194559195882
1982 39.64 -0.02047846467909085
1983 39.66 -0.02133668563519821
1984 39.68 -0.02219155609440429
1985 39.7 -0.02305473406969875
1986 39.72 -0.02390173539264382
1987 39.74 -0.02476294224807249
1988 39.76 -0.02561665639372252
1989 39.78 -0.02646831722108609
1990 39.8 -0.02731625964706956
1991 39.82 -0.02815244772353896
1992 39.84 -0.02900022682695298
1993 39.86 -0.02984312874350736
1994 39.88 -0.03068536199367344
1995 39.9 -0.03151901986884206
1996 39.92 -0.03235132778439225
1997 39.94 -0.03318030687477715
1998 39.96 -0.03400707005248525
1999 39.98 -0.0348262106294632
2000 40 -0.03565080220042867
2001 40.02 -0.03646682584272754
2002 40.04 -0.03727997510042964
2003 40.06 -0.03809191132410571
2004 40.08 -0.03889346210578825
2005 40.1 -0.03968917446148407
2006 40.12 -0.04048369797951011
2007 40.14 -0.04128119463308382
2008 40.16 -0.042067099651952
2009 40.18 -0.04284689922145686
2010 40.2 -0.04362686201006453
2011 40.22 -0.04440173035585418
2012 40.24 -0.04516634059138262
2013 40.26 -0.04592875212118468
2014 40.28 -0.04668203370284865
2015 40.3 -0.04743162412703369
2016 40.32 -0.04817638597279917
2017 40.34 -0.04891228553689731
2018 40.36 -0.04965341945435736
2019 40.38 -0.05037542431719658
2020 40.4 -0.05109951902352921
2021 40.42 -0.0518163663481427
2022 40.44 -0.05252997016617451
2023 40.46 -0.05323075381452407
2024 40.48 -0.05392793933149835
2025 40.5 -0.05461365502575176
2026 40.52 -0.05527880963580751
2027 40.54 -0.05596204310897303
2028 40.56 -0.05662549337417092
2029 40.58 -0.05728388844952874
2030 40.6 -0.05793723124195316
2031 40.62 -0.05858127883054245
2032 40.64 -0.05921658475219005
2033 40.66 -0.0598452647202343
2034 40.68 -0.0608996889872257
2035 40.7 -0.06115977639576999
2036 40.72 -0.06170687003589036
2037 40.74 -0.06229524441747045
2038 40.76 -0.06288435595072915
2039 40.78 -0.06345919186288011
2040 40.8 -0.06402399392774984
2041 40.82 -0.0645806534309524
2042 40.84 -0.06513101973536821
2043 40.86 -0.06606754670351972
2044 40.88 -0.06626879615944818
2045 40.9 -0.06713234213389638
2046 40.92 -0.06731774964203753
2047 40.94 -0.06814947721190263
2048 40.96 -0.068320107185205
2049 40.98 -0.0687471761155416
2050 41 -0.06920488504406783
2051 41.02 -0.06966231979575892
2052 41.04 -0.0704838747102166
2053 41.06 -0.07062037142268358
2054 41.08 -0.07136232381415486
2055 41.1 -0.07148904803772071
2056 41.12 -0.07219014584000912
2057 41.14 -0.07229650138450469
2058 41.16 -0.07297123765597865
2059 41.18 -0.07306682507886264
2060 41.2 -0.07371538735942398
2061 41.22 -0.07409937624460965
2062 41.24 -0.074447235270648
2063 41.26 -0.07447368087442165
2064 41.28 -0.07504861394156974
2065 41.3 -0.07510614658124183
2066 41.32 -0.07565327542259899
2067 41.34 -0.07597533374880575
2068 41.36 -0.07625291534234596
2069 41.38 -0.07651322232147376
2070 41.4 -0.07675387007488681
2071 41.42 -0.07699083402286812
2072 41.44 -0.0772119106449025
2073 41.46 -0.07742043648987899
2074 41.48 -0.07762126521405432
2075 41.5 -0.0778043213577447
2076 41.52 -0.07798049134337354
2077 41.54 -0.07814178019576895
2078 41.56 -0.07827985181668945
2079 41.58 -0.07841838812673088
2080 41.6 -0.07853139271467695
2081 41.62 -0.07864207907580827
2082 41.64 -0.07873799664661127
2083 41.66 -0.07882133345413
2084 41.68 -0.07887684741131933
2085 41.7 -0.07892836213654005
2086 41.72 -0.07896928450307319
2087 41.74 -0.07899089233080296
2088 41.76 -0.07900654338594174
2089 41.78 -0.07900024540923058
2090 41.8 -0.07899053898266124
2091 41.82 -0.07895949540906204
2092 41.84 -0.07891504543528351
2093 41.86 -0.07886315007713714
2094 41.88 -0.07878927649150833
2095 41.9 -0.07871172450349014
2096 41.92 -0.0786137629995478
2097 41.94 -0.07851036407758365
2098 41.96 -0.07838674519970651
2099 41.98 -0.07824475447876959
2100 42 -0.07809147639864823
2101 42.02 -0.07792607076697107
2102 42.04 -0.07774278429359703
2103 42.06 -0.07754768015259263
2104 42.08 -0.0773391586257408
2105 42.1 -0.07711568200949707
2106 42.12 -0.07688093130143604
2107 42.14 -0.07662976203232084
2108 42.16 -0.07636014756079147
2109 42.18 -0.07607806785450226
2110 42.2 -0.07578701081781686
2111 42.22 -0.07548265139826286
2112 42.24 -0.07516076060140174
2113 42.26 -0.07482798485268459
2114 42.28 -0.0744815732267772
2115 42.3 -0.07411353405848424
2116 42.32 -0.07373670977971553
2117 42.34 -0.07333823071365192
2118 42.36 -0.07293486642524113
2119 42.38 -0.07250764857033522
2120 42.4 -0.07207688116701337
2121 42.42 -0.07163236440885061
2122 42.44 -0.07117558953228892
2123 42.46 -0.0707018176391089
2124 42.48 -0.070213339108123
2125 42.5 -0.06971020031535516
2126 42.52 -0.0691978198943618
2127 42.54 -0.06866850223511724
2128 42.56 -0.06812544263730386
2129 42.58 -0.06757045636491267
2130 42.6 -0.06699974786900754
2131 42.62 -0.06641833849822475
2132 42.64 -0.06582476015752441
2133 42.66 -0.06521804690652158
2134 42.68 -0.06459577822601999
2135 42.7 -0.06396143072963267
2136 42.72 -0.06331701809408823
2137 42.74 -0.06265599165693157
2138 42.76 -0.06197510101000583
2139 42.78 -0.06128750897616253
2140 42.8 -0.06059281151723718
2141 42.82 -0.05987098389912618
2142 42.84 -0.05914467795134657
2143 42.86 -0.05841186706076915
2144 42.88 -0.05765908430573303
2145 42.9 -0.05690173343456438
2146 42.92 -0.05612288159399273
2147 42.94 -0.0553344044522684
2148 42.96 -0.05453494185512416
2149 42.98 -0.05372218927720893
2150 43 -0.05290241368604283
2151 43.02 -0.05206746471453813
2152 43.04 -0.05121766623977776
2153 43.06 -0.05035494620301006
2154 43.08 -0.04948272683089321
2155 43.1 -0.04860146905656916
2156 43.12 -0.0477115873339271
2157 43.14 -0.04681152366007019
2158 43.16 -0.0458941330638135
2159 43.18 -0.04497550612981875
2160 43.2 -0.04403792971892112
2161 43.22 -0.04308705495691848
2162 43.24 -0.04213262811403629
2163 43.26 -0.04116254233604325
2164 43.28 -0.0401796359892445
2165 43.3 -0.0391967871655484
2166 43.32 -0.03819070517482336
2167 43.34 -0.03718487573451486
2168 43.36 -0.03616774192391609
2169 43.38 -0.03514115225744065
2170 43.4 -0.03378474108571254
2171 43.42 -0.03301616631614595
2172 43.44 -0.03165699547943945
2173 43.46 -0.0305555933928434
2174 43.48 -0.02946466451811863
2175 43.5 -0.02869432175777311
2176 43.52 -0.02729595727847213
2177 43.54 -0.02648666643707779
2178 43.56 -0.02506016115823203
2179 43.58 -0.02425368793041431
2180 43.6 -0.02279594873850673
2181 43.62 -0.0216233552450708
2182 43.64 -0.0208191163297901
2183 43.66 -0.01933513585442484
2184 43.68 -0.01814036947079662
2185 43.7 -0.0169625462457695
2186 43.72 -0.01577661964483558
2187 43.74 -0.01458203197032284
2188 43.76 -0.01338632385034465
2189 43.78 -0.01218644682674933
2190 43.8 -0.01096706600589636
2191 43.82 -0.009749349721065902
2192 43.84 -0.00852123207704308
2193 43.86 -0.007286349464508483
2194 43.88 -0.006042536101416831
2195 43.9 -0.004794806634624466
2196 43.92 -0.003541294960477824
2197 43.94 -0.002286927437967254
2198 43.96 -0.001025795299652812
2199 43.98 0.0002422712041174556
2200 44 0.00150613401061826
2201 44.02 0.002774986786557547
2202 44.04 0.004051400931816978
2203 44.06 0.00533252353164749
2204 44.08 0.006625077879670727
2205 44.1 0.007910844381813059
2206 44.12 0.009201647139245072
2207 44.14 0.01049209226773957
2208 44.16 0.01178632770249205
2209 44.18 0.01308587763826705
2210 44.2 0.01438693860169469
2211 44.22 0.0156922592838496
2212 44.24 0.01699695821979941
2213 44.26 0.01829113141473876
2214 44.28 0.0196001933409024
2215 44.3 0.02091321173644916
2216 44.32 0.02222565299938986
2217 44.34 0.02354143817012226
2218 44.36 0.02485393002815615
2219 44.38 0.02617383626664549
2220 44.4 0.02748347791954196
2221 44.42 0.0287899997775214
2222 44.44 0.03010936440216282
2223 44.46 0.03143107256836845
2224 44.48 0.03274756044711811
2225 44.5 0.03406057035907548
2226 44.52 0.03537582148827826
2227 44.54 0.03668767969391513
2228 44.56 0.03798732197054219
2229 44.58 0.03929930254583431
2230 44.6 0.04060270264807654
2231 44.62 0.04190172607991489
2232 44.64 0.04319764621995909
2233 44.66 0.04449375873681215
2234 44.68 0.04578548244453069
2235 44.7 0.0470652616044181
2236 44.72 0.04835154115644932
2237 44.74 0.04963974406305541
2238 44.76 0.05091219338574091
2239 44.78 0.05219014165269723
2240 44.8 0.05345630233601977
2241 44.82 0.054716702924232
2242 44.84 0.05597742695656845
2243 44.86 0.05722761968742582
2244 44.88 0.05847749797267545
2245 44.9 0.05972151723228337
2246 44.92 0.06097096548235831
2247 44.94 0.06219562514227182
2248 44.96 0.06341852802823338
2249 44.98 0.06462831654204233
2250 45 0.06584313084609246
2251 45.02 0.06703208211705584
2252 45.04 0.06822218800444201
2253 45.06 0.06939773906729452
2254 45.08 0.07057587947953452
2255 45.1 0.07174061195784477
2256 45.12 0.07289658287977635
2257 45.14 0.07403806683152719
2258 45.16 0.07518268739931985
2259 45.18 0.07629198868430645
2260 45.2 0.07742270734979025
2261 45.22 0.07853984838151748
2262 45.24 0.07963719627981215
2263 45.26 0.08072664109600389
2264 45.28 0.08181315941981862
2265 45.3 0.08287924890061854
2266 45.32 0.0839364103243012
2267 45.34 0.08498245370451894
2268 45.36 0.08600943870533664
2269 45.38 0.08702739340923168
2270 45.4 0.08802639435598887
2271 45.42 0.08901554268783315
2272 45.44 0.08998849329370853
2273 45.46 0.09096519310300785
2274 45.48 0.09218898009014072
2275 45.5 0.09287310753251261
2276 45.52 0.09403792915060195
2277 45.54 0.0947020936603479
2278 45.56 0.09557370905107015
2279 45.58 0.0964431225667918
2280 45.6 0.09730805146883746
2281 45.62 0.09817203199657611
2282 45.64 0.09899638967552669
2283 45.66 0.1000509670888811
2284 45.68 0.1006249510831505
2285 45.7 0.1016289431809914
2286 45.72 0.1021789183883013
2287 45.74 0.1031323423954691
2288 45.76 0.1036535042774188
2289 45.78 0.104573171926799
2290 45.8 0.1050653764148832
2291 45.82 0.1059369435221759
2292 45.84 0.1066079596807662
2293 45.86 0.107243929472867
2294 45.88 0.1078598569320432
2295 45.9 0.1084533361523642
2296 45.92 0.1090178940415842
2297 45.94 0.1093873827876969
2298 45.96 0.1101006174639226
2299 45.98 0.1106326841380972
2300 46 0.1111340363550517
2301 46.02 0.1116199963056643
2302 46.04 0.1120766165494623
2303 46.06 0.1125082568288682
2304 46.08 0.112921959313993
2305 46.1 0.1133127490445148
2306 46.12 0.113680323887255
2307 46.14 0.1140203268692235
2308 46.16 0.1143426399822893
2309 46.18 0.1146652259516062
2310 46.2 0.1149638207068174
2311 46.22 0.1152168184580701
2312 46.24 0.1154531494890173
2313 46.26 0.1156685074944069
2314 46.28 0.1158660356516557
2315 46.3 0.1160329716522913
2316 46.32 0.1161818949014457
2317 46.34 0.1163130796525513
2318 46.36 0.1164265269590771
2319 46.38 0.1164993638845014
2320 46.4 0.1165513943600657
2321 46.42 0.1165782436151546
2322 46.44 0.1165947032599047
2323 46.46 0.1165624109262077
2324 46.48 0.1165232332029161
2325 46.5 0.1164629323440117
2326 46.52 0.116380085046591
2327 46.54 0.11625745962688
2328 46.56 0.1161163883023778
2329 46.58 0.1159489192084365
2330 46.6 0.1157510092054501
2331 46.62 0.1155447692601445
2332 46.64 0.1153069357401241
2333 46.66 0.115042785491433
2334 46.68 0.1147561240413921
2335 46.7 0.1144455228258071
2336 46.72 0.1140986654733617
2337 46.74 0.1137309504228472
2338 46.76 0.113330744543913
2339 46.78 0.1129135784664744
2340 46.8 0.1124734287026261
2341 46.82 0.1120075653037457
2342 46.84 0.1115054259941416
2343 46.86 0.1109794166835281
2344 46.88 0.1104200022766236
2345 46.9 0.1098432570623785
2346 46.92 0.1092346254367125
2347 46.94 0.1086097902384452
2348 46.96 0.1079628867417859
2349 46.98 0.1072877901431623
2350 47 0.1065830669751193
2351 47.02 0.105852762427001
2352 47.04 0.1050918647545237
2353 47.06 0.1043098921855196
2354 47.08 0.1035079234755423
2355 47.1 0.1026798371372444
2356 47.12 0.101826217083896
2357 47.14 0.1009479039083934
2358 47.16 0.1000370963293057
2359 47.18 0.09909362026260173
2360 47.2 0.09813064535220149
2361 47.22 0.09714907044432869
2362 47.24 0.09613116628784144
2363 47.26 0.0950948537212039
2364 47.28 0.09403749075939306
2365 47.3 0.09295674046935681
2366 47.32 0.09184361573407562
2367 47.34 0.09070189856954457
2368 47.36 0.08954763475254736
2369 47.38 0.08835563500539161
2370 47.4 0.08714281768041456
2371 47.42 0.08589769135795822
2372 47.44 0.08464646375758772
2373 47.46 0.08335423109844584
2374 47.48 0.08205245628283453
2375 47.5 0.08072002429058421
2376 47.52 0.07935781520947521
2377 47.54 0.07797605314562311
2378 47.56 0.07656144315685155
2379 47.58 0.0751458993881913
2380 47.6 0.07369151845837264
2381 47.62 0.07221224166672136
2382 47.64 0.07070998585281439
2383 47.66 0.06918219531249981
2384 47.68 0.06763621304311145
2385 47.7 0.06607549296952558
2386 47.72 0.06448554450462676
2387 47.74 0.06287696156264191
2388 47.76 0.06124684868109227
2389 47.78 0.05959290812509621
2390 47.8 0.05792676037468193
2391 47.82 0.05623026166574246
2392 47.84 0.05450935948334142
2393 47.86 0.05277403344419738
2394 47.88 0.05102008316932603
2395 47.9 0.04925446932967828
2396 47.92 0.04745326109384385
2397 47.94 0.04564828484833538
2398 47.96 0.04381373560123605
2399 47.98 0.0419617855163859
2400 48 0.04009165562492263
2401 48.02 0.03820743814679116
2402 48.04 0.03630139771074846
2403 48.06 0.03439423009486079
2404 48.08 0.03245320207060494
2405 48.1 0.0304970728999914
2406 48.12 0.02853134589986502
2407 48.14 0.02653580670919524
2408 48.16 0.02454183700633568
2409 48.18 0.02252529094050509
2410 48.2 0.02048647132041887
2411 48.22 0.01843719679829195
2412 48.24 0.01637544309006428
2413 48.26 0.01430179219313309
2414 48.28 0.01222143367270049
2415 48.3 0.01009954257017599
2416 48.32 0.00799140739407514
2417 48.34 0.005870523014781059
2418 48.36 0.003737764263593665
2419 48.38 0.001588434629942359
2420 48.4 -0.000568104116269454
2421 48.42 -0.002720805942314924
2422 48.44 -0.004906780166924026
2423 48.46 -0.007425370737666301
2424 48.48 -0.009300079931874898
2425 48.5 -0.01180782309602952
2426 48.52 -0.01402790519285759
2427 48.54 -0.01592107785801354
2428 48.56 -0.01811168505403172
2429 48.58 -0.02033368498955451
2430 48.6 -0.02253743649219248
2431 48.62 -0.02476722228248508
2432 48.64 -0.02700771364044702
2433 48.66 -0.02958828531067222
2434 48.68 -0.03185255814513085
2435 48.7 -0.03412392151824611
2436 48.72 -0.03603989426169114
2437 48.74 -0.03860671915782097
2438 48.76 -0.04054323455263177
2439 48.78 -0.04312718351879236
2440 48.8 -0.04540859613538278
2441 48.82 -0.04766778144291037
2442 48.84 -0.0499219602156463
2443 48.86 -0.0521806738656486
2444 48.88 -0.05443147069545938
2445 48.9 -0.0566735120980621
2446 48.92 -0.05893391854248953
2447 48.94 -0.06116964745041403
2448 48.96 -0.06339733355737738
2449 48.98 -0.06562000127282273
2450 49 -0.06785803016877763
2451 49.02 -0.0700612931162259
2452 49.04 -0.07226922576395643
2453 49.06 -0.07446308716499431
2454 49.08 -0.07665051415337527
2455 49.1 -0.07883520126231823
2456 49.12 -0.08101248446668526
2457 49.14 -0.08318285838547747
2458 49.16 -0.08533340671634149
2459 49.18 -0.08748457642290917
2460 49.2 -0.08962558168424069
2461 49.22 -0.09176622776055288
2462 49.24 -0.09387998463493852
2463 49.26 -0.09598335486437448
2464 49.28 -0.09807424861898101
2465 49.3 -0.1001565692453801
2466 49.32 -0.1022032125346636
2467 49.34 -0.1042311905086287
2468 49.36 -0.1062386900657285
2469 49.38 -0.108236472671818
2470 49.4 -0.1102239841499771
2471 49.42 -0.1121967696913956
2472 49.44 -0.1141481762459685
2473 49.46 -0.1160766449578528
2474 49.48 -0.1179868184047214
2475 49.5 -0.1198727394269907
2476 49.52 -0.1217336695496016
2477 49.54 -0.123560559474936
2478 49.56 -0.1253917002491685
2479 49.58 -0.1271962732628109
2480 49.6 -0.1289848006457064
2481 49.62 -0.1307476360954206
2482 49.64 -0.1324675559124866
2483 49.66 -0.1341773069348754
2484 49.68 -0.1358437373453226
2485 49.7 -0.1374783710747038
2486 49.72 -0.1390890886754263
2487 49.74 -0.14067419459598
2488 49.76 -0.1422324132352971
2489 49.78 -0.1437684064908459
2490 49.8 -0.1452727965138454
2491 49.82 -0.1467387992931623
2492 49.84 -0.148187288651734
2493 49.86 -0.1495976556576995
2494 49.88 -0.1509761382419016
2495 49.9 -0.1523462277276204
2496 49.92 -0.15367917773427
2497 49.94 -0.1549548711720969
2498 49.96 -0.1562014904311792
2499 49.98 -0.157400931547604
2500 50 -0.1585750942482675
2501 50.02 -0.1597111904806291
2502 50.04 -0.1608170546599333
2503 50.06 -0.1618875935832311
2504 50.08 -0.1629242368779266
2505 50.1 -0.1639276257533266
2506 50.12 -0.1648871432409115
2507 50.14 -0.1658225474115596
2508 50.16 -0.1667024064080467
2509 50.18 -0.1675474940872332
2510 50.2 -0.1683494544620656
2511 50.22 -0.1691154313046831
2512 50.24 -0.16983803539578
2513 50.26 -0.1705162278468992
2514 50.28 -0.1711601575752696
2515 50.3 -0.171767596746099
2516 50.32 -0.1723242560772301
2517 50.34 -0.1728530131622473
2518 50.36 -0.1733190632426407
2519 50.38 -0.1737557342833159
2520 50.4 -0.174138958785201
2521 50.42 -0.1744764445197082
2522 50.44 -0.1747775486625714
2523 50.46 -0.1750328598243492
2524 50.48 -0.1752483772208714
2525 50.5 -0.1754226383192568
2526 50.52 -0.1755539479172131
2527 50.54 -0.1756326473576686
2528 50.56 -0.1756644582270789
2529 50.58 -0.1756579453511541
2530 50.6 -0.1756062852614123
2531 50.62 -0.1755057196132034
2532 50.64 -0.1753528017734315
2533 50.66 -0.1751486088477596
2534 50.68 -0.1749048699941076
2535 50.7 -0.1746145772563532
2536 50.72 -0.1742852504903825
2537 50.74 -0.1738917980613582
2538 50.76 -0.1734479342682675
2539 50.78 -0.172972663538684
2540 50.8 -0.1724534490522453
2541 50.82 -0.1718787939660685
2542 50.84 -0.1712486501311904
2543 50.86 -0.1705803933738454
2544 50.88 -0.1698723464737008
2545 50.9 -0.1691160688608075
2546 50.92 -0.1683123565344383
2547 50.94 -0.1674580145877513
2548 50.96 -0.1665474058441281
2549 50.98 -0.1655939933179524
2550 51 -0.1645892087051336
2551 51.02 -0.163541313974361
2552 51.04 -0.162438970856247
2553 51.06 -0.1613032010009502
2554 51.08 -0.1601069195248893
2555 51.1 -0.1588595327779457
2556 51.12 -0.1575726975627826
2557 51.14 -0.1562424836668485
2558 51.16 -0.154862758724035
2559 51.18 -0.1534303725283219
2560 51.2 -0.1519695655203044
2561 51.22 -0.1504545027120339
2562 51.24 -0.1488927487231555
2563 51.26 -0.1472776457491295
2564 51.28 -0.145611915108992
2565 51.3 -0.143902389534743
2566 51.32 -0.1421574523085808
2567 51.34 -0.1403666306641282
2568 51.36 -0.1385271317442379
2569 51.38 -0.1366432612861724
2570 51.4 -0.1347186510855402
2571 51.42 -0.1327340661203542
2572 51.44 -0.1307089183347597
2573 51.46 -0.1286549415514187
2574 51.48 -0.1265348417256563
2575 51.5 -0.1243885134136905
2576 51.52 -0.1221908612139067
2577 51.54 -0.1199479887016897
2578 51.56 -0.1176859810679993
2579 51.58 -0.1153652574292251
2580 51.6 -0.1130037780471258
2581 51.62 -0.1106074312132256
2582 51.64 -0.1081632535947166
2583 51.66 -0.1056780496210407
2584 51.68 -0.1031519530971856
2585 51.7 -0.100582498289748
2586 51.72 -0.09799267455836039
2587 51.74 -0.09534416541781408
2588 51.76 -0.09266855186403893
2589 51.78 -0.08995838536693189
2590 51.8 -0.08719665576667046
2591 51.82 -0.08441298056472279
2592 51.84 -0.08159631864942483
2593 51.86 -0.0787554838145381
2594 51.88 -0.07586215320318994
2595 51.9 -0.07292070783688594
2596 51.92 -0.06996850085378301
2597 51.94 -0.06697285815616996
2598 51.96 -0.06395030493497243
2599 51.98 -0.06090211942083317
2600 52 -0.05782858120481909
2601 52.02 -0.05471464629976121
2602 52.04 -0.05157001911969301
2603 52.06 -0.0484070177504749
2604 52.08 -0.04519737936156427
2605 52.1 -0.04196693075936358
2606 52.12 -0.03869818378596927
2607 52.14 -0.03541912046318684
2608 52.16 -0.03210365378772191
2609 52.18 -0.02878064073633035
2610 52.2 -0.02544986740382103
2611 52.22 -0.02208381521527902
2612 52.24 -0.0186946725951469
2613 52.26 -0.01528371780751974
2614 52.28 -0.01184593518033213
2615 52.3 -0.00839352191165652
2616 52.32 -0.004923879113323716
2617 52.34 -0.001434871446131316
2618 52.36 0.002064236758964302
2619 52.38 0.005579626470241002
2620 52.4 0.009108626284913433
2621 52.42 0.0126514458611047
2622 52.44 0.01619671103388498
2623 52.46 0.01976242353521057
2624 52.48 0.02331239103753472
2625 52.5 0.02691078048646811
2626 52.52 0.03050099507526455
2627 52.54 0.0340930089738944
2628 52.56 0.03772159256728846
2629 52.58 0.04134048454895874
2630 52.6 0.04495525801555969
2631 52.62 0.0485987096137766
2632 52.64 0.0522228203898692
2633 52.66 0.05584611419645454
2634 52.68 0.05948521627001146
2635 52.7 0.06311537111680952
2636 52.72 0.06673271318937971
2637 52.74 0.0703526371506204
2638 52.76 0.07397416397138427
2639 52.78 0.07758025668489882
2640 52.8 0.08117334902311746
2641 52.82 0.08476907719784542
2642 52.84 0.08834738642653779
2643 52.86 0.09193955740196089
2644 52.88 0.09549179860905171
2645 52.9 0.09905735384781597
2646 52.92 0.1026060552770169
2647 52.94 0.1061416631845629
2648 52.96 0.109666110155437
2649 52.98 0.1131703452557482
2650 53 0.1166464877313
2651 53.02 0.1201087394763212
2652 53.04 0.1235511825345085
2653 53.06 0.1269572775346824
2654 53.08 0.1303662851851743
2655 53.1 0.1337434457113519
2656 53.12 0.1370980131698805
2657 53.14 0.1404244531485777
2658 53.16 0.143712620981921
2659 53.18 0.1469913651011417
2660 53.2 0.1502526463824392
2661 53.22 0.1534789357036979
2662 53.24 0.1566600130658823
2663 53.26 0.1598191040316592
2664 53.28 0.162937046618613
2665 53.3 0.1660172842916444
2666 53.32 0.1690714988374247
2667 53.34 0.1720841066807351
2668 53.36 0.1750656397260689
2669 53.38 0.178001707281289
2670 53.4 0.1809185272539146
2671 53.42 0.1837907796379069
2672 53.44 0.1866138740164588
2673 53.46 0.1894047095020919
2674 53.48 0.1921548078489245
2675 53.5 0.1948401328162042
2676 53.52 0.197484651310697
2677 53.54 0.2000860189609913
2678 53.56 0.2026444996348832
2679 53.58 0.205165198611898
2680 53.6 0.2076251571728866
2681 53.62 0.2100402018262616
2682 53.64 0.2124144334615306
2683 53.66 0.2147226613940824
2684 53.68 0.2169739104957574
2685 53.7 0.2191542380690182
2686 53.72 0.2213087557912312
2687 53.74 0.2234117365714162
2688 53.76 0.2254433521030608
2689 53.78 0.2274139047523765
2690 53.8 0.2293395413139494
2691 53.82 0.2312144721402348
2692 53.84 0.2330297071833091
2693 53.86 0.2347667308248751
2694 53.88 0.2364396021554228
2695 53.9 0.2380542118164563
2696 53.92 0.239608468285318
2697 53.94 0.2411067832835343
2698 53.96 0.242537102309977
2699 53.98 0.243904288137153
2700 54 0.2452191239256212
2701 54.02 0.2464478195106824
2702 54.04 0.2476320235093332
2703 54.06 0.2487296359816208
2704 54.08 0.2497639201584342
2705 54.1 0.2507241620756685
2706 54.12 0.2516216204429501
2707 54.14 0.2524466791293214
2708 54.16 0.2531884706170923
2709 54.18 0.2538634803087962
2710 54.2 0.2544720999272835
2711 54.22 0.2550217772919378
2712 54.24 0.2554948063139295
2713 54.26 0.2559138193044997
2714 54.28 0.256233497830789
2715 54.3 0.2564900742431894
2716 54.32 0.2566764352879224
2717 54.34 0.2567788801432879
2718 54.36 0.2568066180238864
2719 54.38 0.2567699262458146
2720 54.4 0.2566498849043595
2721 54.42 0.2564543048815175
2722 54.44 0.2561848571155025
2723 54.46 0.2558260317913398
2724 54.48 0.2553998788782071
2725 54.5 0.2548928987526222
2726 54.52 0.2543188851489678
2727 54.54 0.2536701947866975
2728 54.56 0.2529500405838291
2729 54.58 0.2521328354968996
2730 54.6 0.2512531560937491
2731 54.62 0.2502787419846176
2732 54.64 0.2492280930315815
2733 54.66 0.2481046047571173
2734 54.68 0.2469287434968289
2735 54.7 0.2456626371205602
2736 54.72 0.2443018147792237
2737 54.74 0.2428839790004805
2738 54.76 0.241384215798087
2739 54.78 0.2398142148430227
2740 54.8 0.2381738787224664
2741 54.82 0.2364399098451014
2742 54.84 0.2346289497917516
2743 54.86 0.2327649332267382
2744 54.88 0.230812299789217
2745 54.9 0.2287705806361729
2746 54.92 0.2266597472087784
2747 54.94 0.2244754365699045
2748 54.96 0.2222074843346639
2749 54.98 0.2198657079298062
2750 55 0.217458530444309
2751 55.02 0.2149815013798361
2752 55.04 0.2124181918080518
2753 55.06 0.2097841535548728
2754 55.08 0.2070534163398184
2755 55.1 0.2042589728040836
2756 55.12 0.2014132983542729
2757 55.14 0.1984857113067141
2758 55.16 0.1954900062155679
2759 55.18 0.1924085950314026
2760 55.2 0.1892753105395459
2761 55.22 0.1860635850339355
2762 55.24 0.1827766869301302
2763 55.26 0.1794253914890905
2764 55.28 0.1759946494188952
2765 55.3 0.1725085310804776
2766 55.32 0.1689308202851408
2767 55.34 0.1652975155789644
2768 55.36 0.161600668225849
2769 55.38 0.1578467896052734
2770 55.4 0.1540243357422253
2771 55.42 0.1501377593444276
2772 55.44 0.1461928086140888
2773 55.46 0.1421743895340949
2774 55.48 0.1380980190200726
2775 55.5 0.1339784811738776
2776 55.52 0.1297835184075173
2777 55.54 0.1255455825080375
2778 55.56 0.1212377137159076
2779 55.58 0.1168715220480006
2780 55.6 0.1124689414622988
2781 55.62 0.107638313274424
2782 55.64 0.1034930833424951
2783 55.66 0.09894682704826149
2784 55.68 0.09431995703986268
2785 55.7 0.08966222953702239
2786 55.72 0.0845775938783299
2787 55.74 0.08018564951325637
2788 55.76 0.07501827232678442
2789 55.78 0.07053960073858835
2790 55.8 0.06568282096148334
2791 55.82 0.06035362238910435
2792 55.84 0.05538250697365089
2793 55.86 0.0503772150367643
2794 55.88 0.04533542683723619
2795 55.9 0.04025326352528225
2796 55.92 0.03515387440757559
2797 55.94 0.03000152782387094
2798 55.96 0.0248377067955782
2799 55.98 0.0196568604503648
2800 56 0.01443841267101701
2801 56.02 0.009194660534254427
2802 56.04 0.003907718468751973
2803 56.06 -0.001374947289352265
2804 56.08 -0.006691189543198943
2805 56.1 -0.01202321067892725
2806 56.12 -0.0173709790182669
2807 56.14 -0.02273974569117635
2808 56.16 -0.02809977457709138
2809 56.18 -0.03347355412990718
2810 56.2 -0.03885726901740788
2811 56.22 -0.04426887365865448
2812 56.24 -0.0496673947071955
2813 56.26 -0.05508602865390572
2814 56.28 -0.06050550789357562
2815 56.3 -0.06591752419695489
2816 56.32 -0.07132635159350187
2817 56.34 -0.07674427891722635
2818 56.36 -0.08211638797878443
2819 56.38 -0.08751532811173529
2820 56.4 -0.09292310315617182
2821 56.42 -0.09831037212938819
2822 56.44 -0.1036874378220063
2823 56.46 -0.1090540787719022
2824 56.48 -0.1144174493196529
2825 56.5 -0.1197436876089953
2826 56.52 -0.1250651958186756
2827 56.54 -0.1303495479844805
2828 56.56 -0.1356008852340526
2829 56.58 -0.1408459968570388
2830 56.6 -0.1460601343059517
2831 56.62 -0.1512548506340863
2832 56.64 -0.156407866274698
2833 56.66 -0.161556605821828
2834 56.68 -0.1666498683655925
2835 56.7 -0.1717256046719799
2836 56.72 -0.1767407431366297
2837 56.74 -0.1817352741363195
2838 56.76 -0.186687732612219
2839 56.78 -0.1915962011781378
2840 56.8 -0.196469032067986
2841 56.82 -0.2012915485944958
2842 56.84 -0.2060655467581473
2843 56.86 -0.2107889121649707
2844 56.88 -0.2154558838229235
2845 56.9 -0.2200814144746529
2846 56.92 -0.2246573354592576
2847 56.94 -0.2291798262270913
2848 56.96 -0.2336682415938123
2849 56.98 -0.2380846851244098
2850 57 -0.242430963035837
2851 57.02 -0.2467218057430402
2852 57.04 -0.2509485244172296
2853 57.06 -0.2551076255718808
2854 57.08 -0.2592058383486344
2855 57.1 -0.2632250072022794
2856 57.12 -0.2672057264522098
2857 57.14 -0.2711243107129535
2858 57.16 -0.2749518436158769
2859 57.18 -0.2787037168832074
2860 57.2 -0.2823761118390291
2861 57.22 -0.2860003885700489
2862 57.24 -0.2895542879052365
2863 57.26 -0.2930327518860906
2864 57.28 -0.2964209344097902
2865 57.3 -0.2997169510184007
2866 57.32 -0.30295394647057
2867 57.34 -0.3061092693326684
2868 57.36 -0.3091624488716216
2869 57.38 -0.3121428099026665
2870 57.4 -0.3150479776392449
2871 57.42 -0.3178409348041495
2872 57.44 -0.3205700695191571
2873 57.46 -0.3232161993357466
2874 57.48 -0.3257724800705384
2875 57.5 -0.3282257127184017
2876 57.52 -0.3305807929981311
2877 57.54 -0.3328512271350044
2878 57.56 -0.3350288513388763
2879 57.58 -0.3371115721116729
2880 57.6 -0.339096910352911
2881 57.62 -0.3409903462580524
2882 57.64 -0.3427681711045252
2883 57.66 -0.3444410766652188
2884 57.68 -0.346021427850948
2885 57.7 -0.3475273017122214
2886 57.72 -0.3489346443538303
2887 57.74 -0.3502424155840818
2888 57.76 -0.3514197750009387
2889 57.78 -0.3524826624670517
2890 57.8 -0.3534451765970783
2891 57.82 -0.3543085851040467
2892 57.84 -0.3550421594814545
2893 57.86 -0.3556809410707584
2894 57.88 -0.356221734736286
2895 57.9 -0.356672599657804
2896 57.92 -0.3570044037402979
2897 57.94 -0.3572256290601031
2898 57.96 -0.3573257606150408
2899 57.98 -0.3572975706218015
2900 58 -0.3571401387939876
2901 58.02 -0.356891015164845
2902 58.04 -0.3565247303201506
2903 58.06 -0.3560497628860164
2904 58.08 -0.3554685597726219
2905 58.1 -0.3547586338504393
2906 58.12 -0.3539376804432634
2907 58.14 -0.353008970361962
2908 58.16 -0.3519449191705653
2909 58.18 -0.3507784033783218
2910 58.2 -0.3495063640222622
2911 58.22 -0.3481186493196481
2912 58.24 -0.3466257643290495
2913 58.26 -0.3450098825782095
2914 58.28 -0.3432505466686072
2915 58.3 -0.3413693923459097
2916 58.32 -0.3393722739683471
2917 58.34 -0.337272642461741
2918 58.36 -0.3350614986206288
2919 58.38 -0.3327258662985025
2920 58.4 -0.3302684224556093
2921 58.42 -0.3276994190231475
2922 58.44 -0.3250020195365954
2923 58.46 -0.3221935296849332
2924 58.48 -0.3192610486785495
2925 58.5 -0.3162369358322139
2926 58.52 -0.3130957949129532
2927 58.54 -0.3098173634212973
2928 58.56 -0.3064306670532811
2929 58.58 -0.3029338938002785
2930 58.6 -0.2993415744499665
2931 58.62 -0.2956276652614424
2932 58.64 -0.2917953175519932
2933 58.66 -0.2878502106302637
2934 58.68 -0.283793150764631
2935 58.7 -0.2796574396616404
2936 58.72 -0.2754096170412546
2937 58.74 -0.2710559287044839
2938 58.76 -0.2666068549054421
2939 58.78 -0.2620344350036617
2940 58.8 -0.2573468507253681
2941 58.82 -0.2525520107628029
2942 58.84 -0.2476746838880198
2943 58.86 -0.2426946820325029
2944 58.88 -0.2376068397016013
2945 58.9 -0.2324277503053789
2946 58.92 -0.2271569019710495
2947 58.94 -0.2217821112227727
2948 58.96 -0.2163302892198923
2949 58.98 -0.2107795962093211
2950 59 -0.2051403019748009
2951 59.02 -0.199402757625633
2952 59.04 -0.1936206392787464
2953 59.06 -0.1877252996830382
2954 59.08 -0.1817503078295107
2955 59.1 -0.1756903224456301
2956 59.12 -0.1696030314587994
2957 59.14 -0.163409058907715
2958 59.16 -0.1571400635516849
2959 59.18 -0.1507998871219648
2960 59.2 -0.1444020932073397
2961 59.22 -0.1379010173903271
2962 59.24 -0.1313353889322213
2963 59.26 -0.1247271765701773
2964 59.28 -0.1180542388543073
2965 59.3 -0.1113079724529038
2966 59.32 -0.1044820670726008
2967 59.34 -0.09761039318238375
2968 59.36 -0.09067944863075451
2969 59.38 -0.0837358654204033
2970 59.4 -0.07673857179167178
2971 59.42 -0.0696802182646809
2972 59.44 -0.06258279229294257
2973 59.46 -0.0554373923661733
2974 59.48 -0.04824428492481286
2975 59.5 -0.04102173629326255
2976 59.52 -0.03377421266688521
2977 59.54 -0.02646198325387407
2978 59.56 -0.01910888282941913
2979 59.58 -0.01176708642838975
2980 59.6 -0.004340463504983087
2981 59.62 0.003117485457389867
2982 59.64 0.01057302248655268
2983 59.66 0.01802928632656685
2984 59.68 0.02553634228137994
2985 59.7 0.03305733538843084
2986 59.72 0.04053982499531406
2987 59.74 0.04806689889071546
2988 59.76 0.05559382414159453
2989 59.78 0.06311910172264378
2990 59.8 0.07064667586589063
2991 59.82 0.0782164981534363
2992 59.84 0.08576427111039847
2993 59.86 0.09330523132599181
2994 59.88 0.1008400212896868
2995 59.9 0.1083555167903248
2996 59.92 0.1158603887931422
2997 59.94 0.1233593550362993
2998 59.96 0.1308234388191282
2999 59.98 0.1382857780961535
3000 60 0.1457253963049643
3001 60.02 0.1531192771650155
3002 60.04 0.1605028927450939
3003 60.06 0.1679039321590695
3004 60.08 0.1752255800111945
3005 60.1 0.1825370239735701
3006 60.12 0.1898200572986048
3007 60.14 0.1970668320280706
3008 60.16 0.2042660689134678
3009 60.18 0.2113911780108709
3010 60.2 0.2184717470989854
3011 60.22 0.2254977688486278
3012 60.24 0.2324919422910426
3013 60.26 0.2394336337555964
3014 60.28 0.2463081724890054
3015 60.3 0.2531473948100823
3016 60.32 0.259917197716071
3017 60.34 0.2666435498473669
3018 60.36 0.2733026884662733
3019 60.38 0.2798651199477372
3020 60.4 0.2863691233909312
3021 60.42 0.292809831305426
3022 60.44 0.2991537382672579
3023 60.46 0.3054207386586892
3024 60.48 0.3116276004046062
3025 60.5 0.3177240561336561
3026 60.52 0.3237483708890587
3027 60.54 0.3296812116624505
3028 60.56 0.3355339728236806
3029 60.58 0.3413053014504925
3030 60.6 0.346976554292565
3031 60.62 0.3525875999825609
3032 60.64 0.3580718909910595
3033 60.66 0.3634318231516906
3034 60.68 0.3687152136584333
3035 60.7 0.3738618219881751
3036 60.72 0.3788981147896925
3037 60.74 0.3838477500949563
3038 60.76 0.3887133563388221
3039 60.78 0.3934812292293198
3040 60.8 0.3981268786639369
3041 60.82 0.4026590557042625
3042 60.84 0.4070826739774243
3043 60.86 0.4113433271155015
3044 60.88 0.4154716959332104
3045 60.9 0.4194789710898367
3046 60.92 0.4233409608433396
3047 60.94 0.4270971042243546
3048 60.96 0.4307494259607877
3049 60.98 0.4342765970381765
3050 61 0.4376978304577398
3051 61.02 0.4409759785705757
3052 61.04 0.444102326098927
3053 61.06 0.447076121606967
3054 61.08 0.4499164894353461
3055 61.1 0.4525889960063318
3056 61.12 0.4551519828150425
3057 61.14 0.4575977871337147
3058 61.16 0.459879075122997
3059 61.18 0.4619913654906618
3060 61.2 0.463988664768121
3061 61.22 0.4658115482263909
3062 61.24 0.4674926007818609
3063 61.26 0.4690279025267423
3064 61.28 0.470419072555838
3065 61.3 0.471650387836331
3066 61.32 0.4727303590349863
3067 61.34 0.4736433172066193
3068 61.36 0.4744061988750484
3069 61.38 0.4750154100529602
3070 61.4 0.4754672319430544
3071 61.42 0.4757826856253587
3072 61.44 0.4759195760421992
3073 61.46 0.475901760307399
3074 61.48 0.475723614723554
3075 61.5 0.4753937074589847
3076 61.52 0.4748977161262308
3077 61.54 0.4742245265918668
3078 61.56 0.4733939353199926
3079 61.58 0.4724088280900548
3080 61.6 0.4712592919155434
3081 61.62 0.4699249674233163
3082 61.64 0.4684343473255848
3083 61.66 0.4667722438029809
3084 61.68 0.464957121822076
3085 61.7 0.4629650089831346
3086 61.72 0.4607995389218995
3087 61.74 0.4584681797373752
3088 61.76 0.4559767388325334
3089 61.78 0.4533131773427052
3090 61.8 0.4505019040166555
3091 61.82 0.4475363333664835
3092 61.84 0.4444143066151248
3093 61.86 0.4411170536590336
3094 61.88 0.4376676369351404
3095 61.9 0.4340356292228116
3096 61.92 0.4302767230908484
3097 61.94 0.4263458046390219
3098 61.96 0.4222593623268922
3099 61.98 0.4180079745716505
3100 62 0.4135801258700767
3101 62.02 0.409035132777556
3102 62.04 0.4043113269887059
3103 62.06 0.3994452482833364
3104 62.08 0.3944358277110068
3105 62.1 0.389278400462867
3106 62.12 0.3839355937269999
3107 62.14 0.3784616040734401
3108 62.16 0.3728730815477078
3109 62.18 0.3671345946248171
3110 62.2 0.3612614500425976
3111 62.22 0.35521147777239
3112 62.24 0.3490313047313673
3113 62.26 0.3426949470551561
3114 62.28 0.3362569509897612
3115 62.3 0.3296938984204485
3116 62.32 0.3229957932383682
3117 62.34 0.3161592785082031
3118 62.36 0.3092000736859054
3119 62.38 0.3021342973271731
3120 62.4 0.2949099385151542
3121 62.42 0.2875472290416601
3122 62.44 0.2800972093206034
3123 62.46 0.2725279164006534
3124 62.48 0.2648480431297292
3125 62.5 0.2570557421345368
3126 62.52 0.2491582419480928
3127 62.54 0.2411258525073617
3128 62.56 0.2330078130138509
3129 62.58 0.2247954473716029
3130 62.6 0.2164811669187043
3131 62.62 0.2080545356504223
3132 62.64 0.1995194363377268
3133 62.66 0.1909393054056963
3134 62.68 0.1822324752960751
3135 62.7 0.1734602906556003
3136 62.72 0.1645891625464922
3137 62.74 0.1556142369467832
3138 62.76 0.146580629559838
3139 62.78 0.1374776563018599
3140 62.8 0.1283259308001524
3141 62.82 0.1190762632615194
3142 62.84 0.1097791083618047
3143 62.86 0.1003877783999761
3144 62.88 0.09097319540309375
3145 62.9 0.08147041692147974
3146 62.92 0.07191186379269322
3147 62.94 0.0623113879923549
3148 62.96 0.05267931945026708
3149 62.98 0.04295894109359445
3150 63 0.03324485199251696
3151 63.02 0.02347383103840627
3152 63.04 0.0136656408518184
3153 63.06 0.003836483570564134
3154 63.08 -0.006060669225369823
3155 63.1 -0.01594724485395134
3156 63.12 -0.02583111793988131
3157 63.14 -0.03575564721573254
3158 63.16 -0.04567713869656661
3159 63.18 -0.05562823614018899
3160 63.2 -0.06558470721120416
3161 63.22 -0.07555437798540081
3162 63.24 -0.08549835249572436
3163 63.26 -0.09544344961197999
3164 63.28 -0.1053681961826653
3165 63.3 -0.1153248285747449
3166 63.32 -0.1252737886029731
3167 63.34 -0.1351964213949739
3168 63.36 -0.1450768063242608
3169 63.38 -0.1549360675485802
3170 63.4 -0.1647751632526698
3171 63.42 -0.1746081446387068
3172 63.44 -0.184398480229364
3173 63.46 -0.1941780476869767
3174 63.48 -0.2038988840254222
3175 63.5 -0.2135664655877628
3176 63.52 -0.2231958785794609
3177 63.54 -0.232787389614161
3178 63.56 -0.2423131468151432
3179 63.58 -0.2517754142464647
3180 63.6 -0.2612038280721459
3181 63.62 -0.2705826193435664
3182 63.64 -0.2798840360508609
3183 63.66 -0.2891255586977783
3184 63.68 -0.298275487092175
3185 63.7 -0.3073584383400528
3186 63.72 -0.316368116216219
3187 63.74 -0.3252895310614861
3188 63.76 -0.3341377073870813
3189 63.78 -0.3428787137170593
3190 63.8 -0.3515343428684656
3191 63.82 -0.3601109227254652
3192 63.84 -0.3686073102715127
3193 63.86 -0.3769809091701735
3194 63.88 -0.3852506336489373
3195 63.9 -0.3933860114471957
3196 63.92 -0.4014295860387463
3197 63.94 -0.4093300629177929
3198 63.96 -0.4171650152689664
3199 63.98 -0.4248970890786385
3200 64 -0.4324998127380761
3201 64.02 -0.4399660347263893
3202 64.04000000000001 -0.4472782815003967
3203 64.06 -0.4544662974022974
3204 64.08 -0.4615071323189919
3205 64.09999999999999 -0.4684136929933465
3206 64.12 -0.4751781345102485
3207 64.14 -0.4817996485447213
3208 64.16 -0.48830499597561
3209 64.18000000000001 -0.494665619305293
3210 64.2 -0.50084933625726
3211 64.22 -0.5068779698441781
3212 64.23999999999999 -0.512752035926841
3213 64.26000000000001 -0.5184867183101072
3214 64.28 -0.524032350101998
3215 64.3 -0.529400713956414
3216 64.32000000000001 -0.5346040835159447
3217 64.34 -0.5396748832272326
3218 64.36 -0.5445342055596187
3219 64.38 -0.5492608751154154
3220 64.40000000000001 -0.553779769975711
3221 64.42 -0.5581362130774986
3222 64.44 -0.5622946946250295
3223 64.46000000000001 -0.5662328000419456
3224 64.48 -0.5700523584956616
3225 64.5 -0.5736622695926801
3226 64.52 -0.5770696992735428
3227 64.54000000000001 -0.5802647683177898
3228 64.56 -0.583267135124597
3229 64.58 -0.5861079882723298
3230 64.59999999999999 -0.5887298982381738
3231 64.62 -0.5911753769572983
3232 64.64 -0.5934019349601102
3233 64.66 -0.5954011417002313
3234 64.68000000000001 -0.5972328980328381
3235 64.7 -0.5988444006580592
3236 64.72 -0.600237930583736
3237 64.73999999999999 -0.6014311752265465
3238 64.76000000000001 -0.602444564746805
3239 64.78 -0.6032646440999913
3240 64.8 -0.6038259004214536
3241 64.82000000000001 -0.604171353613161
3242 64.84 -0.6042915228594157
3243 64.86 -0.6042114055523448
3244 64.88 -0.6039682358941153
3245 64.90000000000001 -0.6034858293311091
3246 64.92 -0.6027586705540718
3247 64.94 -0.6018152054283382
3248 64.96000000000001 -0.6006898871874794
3249 64.98 -0.5993497806364202
3250 65 -0.5977493429759966
3251 65.02 -0.595947272469202
3252 65.04000000000001 -0.5939379441164602
3253 65.06 -0.5917306388373651
3254 65.08 -0.589331865266856
3255 65.09999999999999 -0.5866935547641101
3256 65.12 -0.5838443447167508
3257 65.14 -0.5807814591855974
3258 65.16 -0.5775443958033192
3259 65.18000000000001 -0.5740928494516897
3260 65.2 -0.5703977208475519
3261 65.22 -0.5664890589178501
3262 65.23999999999999 -0.5623814823408432
3263 65.26000000000001 -0.5580898820461796
3264 65.28 -0.5535870426773339
3265 65.3 -0.5488189264723562
3266 65.32000000000001 -0.5438750526846826
3267 65.34 -0.5387583190720501
3268 65.36 -0.5334410291553455
3269 65.38 -0.5279270721408149
3270 65.40000000000001 -0.5222309433873435
3271 65.42 -0.5163207665006844
3272 65.44 -0.5102169945792324
3273 65.46000000000001 -0.5039370181922931
3274 65.48 -0.4974742629377062
3275 65.5 -0.4908299165771572
3276 65.52 -0.4839975912315386
3277 65.54000000000001 -0.4769565025551021
3278 65.56 -0.4697469078689804
3279 65.58 -0.4623675411844639
3280 65.59999999999999 -0.454802480551536
3281 65.62 -0.4470802599311955
3282 65.64 -0.4392168275386233
3283 65.66 -0.4311385564968552
3284 65.68000000000001 -0.4228901678407772
3285 65.7 -0.4144898024279622
3286 65.72 -0.4059343244662744
3287 65.73999999999999 -0.3972407564804248
3288 65.76000000000001 -0.3883784306060701
3289 65.78 -0.3793604627674533
3290 65.8 -0.3701897363145902
3291 65.82000000000001 -0.360836923343016
3292 65.84 -0.3513603650182469
3293 65.86 -0.3417781121593765
3294 65.88 -0.3320434242132307
3295 65.90000000000001 -0.3221653330086775
3296 65.92 -0.3121357926461983
3297 65.94 -0.3019647628869468
3298 65.96000000000001 -0.2916981005122573
3299 65.98 -0.2812863715110179
3300 66 -0.2707559083268304
3301 66.02 -0.2601138104169624
3302 66.04000000000001 -0.2493903264697248
3303 66.06 -0.2385254477358857
3304 66.08 -0.2275459483485297
3305 66.09999999999999 -0.2164747338264504
3306 66.12 -0.205273513852317
3307 66.14 -0.1939954127847763
3308 66.16 -0.1826065656491501
3309 66.18000000000001 -0.1711332817144376
3310 66.2 -0.1595641198167614
3311 66.22 -0.1479164403580828
3312 66.23999999999999 -0.1362018907931141
3313 66.26000000000001 -0.1243994691015447
3314 66.28 -0.1125074476596664
3315 66.3 -0.1005320611257568
3316 66.32000000000001 -0.08852079147966566
3317 66.34 -0.0764638609640598
3318 66.36 -0.06434007519959227
3319 66.38 -0.05214768057198502
3320 66.40000000000001 -0.03990201603195145
3321 66.42 -0.02764116805802269
3322 66.44 -0.01534031739674349
3323 66.46000000000001 -0.002989379300552504
3324 66.48 0.009406390401142724
3325 66.5 0.02183276916768422
3326 66.52 0.03426072229689849
3327 66.54000000000001 0.0467439472886948
3328 66.56 0.05962224563126138
3329 66.58 0.071740827080056
3330 66.59999999999999 0.0842435130451797
3331 66.62 0.09712092711591319
3332 66.64 0.1092389497849944
3333 66.66 0.1217089878201975
3334 66.68000000000001 0.1346018805527271
3335 66.7 0.1467140672909571
3336 66.72 0.1595664759371762
3337 66.73999999999999 0.172012529490106
3338 66.76000000000001 0.1840660420717669
3339 66.78 0.1964935429697243
3340 66.8 0.2088586811754289
3341 66.82000000000001 0.2211858052637755
3342 66.84 0.2334584088473798
3343 66.86 0.245660983690191
3344 66.88 0.2578054427781034
3345 66.90000000000001 0.2699094237799586
3346 66.92 0.281989702191619
3347 66.94 0.2943886618117156
3348 66.96000000000001 0.3059516714562116
3349 66.98 0.3182141590348536
3350 67 0.3299986308323054
3351 67.02 0.3416677134360426
3352 67.04000000000001 0.3532706442130163
3353 67.06 0.3647767431074859
3354 67.08 0.3762142826433336
3355 67.09999999999999 0.3875259876992225
3356 67.12 0.3987415211005999
3357 67.14 0.4098547547984453
3358 67.16 0.4208449040908805
3359 67.18000000000001 0.4317200146193321
3360 67.2 0.4424744229063815
3361 67.22 0.4530832662560778
3362 67.23999999999999 0.4635712929099987
3363 67.26000000000001 0.4739371888853584
3364 67.28 0.4841617634506537
3365 67.3 0.4942567347637624
3366 67.32000000000001 0.5041797370730894
3367 67.34 0.5139510507651857
3368 67.36 0.5235879281345576
3369 67.38 0.5330140432011109
3370 67.40000000000001 0.5423123137604171
3371 67.42 0.5514282679415874
3372 67.44 0.5604124897432144
3373 67.46000000000001 0.5691631689337514
3374 67.48 0.5777510496552328
3375 67.5 0.5861534445691357
3376 67.52 0.59435287590203
3377 67.54000000000001 0.6023282126705235
3378 67.56 0.6101548339865215
3379 67.58 0.6177568187102507
3380 67.59999999999999 0.6252098336564635
3381 67.62 0.6324596086544522
3382 67.64 0.6394936710361564
3383 67.66 0.6462775756774843
3384 67.68000000000001 0.6528226623039486
3385 67.7 0.6591616261711668
3386 67.72 0.6652753530331059
3387 67.73999999999999 0.6711874358179071
3388 67.76000000000001 0.6768796832654267
3389 67.78 0.6823170026558051
3390 67.8 0.687534495723598
3391 67.82000000000001 0.6925500970675718
3392 67.84 0.6973054683437515
3393 67.86 0.7017890846051077
3394 67.88 0.7060161776185586
3395 67.90000000000001 0.7100243770709115
3396 67.92 0.7137950596475331
3397 67.94 0.7173064143185904
3398 67.96000000000001 0.7206019809940969
3399 67.98 0.7236448329865091
3400 68 0.7264364040786747
3401 68.02 0.7288798371161741
3402 68.04000000000001 0.7310994068371628
3403 68.06 0.7331223965119853
3404 68.08 0.7348875336339291
3405 68.09999999999999 0.7363669900212185
3406 68.12 0.7375915805515396
3407 68.14 0.738557849100891
3408 68.16 0.7392482780221028
3409 68.18000000000001 0.7396526349864927
3410 68.2 0.7397724840057137
3411 68.22 0.7396636076115852
3412 68.23999999999999 0.7393029859637181
3413 68.26000000000001 0.7386915514072202
3414 68.28 0.7377862748788152
3415 68.3 0.7365782469017785
3416 68.32000000000001 0.7349714264368739
3417 68.34 0.7334473299699793
3418 68.36 0.7315185608721446
3419 68.38 0.7291922469055228
3420 68.40000000000001 0.7268528540856158
3421 68.42 0.7239696045402204
3422 68.44 0.7210819480965946
3423 68.46000000000001 0.7176965954605347
3424 68.48 0.7141826324293035
3425 68.5 0.7104164284590735
3426 68.52 0.7064079876439747
3427 68.54000000000001 0.702217466208795
3428 68.56 0.6976156052240469
3429 68.58 0.6928392685587241
3430 68.60000000000001 0.6878100712650812
3431 68.62 0.6825725902734568
3432 68.64 0.6770367268763045
3433 68.66 0.6711953161163429
3434 68.68000000000001 0.6651657494812927
3435 68.7 0.6588864688499605
3436 68.72 0.6523496139183685
3437 68.73999999999999 0.6455826904214321
3438 68.76000000000001 0.6385828036985325
3439 68.78 0.6313456189740372
3440 68.8 0.6238623996246215
3441 68.82000000000001 0.6161524791363294
3442 68.84 0.6081743513877303
3443 68.86 0.5999793524627771
3444 68.88 0.5916018991494246
3445 68.90000000000001 0.5830100996663091
3446 68.92 0.574208968141775
3447 68.94 0.565163240324199
3448 68.96000000000001 0.5558769815218036
3449 68.98 0.5463824040041093
3450 69 0.5366665222915419
3451 69.02 0.5267426302370954
3452 69.04000000000001 0.5166458865622868
3453 69.06 0.5063499739947661
3454 69.08 0.4958580215059552
3455 69.10000000000001 0.4851196480464898
3456 69.12 0.4742119818225095
3457 69.14 0.4631052225473676
3458 69.16 0.4518567657885151
3459 69.18000000000001 0.4403958333806163
3460 69.2 0.4287585561426537
3461 69.22 0.4169277131590789
3462 69.23999999999999 0.4049082653492707
3463 69.26000000000001 0.3927211587289888
3464 69.28 0.3803993901606658
3465 69.3 0.3679358523102457
3466 69.32000000000001 0.3553032988715132
3467 69.34 0.3425092222460815
3468 69.36 0.3295598094519696
3469 69.38 0.3164717333867011
3470 69.40000000000001 0.3032738986835841
3471 69.42 0.2898917351022232
3472 69.44 0.2764143362014967
3473 69.46000000000001 0.2628256502543633
3474 69.48 0.2491253714774827
3475 69.5 0.2352851592510222
3476 69.52 0.2213470345403087
3477 69.54000000000001 0.207288947393509
3478 69.56 0.1930885434187938
3479 69.58 0.178820981179982
3480 69.60000000000001 0.1644678552454572
3481 69.62 0.1500498873660206
3482 69.64 0.1355193521154123
3483 69.66 0.1208806763357323
3484 69.68000000000001 0.1061705222246661
3485 69.7 0.09139789023478714
3486 69.72 0.07657540277370344
3487 69.73999999999999 0.06167764661714435
3488 69.76000000000001 0.04673389785592887
3489 69.78 0.03135267428195643
3490 69.8 0.01622741391196303
3491 69.82000000000001 0.001072038556418639
3492 69.84 -0.01411513698412118
3493 69.86 -0.02930821457877292
3494 69.88 -0.04453351385821121
3495 69.90000000000001 -0.05979923620993389
3496 69.92 -0.07508493650798764
3497 69.94 -0.09038545427542535
3498 69.96000000000001 -0.1057100942555137
3499 69.98 -0.1209774566206261
3500 70 -0.1362668526047104
3501 70.02 -0.1515578843871403
3502 70.04000000000001 -0.1668642240632982
3503 70.06 -0.1821343978714375
3504 70.08 -0.1973799230342473
3505 70.10000000000001 -0.2125958635935092
3506 70.12 -0.2277654098320172
3507 70.14 -0.2429133602442685
3508 70.16 -0.2580171688070246
3509 70.18000000000001 -0.2730980913531432
3510 70.2 -0.2881186551384787
3511 70.22 -0.3030468134553028
3512 70.23999999999999 -0.3178982430962549
3513 70.26000000000001 -0.3327283262116152
3514 70.28 -0.3474641748983689
3515 70.3 -0.3621363748064759
3516 70.32000000000001 -0.376722490432834
3517 70.34 -0.3911512991696268
3518 70.36 -0.4055181457585249
3519 70.38 -0.4197759315973665
3520 70.40000000000001 -0.4339469804706933
3521 70.42 -0.447964177818967
3522 70.44 -0.4618533128340446
3523 70.46000000000001 -0.4756202529779076
3524 70.48 -0.4892490442586269
3525 70.5 -0.5027613487064293
3526 70.52 -0.5161425839360619
3527 70.54000000000001 -0.5293421380782838
3528 70.56 -0.5423717235517213
3529 70.58 -0.5552360058590721
3530 70.60000000000001 -0.5679252670576168
3531 70.62 -0.5804405908788474
3532 70.64 -0.592791256482128
3533 70.66 -0.6049858944214737
3534 70.68000000000001 -0.6169637609777862
3535 70.7 -0.6287529753433325
3536 70.72 -0.6403648860634253
3537 70.73999999999999 -0.6517235786494123
3538 70.76000000000001 -0.6629016046613244
3539 70.78 -0.6738894452557419
3540 70.8 -0.6845989174915691
3541 70.82000000000001 -0.6951204414469575
3542 70.84 -0.7054429577762416
3543 70.86 -0.715543900506549
3544 70.88 -0.7254051627343894
3545 70.90000000000001 -0.734941224114755
3546 70.92 -0.744261467583569
3547 70.94 -0.7533528906041691
3548 70.96000000000001 -0.7621937568714843
3549 70.98 -0.7708231119408755
3550 71 -0.7791744911248188
3551 71.02 -0.7872652570280557
3552 71.04000000000001 -0.7950525433928749
3553 71.06 -0.8025812294681178
3554 71.08 -0.8098458194452727
3555 71.10000000000001 -0.8168397275520523
3556 71.12 -0.823532163420259
3557 71.14 -0.8299981278788751
3558 71.16 -0.836127315658255
3559 71.18000000000001 -0.841964668956843
3560 71.2 -0.8475031719375854
3561 71.22 -0.8527617282301744
3562 71.23999999999999 -0.8577800528423881
3563 71.26000000000001 -0.8624609849387667
3564 71.28 -0.866831046062589
3565 71.3 -0.8709469072149235
3566 71.32000000000001 -0.8747529244082749
3567 71.34 -0.8782587405332329
3568 71.36 -0.8814723677394377
3569 71.38 -0.884339554758614
3570 71.40000000000001 -0.8869221135352376
3571 71.42 -0.8891744021024218
3572 71.44 -0.891142592415003
3573 71.46000000000001 -0.89279007555653
3574 71.48 -0.8941115954951631
3575 71.5 -0.8951070614072476
3576 71.52 -0.8958094538290345
3577 71.54000000000001 -0.8961366539913764
3578 71.56 -0.8961726544416981
3579 71.58 -0.8959124504991375
3580 71.60000000000001 -0.8952930889671893
3581 71.62 -0.8943614042266954
3582 71.64 -0.8931293890869253
3583 71.66 -0.8915787600048253
3584 71.68000000000001 -0.889720563280779
3585 71.7 -0.887538856116157
3586 71.72 -0.8850312881602467
3587 71.73999999999999 -0.8821888100932458
3588 71.76000000000001 -0.8790249423026296
3589 71.78 -0.8755609974363732
3590 71.8 -0.8717726870136946
3591 71.82000000000001 -0.8676521497511334
3592 71.84 -0.8631795064206396
3593 71.86 -0.8584255965834962
3594 71.88 -0.8533860077328087
3595 71.90000000000001 -0.8480578469846834
3596 71.92 -0.8424224673775286
3597 71.94 -0.8364454334576955
3598 71.96000000000001 -0.8301738228412336
3599 71.98 -0.823605577738015
3600 72 -0.8167325135227067
3601 72.02 -0.8095691088828693
3602 72.04000000000001 -0.8020789266595478
3603 72.06 -0.7942953132996943
3604 72.08 -0.7861693605621356
3605 72.10000000000001 -0.7778156303751951
3606 72.12 -0.7692183008280795
3607 72.14 -0.760287618652849
3608 72.16 -0.7510468176974504
3609 72.18000000000001 -0.7415488288722211
3610 72.2 -0.7317813355268342
3611 72.22 -0.7217575455991165
3612 72.23999999999999 -0.7114288811479149
3613 72.26000000000001 -0.7008554092825342
3614 72.28 -0.6900523458841045
3615 72.3 -0.67895842534703
3616 72.32000000000001 -0.6675825178557909
3617 72.34 -0.6559629326953212
3618 72.36 -0.6441029712412543
3619 72.38 -0.6320057186541377
3620 72.40000000000001 -0.619674621204541
3621 72.42 -0.6070354600868263
3622 72.44 -0.5942504877028294
3623 72.46000000000001 -0.5811369307070943
3624 72.48 -0.5678215372469498
3625 72.5 -0.5542579275395481
3626 72.52 -0.5404650859234492
3627 72.54000000000001 -0.5265206559479425
3628 72.56 -0.5123536142350782
3629 72.58 -0.4979489652890435
3630 72.60000000000001 -0.4833389747434054
3631 72.62 -0.4685455536158728
3632 72.64 -0.4535560650486585
3633 72.66 -0.4384155608071135
3634 72.68000000000001 -0.4230501130743318
3635 72.7 -0.4074859413572899
3636 72.72 -0.3917604346558469
3637 72.73999999999999 -0.3758376010656098
3638 72.76000000000001 -0.3597288887319876
3639 72.78 -0.3434475861198759
3640 72.8 -0.3272403718875641
3641 72.82000000000001 -0.3104598787384241
3642 72.84 -0.2937505528476093
3643 72.86 -0.2768695983280487
3644 72.88 -0.2598767376747207
3645 72.90000000000001 -0.2427196268631079
3646 72.92 -0.2254424507388694
3647 72.94 -0.2080746710637635
3648 72.96000000000001 -0.190588375868916
3649 72.98 -0.1729813614682821
3650 73 -0.1552761768798714
3651 73.02 -0.1374683507440881
3652 73.04000000000001 -0.1195552488775152
3653 73.06 -0.1015628954426715
3654 73.08 -0.08349181435847111
3655 73.10000000000001 -0.06538613691811312
3656 73.12 -0.04716526767282145
3657 73.14 -0.02888205654757406
3658 73.16 -0.01054084205292835
3659 73.18000000000001 0.00784979435600954
3660 73.2 0.02630322522977454
3661 73.22 0.0447872335697822
3662 73.23999999999999 0.06332593660726508
3663 73.26000000000001 0.08191261803173122
3664 73.28 0.1004942626091734
3665 73.3 0.1190463439929436
3666 73.32000000000001 0.1376583380679278
3667 73.34 0.1562778585969953
3668 73.36 0.1748772056752826
3669 73.38 0.1934777063141098
3670 73.40000000000001 0.2120122164207079
3671 73.42 0.2305172444570242
3672 73.44 0.2489918577594012
3673 73.46000000000001 0.2674596702055639
3674 73.48 0.2859028472998821
3675 73.5 0.304278734078528
3676 73.52 0.3225751671798323
3677 73.54000000000001 0.340833121208779
3678 73.56 0.3589815267984209
3679 73.58 0.3770551624068841
3680 73.60000000000001 0.3950398418815563
3681 73.62 0.4129080024383849
3682 73.64 0.4306608035087517
3683 73.66 0.4483314441480561
3684 73.68000000000001 0.4659185405072482
3685 73.7 0.483408852041518
3686 73.72 0.5007782828920748
3687 73.73999999999999 0.5179517005810141
3688 73.76000000000001 0.5349963756986181
3689 73.78 0.5519338995154097
3690 73.8 0.5687326206769446
3691 73.82000000000001 0.5853397802828602
3692 73.84 0.6017932447864811
3693 73.86 0.6180344317030628
3694 73.88 0.6341433397944645
3695 73.90000000000001 0.6500290471116151
3696 73.92 0.6657754388463566
3697 73.94 0.6812729527337951
3698 73.96000000000001 0.6965667627475092
3699 73.98 0.7116154020362722
3700 74 0.7264812818788324
3701 74.02 0.7411169831770107
3702 74.04000000000001 0.7555219418248827
3703 74.06 0.7696854443285051
3704 74.08 0.783592020196727
3705 74.10000000000001 0.7972805272734889
3706 74.12 0.8106961949645792
3707 74.14 0.823893915208438
3708 74.16 0.8367883390871886
3709 74.18000000000001 0.8494376200933554
3710 74.2 0.8618080236688135
3711 74.22 0.873943170033245
3712 74.23999999999999 0.8857561040942395
3713 74.26000000000001 0.8972431523996451
3714 74.28 0.9084629172027497
3715 74.3 0.9193652356292035
3716 74.32000000000001 0.9299785106669819
3717 74.34 0.9402824232379193
3718 74.36 0.9502632563169566
3719 74.38 0.959903617956161
3720 74.40000000000001 0.9692276967255479
3721 74.42 0.9782038560244183
3722 74.44 0.9868374520295196
3723 74.46000000000001 0.9951181899807833
3724 74.48 1.003095344519866
3725 74.5 1.010703271508159
3726 74.52 1.017949099793614
3727 74.54000000000001 1.024800843870939
3728 74.56 1.031326461835123
3729 74.58 1.037533601104
3730 74.60000000000001 1.043355929632346
3731 74.62 1.04881405206803
3732 74.64 1.053925936499452
3733 74.66 1.058671719155609
3734 74.68000000000001 1.063059339363349
3735 74.7 1.067050094833781
3736 74.72 1.070608311977356
3737 74.73999999999999 1.073781355397161
3738 74.76000000000001 1.076596905839755
3739 74.78 1.079013345174418
3740 74.8 1.081067544336739
3741 74.82000000000001 1.082756802436257
3742 74.84 1.084053893147123
3743 74.86 1.084987400479672
3744 74.88 1.085514427649638
3745 74.90000000000001 1.085571624675405
3746 74.92 1.085265908952086
3747 74.94 1.084621561099537
3748 74.96000000000001 1.083609061687171
3749 74.98 1.08218451858431
3750 75 1.080383641505801
3751 75.02 1.078146645750444
3752 75.04000000000001 1.07559063607403
3753 75.06 1.072651200118847
3754 75.08 1.069346059319779
3755 75.10000000000001 1.065726611050238
3756 75.12 1.061647190623896
3757 75.14 1.057216977997226
3758 75.16 1.052393769504917
3759 75.18000000000001 1.047241252535283
3760 75.2 1.041761942733309
3761 75.22 1.035851680364748
3762 75.23999999999999 1.02957735582941
3763 75.26000000000001 1.022925491034124
3764 75.28 1.015933916057524
3765 75.3 1.008592117534261
3766 75.32000000000001 1.000835868979267
3767 75.34 0.992765684839639
3768 75.36 0.9843899201954962
3769 75.38 0.9756570943831571
3770 75.40000000000001 0.9665095124900182
3771 75.42 0.9570076766901814
3772 75.44 0.9471978900047056
3773 75.46000000000001 0.9370459673523882
3774 75.48 0.9265344519899834
3775 75.5 0.9157106359726083
3776 75.52 0.9045227073905662
3777 75.54000000000001 0.8929384519048168
3778 75.56 0.8810500795039677
3779 75.58 0.8688257506364703
3780 75.60000000000001 0.8562742836558735
3781 75.62 0.8434633281073195
3782 75.64 0.8302752872021363
3783 75.66 0.8167310305637713
3784 75.68000000000001 0.8028729372047599
3785 75.7 0.7887475073888094
3786 75.72 0.7743045515036713
3787 75.73999999999999 0.7595466761515364
3788 75.76000000000001 0.7444949769995545
3789 75.78 0.7291379117536422
3790 75.8 0.7134825122666147
3791 75.82000000000001 0.6975641444938283
3792 75.84 0.6814209570197807
3793 75.86 0.6650236537852866
3794 75.88 0.6483604868370273
3795 75.90000000000001 0.6313785549806452
3796 75.92 0.6141191294284671
3797 75.94 0.5965779115146774
3798 75.96000000000001 0.5788237399306475
3799 75.98 0.5608614370956355
3800 76 0.5426915978544994
3801 76.02 0.5242877238989621
3802 76.04000000000001 0.5056097966593541
3803 76.06 0.4866917276684353
3804 76.08 0.4675705350549366
3805 76.10000000000001 0.4482524198530695
3806 76.12 0.4287546555558697
3807 76.14 0.409065037325596
3808 76.16 0.3891972965399161
3809 76.18000000000001 0.3691178430518919
3810 76.2 0.3488323653937682
3811 76.22 0.3283798574132238
3812 76.23999999999999 0.3077821956307383
3813 76.26000000000001 0.2870617356669511
3814 76.28 0.2661827829129528
3815 76.3 0.2451111669282242
3816 76.32000000000001 0.223886247310968
3817 76.34 0.2025421093963914
3818 76.36 0.1810808917117302
3819 76.38 0.1595556058710334
3820 76.40000000000001 0.1379027023358102
3821 76.42 0.1161425538920004
3822 76.44 0.09423702716518788
3823 76.46000000000001 0.07223587463284975
3824 76.48 0.0501278390363284
3825 76.5 0.02801241983918247
3826 76.52 0.005821225142303283
3827 76.54000000000001 -0.01642646391177872
3828 76.56 -0.03875078712237277
3829 76.58 -0.06113218552324687
3830 76.60000000000001 -0.08354143730256305
3831 76.62 -0.1059164015636405
3832 76.64 -0.1283271485302686
3833 76.66 -0.1507831147167972
3834 76.68000000000001 -0.173206721182557
3835 76.7 -0.195654659973767
3836 76.72 -0.2181074073267217
3837 76.73999999999999 -0.2405282720750839
3838 76.76000000000001 -0.2629460369030411
3839 76.78 -0.2853103342418642
3840 76.8 -0.3076564261540478
3841 76.82000000000001 -0.3299444234701853
3842 76.84 -0.3521489945315202
3843 76.86 -0.3742771068033855
3844 76.88 -0.3963310280145376
3845 76.90000000000001 -0.4183199457055542
3846 76.92 -0.4402343635668203
3847 76.94 -0.4620436293781117
3848 76.96000000000001 -0.4837367600681727
3849 76.98 -0.5052662615832005
3850 77 -0.5267041368171007
3851 77.02 -0.5480662519648193
3852 77.04000000000001 -0.569299494559844
3853 77.06 -0.5903735625070072
3854 77.08 -0.6112170677094083
3855 77.10000000000001 -0.6319077061938358
3856 77.12 -0.6524900847187621
3857 77.14 -0.6728992288527476
3858 77.16 -0.6931251806351935
3859 77.18000000000001 -0.7131099807703003
3860 77.2 -0.7328757907851328
3861 77.22 -0.7524675261250643
3862 77.23999999999999 -0.7717879886302249
3863 77.26000000000001 -0.7909644504985099
3864 77.28 -0.8098443486046133
3865 77.3 -0.8284658860234789
3866 77.32000000000001 -0.8468145651312261
3867 77.34 -0.864906037323507
3868 77.36 -0.8827508724368023
3869 77.38 -0.9003247753544309
3870 77.40000000000001 -0.9175565771892868
3871 77.42 -0.9345128587106489
3872 77.44 -0.9511346752325931
3873 77.46000000000001 -0.9674581875678995
3874 77.48 -0.9834761847150854
3875 77.5 -0.9991661598335965
3876 77.52 -1.014494795949253
3877 77.54000000000001 -1.029540829580312
3878 77.56 -1.044234968837266
3879 77.58 -1.05855024151385
3880 77.60000000000001 -1.072479594415135
3881 77.62 -1.086062944510132
3882 77.64 -1.099302967029994
3883 77.66 -1.112161696447458
3884 77.68000000000001 -1.124699569367699
3885 77.7 -1.136833511808206
3886 77.72 -1.148609443087569
3887 77.73999999999999 -1.159950134908162
3888 77.76000000000001 -1.170880263553622
3889 77.78 -1.181434153483702
3890 77.8 -1.191619351536558
3891 77.82000000000001 -1.201423109348231
3892 77.84 -1.210833749229477
3893 77.86 -1.219805237351072
3894 77.88 -1.228342012384257
3895 77.90000000000001 -1.236497805834709
3896 77.92 -1.244257560111407
3897 77.94 -1.251568960318186
3898 77.96000000000001 -1.258490595455443
3899 77.98 -1.264927766116462
3900 78 -1.270912842030677
3901 78.02 -1.276433011396028
3902 78.04000000000001 -1.281568264585439
3903 78.06 -1.286289007679389
3904 78.08 -1.290582317445884
3905 78.10000000000001 -1.29437266759999
3906 78.12 -1.297677973986189
3907 78.14 -1.300577683300541
3908 78.16 -1.303029481472831
3909 78.18000000000001 -1.305053475291152
3910 78.2 -1.30659776660492
3911 78.22 -1.307694007405072
3912 78.23999999999999 -1.308330473601976
3913 78.26000000000001 -1.308539445046802
3914 78.28 -1.308304126216682
3915 78.3 -1.30768695545257
3916 78.32000000000001 -1.306600556404723
3917 78.34 -1.305098927179827
3918 78.36 -1.303086356802902
3919 78.38 -1.300609661068131
3920 78.40000000000001 -1.297709053002559
3921 78.42 -1.294409882315811
3922 78.44 -1.290677261498734
3923 78.46000000000001 -1.28650346479447
3924 78.48 -1.281827668436893
3925 78.5 -1.276714075948169
3926 78.52 -1.271174357819762
3927 78.54000000000001 -1.26523393017295
3928 78.56 -1.258885497551467
3929 78.58 -1.252077473354396
3930 78.60000000000001 -1.24481995285832
3931 78.62 -1.23714682716912
3932 78.64 -1.229073726470684
3933 78.66 -1.220585449383276
3934 78.68000000000001 -1.211682146667874
3935 78.7 -1.2023664224518
3936 78.72 -1.192669521358851
3937 78.73999999999999 -1.182566977534143
3938 78.76000000000001 -1.172054648487131
3939 78.78 -1.161124820895855
3940 78.8 -1.149802570287753
3941 78.82000000000001 -1.138084559997648
3942 78.84 -1.125939049697894
3943 78.86 -1.113388198935629
3944 78.88 -1.100503155024032
3945 78.90000000000001 -1.087209189033851
3946 78.92 -1.0735193606618
3947 78.94 -1.059425388117242
3948 78.96000000000001 -1.044969682098995
3949 78.98 -1.030095058625988
3950 79 -1.014867637112242
3951 79.02 -0.9992501951006194
3952 79.04000000000001 -0.9832630086112916
3953 79.06 -0.9668982726356256
3954 79.08 -0.9502424373807192
3955 79.10000000000001 -0.9332075963831983
3956 79.12 -0.9157980075211399
3957 79.14 -0.8980401952500104
3958 79.16 -0.8799467577561518
3959 79.18000000000001 -0.8614976713012427
3960 79.2 -0.8426760424398619
3961 79.22 -0.8235362981595739
3962 79.23999999999999 -0.804065369362532
3963 79.26000000000001 -0.7842773290839994
3964 79.28 -0.7641842644200971
3965 79.3 -0.7438338631954294
3966 79.32000000000001 -0.7231933327967732
3967 79.34 -0.702199759815097
3968 79.36 -0.6808969045350329
3969 79.38 -0.6593021222226134
3970 79.40000000000001 -0.6374899772580529
3971 79.42 -0.6154000553952746
3972 79.44 -0.5930080644711563
3973 79.46000000000001 -0.5704145508983578
3974 79.48 -0.5475335735005814
3975 79.5 -0.5243931765607297
3976 79.52 -0.501031886227351
3977 79.54000000000001 -0.4774718067016089
3978 79.56 -0.4536745749023881
3979 79.58 -0.4296651241044697
3980 79.60000000000001 -0.4055002933620357
3981 79.62 -0.3811345883494592
3982 79.64 -0.3565674329659717
3983 79.66 -0.3318251170357063
3984 79.68000000000001 -0.3068839020087443
3985 79.7 -0.2817744884828226
3986 79.72 -0.2565373292400577
3987 79.73999999999999 -0.2311163614075362
3988 79.76000000000001 -0.2055546279450314
3989 79.78 -0.1798580706224031
3990 79.8 -0.1540428334462907
3991 79.82000000000001 -0.1280310278297014
3992 79.84 -0.1019854504946232
3993 79.86 -0.07587440571458065
3994 79.88 -0.04960757842036224
3995 79.90000000000001 -0.02330553178848048
3996 79.92 0.003123473965210997
3997 79.94 0.02960646092326303
3998 79.96000000000001 0.05608972837721689
3999 79.98 0.08265849474745439
4000 80 0.1092533364977768
4001 80.02 0.1358938173943418
4002 80.04000000000001 0.1625703363608183
4003 80.06 0.1892551863836208
4004 80.08 0.2158286146653726
4005 80.10000000000001 0.2424244295556474
4006 80.12 0.2689828417428428
4007 80.14 0.2955438934757875
4008 80.16 0.3220795001433274
4009 80.18000000000001 0.3485367265576303
4010 80.2 0.3749623662697409
4011 80.22 0.4013628162126099
4012 80.23999999999999 0.4276099419281461
4013 80.26000000000001 0.4537185112743927
4014 80.28 0.4797626780780946
4015 80.3 0.5056856234864235
4016 80.32000000000001 0.5315204945323011
4017 80.34 0.5573103815007968
4018 80.36 0.5829343177159088
4019 80.38 0.6083819279678058
4020 80.40000000000001 0.6335900954932008
4021 80.42 0.6586053680375665
4022 80.44 0.6835527629754267
4023 80.46000000000001 0.70828377927229
4024 80.48 0.732763432675294
4025 80.5 0.7570289973597615
4026 80.52 0.7810203980826697
4027 80.54000000000001 0.804738498671851
4028 80.56 0.8282228646111288
4029 80.58 0.8514858559472814
4030 80.60000000000001 0.8744655937941441
4031 80.62 0.8971488272114779
4032 80.64 0.9195824770002703
4033 80.66 0.9416978354333134
4034 80.68000000000001 0.9635162507153989
4035 80.7 0.9850759689729226
4036 80.72 1.006230614920857
4037 80.73999999999999 1.027141253839507
4038 80.76000000000001 1.047733186574408
4039 80.78 1.068012394503606
4040 80.8 1.087908350077746
4041 80.82000000000001 1.10748995220483
4042 80.84 1.126721167624771
4043 80.86 1.145550702876327
4044 80.88 1.164000413835838
4045 80.90000000000001 1.182070597014205
4046 80.92 1.199788202259147
4047 80.94 1.217138636616439
4048 80.96000000000001 1.234101732022553
4049 80.98 1.250634350515882
4050 81 1.266743706031302
4051 81.02 1.282476626004634
4052 81.04000000000001 1.29773963671171
4053 81.06 1.312632007110967
4054 81.08 1.327095957452971
4055 81.10000000000001 1.341176562858803
4056 81.12 1.354804934291671
4057 81.14 1.367994781909259
4058 81.16 1.380722137624271
4059 81.18000000000001 1.393010642665486
4060 81.2 1.404871386333689
4061 81.22 1.416259615106464
4062 81.23999999999999 1.427111481170193
4063 81.26000000000001 1.43753036325169
4064 81.28 1.447486663932774
4065 81.3 1.456972889793918
4066 81.32000000000001 1.465968143762199
4067 81.34 1.474434064981985
4068 81.36 1.482409115379006
4069 81.38 1.489930866669826
4070 81.40000000000001 1.496870659287981
4071 81.42 1.5032503499506
4072 81.44 1.509214665771228
4073 81.46000000000001 1.514589080514731
4074 81.48 1.519520405966931
4075 81.5 1.523946091937122
4076 81.52 1.527857250144605
4077 81.54000000000001 1.531290520278721
4078 81.56 1.534166185067683
4079 81.58 1.536528146144208
4080 81.60000000000001 1.538394490591601
4081 81.62 1.539813966765278
4082 81.64 1.54070934696816
4083 81.66 1.541085247507662
4084 81.68000000000001 1.540946043008293
4085 81.7 1.540326505911751
4086 81.72 1.539180888274452
4087 81.73999999999999 1.5375606146468
4088 81.76000000000001 1.535457014290756
4089 81.78 1.532856313633299
4090 81.8 1.529814475271932
4091 81.82000000000001 1.526228225411777
4092 81.84 1.522199811446933
4093 81.86 1.517657647568276
4094 81.88 1.512676590695888
4095 81.90000000000001 1.507198274554444
4096 81.92 1.501231309051315
4097 81.94 1.494872779356494
4098 81.96000000000001 1.488003934099139
4099 81.98 1.480641021112381
4100 82 1.472848604548529
4101 82.02 1.464558761531586
4102 82.04000000000001 1.455821746124704
4103 82.06 1.446613825319731
4104 82.08 1.436943940545127
4105 82.10000000000001 1.42681166170117
4106 82.12 1.416176277423891
4107 82.14 1.405067710251933
4108 82.16 1.393519313627099
4109 82.18000000000001 1.381513556581543
4110 82.2 1.369004446788025
4111 82.22 1.356047957449252
4112 82.23999999999999 1.342630956280615
4113 82.26000000000001 1.328762454656574
4114 82.28 1.314382873314044
4115 82.3 1.299572435157829
4116 82.32000000000001 1.284359226325294
4117 82.34 1.268649575026261
4118 82.36 1.252550361581842
4119 82.38 1.236031352681746
4120 82.40000000000001 1.219008880880381
4121 82.42 1.201562428859412
4122 82.44 1.18373473751242
4123 82.46000000000001 1.165448324845825
4124 82.48 1.146761491480091
4125 82.5 1.127622124965131
4126 82.52 1.108029975706505
4127 82.54000000000001 1.088060494266392
4128 82.56 1.067674166746195
4129 82.58 1.046920462398773
4130 82.60000000000001 1.025726518094003
4131 82.62 1.004163946073102
4132 82.64 0.98225379006488
4133 82.66 0.9600263830963861
4134 82.68000000000001 0.9374692625927332
4135 82.7 0.9144990089002851
4136 82.72 0.8911696161483745
4137 82.73999999999999 0.8675023825807925
4138 82.76000000000001 0.8435090477051295
4139 82.78 0.8191885627277437
4140 82.8 0.7945898490770115
4141 82.82000000000001 0.7696798365532158
4142 82.84 0.7444415779023685
4143 82.86 0.7188860118723072
4144 82.88 0.6930266734860804
4145 82.90000000000001 0.6669736007609407
4146 82.92 0.6406871847187957
4147 82.94 0.6141181572032115
4148 82.96000000000001 0.5872559452882136
4149 82.98 0.5601450729872197
4150 83 0.5328366760164427
4151 83.02 0.5053480662685766
4152 83.04000000000001 0.4777310695167177
4153 83.06 0.4497960355510209
4154 83.08 0.4216587336144784
4155 83.10000000000001 0.3932861749701608
4156 83.12 0.3647702303017433
4157 83.14 0.3361395778164603
4158 83.16 0.307429574098871
4159 83.18000000000001 0.2784535303384553
4160 83.2 0.2492862730174737
4161 83.22 0.2200045681656356
4162 83.23999999999999 0.190616691412294
4163 83.26000000000001 0.1611886440668941
4164 83.28 0.1316808894883832
4165 83.3 0.1020384977677314
4166 83.32000000000001 0.07222899895642977
4167 83.34 0.04230923636980044
4168 83.36 0.01234102662529373
4169 83.38 -0.01763338541722716
4170 83.40000000000001 -0.04762504073487805
4171 83.42 -0.07774425690824135
4172 83.44 -0.1079237894126612
4173 83.46000000000001 -0.1380924072950727
4174 83.48 -0.1682801511898687
4175 83.5 -0.1983750041532287
4176 83.52 -0.2284253300385867
4177 83.54000000000001 -0.2585180664514675
4178 83.56 -0.2885937676882295
4179 83.58 -0.3186067444123916
4180 83.60000000000001 -0.3485295763340978
4181 83.62 -0.3783028334005134
4182 83.64 -0.4080199711695675
4183 83.66 -0.4377050444393825
4184 83.68000000000001 -0.4672355324796286
4185 83.7 -0.4966762911542476
4186 83.72 -0.5259001826722226
4187 83.73999999999999 -0.5550032214859103
4188 83.76000000000001 -0.583971893076853
4189 83.78 -0.6127557312713848
4190 83.8 -0.6413857925843235
4191 83.82000000000001 -0.6697976303883479
4192 83.84 -0.6980101415243973
4193 83.86 -0.7260728718524165
4194 83.88 -0.7539374536115513
4195 83.90000000000001 -0.7815578123972261
4196 83.92 -0.808925310959299
4197 83.94 -0.83601903451679
4198 83.96000000000001 -0.8628337096316964
4199 83.98 -0.8894476774842417
4200 84 -0.9158007811118366
4201 84.02 -0.9418780903191479
4202 84.04000000000001 -0.9676166097849217
4203 84.06 -0.9929658287421135
4204 84.08 -1.018045651222854
4205 84.10000000000001 -1.042749849565283
4206 84.12 -1.067174310540409
4207 84.14 -1.091281115173852
4208 84.16 -1.115028358297333
4209 84.18000000000001 -1.138452246467835
4210 84.2 -1.161503182540811
4211 84.22 -1.18414663730645
4212 84.23999999999999 -1.206405211588024
4213 84.26000000000001 -1.228311478098747
4214 84.28 -1.24986165389962
4215 84.3 -1.270955142597741
4216 84.32000000000001 -1.29162980661202
4217 84.34 -1.311844674975281
4218 84.36 -1.331654253756564
4219 84.38 -1.350988922210433
4220 84.40000000000001 -1.369953225131255
4221 84.42 -1.388424227653366
4222 84.44 -1.40646765341237
4223 84.46000000000001 -1.424059077740027
4224 84.48 -1.441195907781241
4225 84.5 -1.45786784632734
4226 84.52 -1.47406403635477
4227 84.54000000000001 -1.48974431621118
4228 84.56 -1.504945990462274
4229 84.58 -1.519640912089369
4230 84.60000000000001 -1.533739950799961
4231 84.62 -1.547295745904125
4232 84.64 -1.560378016512264
4233 84.66 -1.572943357300644
4234 84.68000000000001 -1.58497404219471
4235 84.7 -1.596514489732545
4236 84.72 -1.607459076093888
4237 84.73999999999999 -1.617832804232607
4238 84.76000000000001 -1.627710688170054
4239 84.78 -1.637005431311596
4240 84.8 -1.645740123281538
4241 84.82000000000001 -1.653846645653381
4242 84.84 -1.661396300476391
4243 84.86 -1.668444953238183
4244 84.88 -1.674986906696744
4245 84.90000000000001 -1.68095852980985
4246 84.92 -1.686456383022277
4247 84.94 -1.691359896173006
4248 84.96000000000001 -1.695702367217911
4249 84.98 -1.699526324453784
4250 85 -1.702870521916251
4251 85.02 -1.705657527974592
4252 85.04000000000001 -1.70791296675861
4253 85.06 -1.709623919278868
4254 85.08 -1.710798878500494
4255 85.10000000000001 -1.711462691030415
4256 85.12 -1.71167729184857
4257 85.14 -1.711368775024311
4258 85.16 -1.710543110742843
4259 85.18000000000001 -1.709206502756468
4260 85.2 -1.707424427110617
4261 85.22 -1.705075743694528
4262 85.23999999999999 -1.702224841650376
4263 85.26000000000001 -1.698886384073227
4264 85.28 -1.695108546088814
4265 85.3 -1.690859168058385
4266 85.32000000000001 -1.686100131435581
4267 85.34 -1.680873483106659
4268 85.36 -1.675135882867107
4269 85.38 -1.668950973319166
4270 85.40000000000001 -1.662289613215157
4271 85.42 -1.655129770373739
4272 85.44 -1.647465678034071
4273 85.46000000000001 -1.639293125415652
4274 85.48 -1.63061052600544
4275 85.5 -1.621431607314768
4276 85.52 -1.611795362858163
4277 85.54000000000001 -1.601702441752171
4278 85.56 -1.591133731924299
4279 85.58 -1.580055883968623
4280 85.60000000000001 -1.568457016976686
4281 85.62 -1.556385223857498
4282 85.64 -1.543855329893505
4283 85.66 -1.530895687232967
4284 85.68000000000001 -1.517433753998177
4285 85.7 -1.503510708146514
4286 85.72 -1.489075205683069
4287 85.73999999999999 -1.474150963217641
4288 85.76000000000001 -1.458752469928254
4289 85.78 -1.442863719366126
4290 85.8 -1.42652784107606
4291 85.82000000000001 -1.409697825614994
4292 85.84 -1.392431681806376
4293 85.86 -1.374713635720025
4294 85.88 -1.356472682707489
4295 85.90000000000001 -1.337807089921665
4296 85.92 -1.318717120429952
4297 85.94 -1.299231248637216
4298 85.96000000000001 -1.279304569945853
4299 85.98 -1.258894894987335
4300 86 -1.238031297835953
4301 86.02 -1.2167648363774
4302 86.04000000000001 -1.195122768176591
4303 86.06 -1.173022339916926
4304 86.08 -1.150554443842806
4305 86.10000000000001 -1.127720273059007
4306 86.12 -1.104499458492358
4307 86.14 -1.080920790235169
4308 86.16 -1.056911674281629
4309 86.18000000000001 -1.032526691833551
4310 86.2 -1.007767742205079
4311 86.22 -0.9826268827554243
4312 86.23999999999999 -0.9570286768453836
4313 86.26000000000001 -0.9311340155236515
4314 86.28 -0.9049711905521438
4315 86.3 -0.8785081341018762
4316 86.32000000000001 -0.8517331221226944
4317 86.34 -0.8246365274949106
4318 86.36 -0.7971795348825241
4319 86.38 -0.7694051096089457
4320 86.40000000000001 -0.7413454780531986
4321 86.42 -0.7130401820000324
4322 86.44 -0.684467879222774
4323 86.46000000000001 -0.6555882729688529
4324 86.48 -0.6264305005020677
4325 86.5 -0.5970373827628518
4326 86.52 -0.5674101158078778
4327 86.54000000000001 -0.5375508653650349
4328 86.56 -0.5074947267669457
4329 86.58 -0.4772649737774974
4330 86.60000000000001 -0.4467908483962019
4331 86.62 -0.4161577802100015
4332 86.64 -0.3853985421379099
4333 86.66 -0.3544394513164295
4334 86.68000000000001 -0.3232746771506173
4335 86.7 -0.2919819517673632
4336 86.72 -0.2606542236686855
4337 86.73999999999999 -0.2291980758693228
4338 86.76000000000001 -0.1975576211292507
4339 86.78 -0.1658044869844905
4340 86.8 -0.1340354259168395
4341 86.82000000000001 -0.1021733963081789
4342 86.84 -0.07019314997010051
4343 86.86 -0.03814807046233026
4344 86.88 -0.006063884511130465
4345 86.90000000000001 0.0260748268901696
4346 86.92 0.05827778938979898
4347 86.94 0.09053121054412192
4348 86.96000000000001 0.1228362946771442
4349 86.98 0.1551291227205878
4350 87 0.1874827508597446
4351 87.02 0.2197577729540851
4352 87.04000000000001 0.2519768237545982
4353 87.06 0.2841275522517479
4354 87.08 0.3161573180125995
4355 87.10000000000001 0.3481483516989342
4356 87.12 0.3800945227958954
4357 87.14 0.41192271660285
4358 87.16 0.443654997637387
4359 87.18000000000001 0.4753041112191938
4360 87.2 0.5068208017597593
4361 87.22 0.5381602496401371
4362 87.23999999999999 0.5693118349634662
4363 87.26000000000001 0.6002949533166028
4364 87.28 0.6311939676392988
4365 87.3 0.6619159266800158
4366 87.32000000000001 0.6923897550964309
4367 87.34 0.7227339010341671
4368 87.36 0.7528184987826125
4369 87.38 0.78263483519914
4370 87.40000000000001 0.8122437529176197
4371 87.42 0.8415664989930463
4372 87.44 0.8707001494771294
4373 87.46000000000001 0.8995730408634037
4374 87.48 0.9281573739938115
4375 87.5 0.9564131749810839
4376 87.52 0.9843593766787241
4377 87.54000000000001 1.012027497573424
4378 87.56 1.039370191632043
4379 87.58 1.06631654011515
4380 87.60000000000001 1.092867780242114
4381 87.62 1.119052820825564
4382 87.64 1.144818971807893
4383 87.66 1.170384866737868
4384 87.68000000000001 1.195557198824198
4385 87.7 1.220363020949789
4386 87.72 1.244734504076726
4387 87.73999999999999 1.268655157293682
4388 87.76000000000001 1.292124484476514
4389 87.78 1.315134322169691
4390 87.8 1.33774632860901
4391 87.82000000000001 1.359994785452635
4392 87.84 1.381728198385868
4393 87.86 1.403009693031238
4394 87.88 1.423874443365396
4395 87.90000000000001 1.444287289774968
4396 87.92 1.464198304451987
4397 87.94 1.483645733304067
4398 87.96000000000001 1.502617929045076
4399 87.98 1.521094762809798
4400 88 1.539043460721919
4401 88.02 1.556459368889865
4402 88.04000000000001 1.573426700526493
4403 88.06 1.589815056199219
4404 88.08 1.605709155473862
4405 88.10000000000001 1.621072970749673
4406 88.12 1.635931676778888
4407 88.14 1.650161355350575
4408 88.16 1.663945204876627
4409 88.18000000000001 1.677191450119113
4410 88.2 1.689892004994148
4411 88.22 1.701998607550806
4412 88.23999999999999 1.713547607159433
4413 88.26000000000001 1.724560034218045
4414 88.28 1.735008756558816
4415 88.3 1.744833442549794
4416 88.32000000000001 1.754151169007289
4417 88.34 1.762946123909406
4418 88.36 1.771159468254196
4419 88.38 1.778833518519127
4420 88.40000000000001 1.7859016415969
4421 88.42 1.792454408604902
4422 88.44 1.798452019591185
4423 88.46000000000001 1.803860064948973
4424 88.48 1.808756946006879
4425 88.5 1.813106203990686
4426 88.52 1.816855530200933
4427 88.54000000000001 1.820024337844765
4428 88.56 1.82263726850857
4429 88.58 1.8247529917047
4430 88.60000000000001 1.826307937499898
4431 88.62 1.827314335416137
4432 88.64 1.82778297909895
4433 88.66 1.827619049493616
4434 88.68000000000001 1.826960339584597
4435 88.7 1.825722453104494
4436 88.72 1.823933446024272
4437 88.73999999999999 1.821617015788484
4438 88.76000000000001 1.818745765308771
4439 88.78 1.815355876830034
4440 88.8 1.811445978943071
4441 88.82000000000001 1.806959193274196
4442 88.84 1.802054725459526
4443 88.86 1.796628574332393
4444 88.88 1.790669399394331
4445 88.90000000000001 1.78412935843926
4446 88.92 1.777038215835458
4447 88.94 1.769461275873307
4448 88.96000000000001 1.761416416581327
4449 88.98 1.752855691060051
4450 89 1.743790639592628
4451 89.02 1.734189669220034
4452 89.04000000000001 1.724076330151513
4453 89.06 1.713420017486091
4454 89.08 1.702296643695285
4455 89.10000000000001 1.690700216417426
4456 89.12 1.678598139157756
4457 89.14 1.665990136443477
4458 89.16 1.652851350451646
4459 89.18000000000001 1.639205475303503
4460 89.2 1.625048566129309
4461 89.22 1.610443421938621
4462 89.23999999999999 1.59534041811035
4463 89.26000000000001 1.579736535354263
4464 89.28 1.56363604168097
4465 89.3 1.547059393023905
4466 89.32000000000001 1.530006844601618
4467 89.34 1.512565488365176
4468 89.36 1.494660720903998
4469 89.38 1.476315116621956
4470 89.40000000000001 1.457467973460773
4471 89.42 1.438140457951216
4472 89.44 1.41840521275075
4473 89.46000000000001 1.398249613463693
4474 89.48 1.377657908425907
4475 89.5 1.356597711065382
4476 89.52 1.335111617276503
4477 89.54000000000001 1.313213682345331
4478 89.56 1.290855970925456
4479 89.58 1.268084525411083
4480 89.60000000000001 1.244941444614887
4481 89.62 1.221371304388909
4482 89.64 1.197445306944906
4483 89.66 1.173138523323253
4484 89.68000000000001 1.148494968121913
4485 89.7 1.123475799207497
4486 89.72 1.098168646436199
4487 89.73999999999999 1.072424729835263
4488 89.76000000000001 1.046327787058649
4489 89.78 1.019944587424399
4490 89.8 0.9932717512769936
4491 89.82000000000001 0.9661962423525613
4492 89.84 0.9387612813662014
4493 89.86 0.9109747674645322
4494 89.88 0.8827853624689547
4495 89.90000000000001 0.8543768135905465
4496 89.92 0.8257850599001129
4497 89.94 0.796832181636756
4498 89.96000000000001 0.7675435042227203
4499 89.98 0.7379889347903891
4500 90 0.7082090153493168
4501 90.02 0.6782446623208059
4502 90.04000000000001 0.6479753202666806
4503 90.06 0.6174313367781555
4504 90.08 0.586624180208139
4505 90.10000000000001 0.55560699498888
4506 90.12 0.5243872926179086
4507 90.14 0.4930262726451947
4508 90.16 0.461399369518858
4509 90.18000000000001 0.4295418769045987
4510 90.2 0.3974976508156175
4511 90.22 0.3653569407271195
4512 90.23999999999999 0.3331354978154247
4513 90.26000000000001 0.3008056621569187
4514 90.28 0.2682589269195215
4515 90.3 0.2355234938947733
4516 90.32000000000001 0.2026354035690812
4517 90.34 0.1696996723532245
4518 90.36 0.1367682117397761
4519 90.38 0.1037255863776216
4520 90.40000000000001 0.07054275829416738
4521 90.42 0.03733530333520314
4522 90.44 0.00409606335245554
4523 90.46000000000001 -0.02919287664883011
4524 90.48 -0.06247798516856842
4525 90.5 -0.09590400531920479
4526 90.52 -0.1294077807121632
4527 90.54000000000001 -0.1629218693316218
4528 90.56 -0.1964324690463105
4529 90.58 -0.2297879923479847
4530 90.60000000000001 -0.2631383722370037
4531 90.62 -0.2964791283534393
4532 90.64 -0.3297340603752267
4533 90.66 -0.3629332785327863
4534 90.68000000000001 -0.3959392026063391
4535 90.7 -0.4288828477027345
4536 90.72 -0.4617341587715621
4537 90.73999999999999 -0.4945050017023623
4538 90.76000000000001 -0.5271918700410587
4539 90.78 -0.5597016513596326
4540 90.8 -0.5919839107400205
4541 90.82000000000001 -0.6241443473156161
4542 90.84 -0.6561587734849028
4543 90.86 -0.6879482245151681
4544 90.88 -0.7195072872888325
4545 90.90000000000001 -0.750856160166875
4546 90.92 -0.7820073996784108
4547 90.94 -0.8129839859076566
4548 90.96000000000001 -0.8437044308207353
4549 90.98 -0.8741613312919378
4550 91 -0.9043219962300907
4551 91.02 -0.9341368153746347
4552 91.04000000000001 -0.9636804116863114
4553 91.06 -0.9929629069975344
4554 91.08 -1.021964040728485
4555 91.10000000000001 -1.050589798318844
4556 91.12 -1.078874122845834
4557 91.14 -1.106794216885875
4558 91.16 -1.134365575606639
4559 91.18000000000001 -1.161491139969136
4560 91.2 -1.188281086252577
4561 91.22 -1.214681878216239
4562 91.23999999999999 -1.240694914796389
4563 91.26000000000001 -1.266306610417381
4564 91.28 -1.291465849143961
4565 91.3 -1.316084073161054
4566 91.32000000000001 -1.340301121811238
4567 91.34 -1.364022241073583
4568 91.36 -1.387391833854021
4569 91.38 -1.410299081351995
4570 91.40000000000001 -1.432788962199709
4571 91.42 -1.454772069116605
4572 91.44 -1.476292038790384
4573 91.46000000000001 -1.497374535281893
4574 91.48 -1.517977017277747
4575 91.5 -1.538104879833989
4576 91.52 -1.557751095757498
4577 91.54000000000001 -1.576872316015554
4578 91.56 -1.59547892786779
4579 91.58 -1.613567262683878
4580 91.60000000000001 -1.631141014245626
4581 91.62 -1.648218606262669
4582 91.64 -1.664756048763153
4583 91.66 -1.680724360037307
4584 91.68000000000001 -1.696155143053784
4585 91.7 -1.71101517616511
4586 91.72 -1.725299007416595
4587 91.73999999999999 -1.73901544206498
4588 91.76000000000001 -1.75218982493997
4589 91.78 -1.764811769656248
4590 91.8 -1.776841306199102
4591 91.82000000000001 -1.788345722233933
4592 91.84 -1.799244916724931
4593 91.86 -1.809534010108972
4594 91.88 -1.819273529567842
4595 91.90000000000001 -1.828378146692089
4596 91.92 -1.836909916443942
4597 91.94 -1.844872715571391
4598 91.96000000000001 -1.852275647613547
4599 91.98 -1.859091441077833
4600 92 -1.865336230678761
4601 92.02 -1.870969397399415
4602 92.04000000000001 -1.876056606414303
4603 92.06 -1.880528089219394
4604 92.08 -1.884448527331654
4605 92.10000000000001 -1.887779743721354
4606 92.12 -1.890577271166402
4607 92.14 -1.892851072154586
4608 92.16 -1.894540928289149
4609 92.18000000000001 -1.895649804665642
4610 92.2 -1.896221025681069
4611 92.22 -1.896238100340236
4612 92.23999999999999 -1.895729739041463
4613 92.26000000000001 -1.894668411093914
4614 92.28 -1.893081964579148
4615 92.3 -1.890957835484338
4616 92.32000000000001 -1.888383290920807
4617 92.34 -1.88520184117661
4618 92.36 -1.881482738986573
4619 92.38 -1.877304822678113
4620 92.40000000000001 -1.872561579676423
4621 92.42 -1.867274417185262
4622 92.44 -1.861471657852144
4623 92.46000000000001 -1.85513134687113
4624 92.48 -1.848292466630985
4625 92.5 -1.840954134844374
4626 92.52 -1.833042073714976
4627 92.54000000000001 -1.824583647635327
4628 92.56 -1.815631497793186
4629 92.58 -1.806219239921315
4630 92.60000000000001 -1.796274612906055
4631 92.62 -1.785770534651709
4632 92.64 -1.774779439483017
4633 92.66 -1.76328243658217
4634 92.68000000000001 -1.751217359516331
4635 92.7 -1.738617526368843
4636 92.72 -1.725568269286086
4637 92.73999999999999 -1.712063863295164
4638 92.76000000000001 -1.69806712504001
4639 92.78 -1.683587113680741
4640 92.8 -1.668545693714961
4641 92.82000000000001 -1.65304091467596
4642 92.84 -1.637035100352436
4643 92.86 -1.620525112100167
4644 92.88 -1.60351052772684
4645 92.90000000000001 -1.586002662641358
4646 92.92 -1.567986086713628
4647 92.94 -1.549529666180394
4648 92.96000000000001 -1.530670881872119
4649 92.98 -1.511359697744888
4650 93 -1.491570963652097
4651 93.02 -1.471360794158477
4652 93.04000000000001 -1.450719520734952
4653 93.06 -1.429662195573289
4654 93.08 -1.408126373223673
4655 93.10000000000001 -1.386168280935754
4656 93.12 -1.363728561391516
4657 93.14 -1.340898603306456
4658 93.16 -1.317655447730479
4659 93.18000000000001 -1.294045005564081
4660 93.2 -1.27000569906972
4661 93.22 -1.245584317217757
4662 93.23999999999999 -1.22064641379074
4663 93.26000000000001 -1.195347280805948
4664 93.28 -1.169697425227391
4665 93.3 -1.143738386231788
4666 93.32000000000001 -1.117421250302455
4667 93.34 -1.090828974147282
4668 93.36 -1.063931281927344
4669 93.38 -1.036665271025851
4670 93.40000000000001 -1.009000056809037
4671 93.42 -0.9810123728544723
4672 93.44 -0.9528075977252354
4673 93.46000000000001 -0.9242001439517477
4674 93.48 -0.8952602888283252
4675 93.5 -0.866032580892534
4676 93.52 -0.8364672393161701
4677 93.54000000000001 -0.8066572901272153
4678 93.56 -0.776607255937553
4679 93.58 -0.7463493342820258
4680 93.60000000000001 -0.715838070351394
4681 93.62 -0.685047876226955
4682 93.64 -0.6540416650653411
4683 93.66 -0.6227715344511848
4684 93.68000000000001 -0.5912961336650759
4685 93.7 -0.5596582763668809
4686 93.72 -0.5277770846342307
4687 93.73999999999999 -0.4956856629057918
4688 93.76000000000001 -0.4633406080417217
4689 93.78 -0.43089718242233
4690 93.8 -0.3982791314148255
4691 93.82000000000001 -0.3655007351456987
4692 93.84 -0.3325211242594072
4693 93.86 -0.2994176887070334
4694 93.88 -0.2662438642939919
4695 93.90000000000001 -0.2329386701131889
4696 93.92 -0.1995048004775237
4697 93.94 -0.1659586025137496
4698 93.96000000000001 -0.1323286424706219
4699 93.98 -0.09865283669660498
4700 94 -0.06493842800841884
4701 94.02 -0.03116368488793465
4702 94.04000000000001 0.002610810449900941
4703 94.06 0.03646032313603109
4704 94.08 0.07036495063814513
4705 94.10000000000001 0.1043310383284117
4706 94.12 0.1382697634476118
4707 94.14 0.1721541388302127
4708 94.16 0.2060445295073073
4709 94.18000000000001 0.2399703516515122
4710 94.2 0.2737977714758698
4711 94.22 0.3075674820304352
4712 94.23999999999999 0.3413668922080309
4713 94.26000000000001 0.3750483557748116
4714 94.28 0.4086185223249229
4715 94.3 0.4421188753443889
4716 94.32000000000001 0.4754636947049852
4717 94.34 0.5086793165142026
4718 94.36 0.5418014962236222
4719 94.38 0.5747502453539968
4720 94.40000000000001 0.6075660045608225
4721 94.42 0.6401718505988159
4722 94.44 0.6725606775162637
4723 94.46000000000001 0.7048018933419474
4724 94.48 0.7368271983415263
4725 94.5 0.7686267098488417
4726 94.52 0.8002601100757357
4727 94.54000000000001 0.8316343861231402
4728 94.56 0.8627004020642037
4729 94.58 0.8935517995007731
4730 94.60000000000001 0.9240741841091765
4731 94.62 0.9542881735885511
4732 94.64 0.9843124900713179
4733 94.66 1.013976735654535
4734 94.68000000000001 1.043321170387201
4735 94.7 1.072288828414651
4736 94.72 1.101487762015561
4737 94.73999999999999 1.129236457621299
4738 94.76000000000001 1.15719193184598
4739 94.78 1.18468679619391
4740 94.8 1.211721609769944
4741 94.82000000000001 1.238347407780913
4742 94.84 1.264504325573049
4743 94.86 1.29032400499089
4744 94.88 1.315722025654743
4745 94.90000000000001 1.340730062176219
4746 94.92 1.365284667702788
4747 94.94 1.389388620864475
4748 94.96000000000001 1.41364292945063
4749 94.98 1.43624638371892
4750 95 1.458955004269492
4751 95.02 1.481280537705431
4752 95.04000000000001 1.503153007234121
4753 95.06 1.524553896038409
4754 95.08 1.545465365045797
4755 95.10000000000001 1.565853577871222
4756 95.12 1.585736086943276
4757 95.14 1.605709955940521
4758 95.16 1.623950370082667
4759 95.18000000000001 1.642283581929316
4760 95.2 1.66014428597744
4761 95.22 1.67737328488846
4762 95.23999999999999 1.69466114374364
4763 95.26000000000001 1.710117198745615
4764 95.28 1.726342394879776
4765 95.3 1.740711579093678
4766 95.32000000000001 1.755064303817551
4767 95.34 1.768900517260216
4768 95.36 1.782233910989121
4769 95.38 1.794964010586967
4770 95.40000000000001 1.807121983331454
4771 95.42 1.818714566006523
4772 95.44 1.829708573806919
4773 95.46000000000001 1.840075771724956
4774 95.48 1.849750834569333
4775 95.5 1.858912766859914
4776 95.52 1.867462658164591
4777 95.54000000000001 1.875476401445372
4778 95.56 1.882919643203591
4779 95.58 1.889797557492602
4780 95.60000000000001 1.896032561053313
4781 95.62 1.901654717497709
4782 95.64 1.906730597411493
4783 95.66 1.91129996902736
4784 95.68000000000001 1.915266149799158
4785 95.7 1.918697522614376
4786 95.72 1.921551263433663
4787 95.74000000000001 1.923824900476915
4788 95.76000000000001 1.925527504006797
4789 95.78 1.926695852093957
4790 95.8 1.927311777430163
4791 95.82000000000001 1.927366725373299
4792 95.84 1.926894024120221
4793 95.86 1.925844163125684
4794 95.88 1.924245810404101
4795 95.90000000000001 1.922209239423073
4796 95.92 1.919650680465828
4797 95.94 1.916532394062135
4798 95.96000000000001 1.912915310153087
4799 95.98 1.908729453533654
4800 96 1.904068660504561
4801 96.02 1.898893928690483
4802 96.04000000000001 1.893183476643991
4803 96.06 1.886928940524787
4804 96.08 1.880093612724403
4805 96.10000000000001 1.872776428882354
4806 96.12 1.864985936917396
4807 96.14 1.856652151544539
4808 96.16 1.847824338387715
4809 96.18000000000001 1.838416376785356
4810 96.2 1.828497902045374
4811 96.22 1.818078288937911
4812 96.24000000000001 1.80717400238846
4813 96.26000000000001 1.795777063224912
4814 96.28 1.78383185084627
4815 96.3 1.771331176283426
4816 96.32000000000001 1.758350676596321
4817 96.34 1.74481533790474
4818 96.36 1.730772819738383
4819 96.38 1.716324328286533
4820 96.40000000000001 1.701347146976456
4821 96.42 1.685858748703785
4822 96.44 1.669896192901461
4823 96.46000000000001 1.653447560874936
4824 96.48 1.63649867047344
4825 96.5 1.619068835169748
4826 96.52 1.601216489107561
4827 96.54000000000001 1.582826936173178
4828 96.56 1.563990759868829
4829 96.58 1.544648400469833
4830 96.60000000000001 1.52479965337936
4831 96.62 1.504565595412902
4832 96.64 1.48384799456861
4833 96.66 1.4627248993802
4834 96.68000000000001 1.441184529026408
4835 96.7 1.419196877738605
4836 96.72 1.396802388529261
4837 96.74000000000001 1.374017519902422
4838 96.76000000000001 1.350804614159169
4839 96.78 1.327121688171725
4840 96.8 1.303093703726892
4841 96.82000000000001 1.278627559959227
4842 96.84 1.253779155305532
4843 96.86 1.22851793985668
4844 96.88 1.202882587398443
4845 96.90000000000001 1.176855276701275
4846 96.92 1.150437858586137
4847 96.94 1.123708271238065
4848 96.96000000000001 1.096704784551333
4849 96.98 1.069361997436588
4850 97 1.041642248593304
4851 97.02 1.013585485013841
4852 97.04000000000001 0.9852229255258842
4853 97.06 0.9566190559085097
4854 97.08 0.9277044917983034
4855 97.10000000000001 0.8984883758335058
4856 97.12 0.8689284577113049
4857 97.14 0.8389873176001243
4858 97.16 0.8087596033207404
4859 97.18000000000001 0.7784918243789715
4860 97.2 0.7480551201846012
4861 97.22 0.7172144487401281
4862 97.24000000000001 0.6861113771091696
4863 97.26000000000001 0.6547715936697354
4864 97.28 0.6231619106324244
4865 97.3 0.5914341685671062
4866 97.32000000000001 0.5595010741309063
4867 97.34 0.5273332786609711
4868 97.36 0.4949450842794239
4869 97.38 0.4623522024651405
4870 97.40000000000001 0.4296488152156386
4871 97.42 0.3968261680835319
4872 97.44 0.3638078346284189
4873 97.46000000000001 0.3305750427066023
4874 97.48 0.297202062823371
4875 97.5 0.2637133594585666
4876 97.52 0.2302427204829964
4877 97.54000000000001 0.1966881413463372
4878 97.56 0.1629219736313109
4879 97.58 0.1290551383969725
4880 97.60000000000001 0.09512157765263067
4881 97.62 0.06114962469892333
4882 97.64 0.02727667531319267
4883 97.66 -0.006676470880840934
4884 97.68000000000001 -0.04070539912604615
4885 97.7 -0.07478225213082963
4886 97.72 -0.1088842972024787
4887 97.74000000000001 -0.1429407543683149
4888 97.76000000000001 -0.1770298486470243
4889 97.78 -0.2111489901893235
4890 97.8 -0.2452504293027052
4891 97.82000000000001 -0.2792812392907271
4892 97.84 -0.3131837292240249
4893 97.86 -0.3470600919611655
4894 97.88 -0.3809272335731894
4895 97.90000000000001 -0.414703599470634
4896 97.92 -0.4483790684036336
4897 97.94 -0.48192071931698
4898 97.96000000000001 -0.515265169925884
4899 97.98 -0.5485430275590452
4900 98 -0.5816626283015202
4901 98.02 -0.6145966141675978
4902 98.04000000000001 -0.6473510634252111
4903 98.06 -0.679921944353554
4904 98.08 -0.712286345372785
4905 98.10000000000001 -0.7444628256542513
4906 98.12 -0.7764578768267771
4907 98.14 -0.8081921289990008
4908 98.16 -0.8396735510717391
4909 98.18000000000001 -0.8709079869257523
4910 98.2 -0.9019076409396236
4911 98.22 -0.9326276753918208
4912 98.24000000000001 -0.9630692823306335
4913 98.26000000000001 -0.9931748170717538
4914 98.28 -1.023003068670924
4915 98.3 -1.052464411294737
4916 98.32000000000001 -1.081576829897564
4917 98.34 -1.110362163211388
4918 98.36 -1.138774464410838
4919 98.38 -1.166820508912183
4920 98.40000000000001 -1.194434761081371
4921 98.42 -1.221579016239381
4922 98.44 -1.248341757355176
4923 98.46000000000001 -1.274719008391094
4924 98.48 -1.300654927804038
4925 98.5 -1.326191329236247
4926 98.52 -1.351272537626262
4927 98.54000000000001 -1.375915324287281
4928 98.56 -1.400161302028255
4929 98.58 -1.424020988165019
4930 98.60000000000001 -1.447405802315007
4931 98.62 -1.470301009237813
4932 98.64 -1.49274412868967
4933 98.66 -1.514755428304193
4934 98.68000000000001 -1.536298860690497
4935 98.7 -1.557414278666886
4936 98.72 -1.577919813063906
4937 98.74000000000001 -1.59794558352025
4938 98.76000000000001 -1.617413833635346
4939 98.78 -1.636387937224469
4940 98.8 -1.654855749121199
4941 98.82000000000001 -1.672767103195819
4942 98.84 -1.690113201710614
4943 98.86 -1.70690574409328
4944 98.88 -1.723161413837376
4945 98.90000000000001 -1.738842840760793
4946 98.92 -1.75390020563912
4947 98.94 -1.76836323932773
4948 98.96000000000001 -1.782208358511667
4949 98.98 -1.795594560863154
4950 99 -1.80838460817928
4951 99.02 -1.82061181412263
4952 99.04000000000001 -1.832233867488465
4953 99.06 -1.843213507100813
4954 99.08 -1.853601463324405
4955 99.10000000000001 -1.863387466455494
4956 99.12 -1.872588931477858
4957 99.14 -1.881229868457297
4958 99.16 -1.889273821111803
4959 99.18000000000001 -1.896762467276982
4960 99.2 -1.90357747429982
4961 99.22 -1.909798106000508
4962 99.24000000000001 -1.915470070727184
4963 99.26000000000001 -1.920579683532176
4964 99.28 -1.925178458394595
4965 99.3 -1.929174783039639
4966 99.32000000000001 -1.932584741412048
4967 99.34 -1.935429775941652
4968 99.36 -1.937758842329844
4969 99.38 -1.939519540599654
4970 99.40000000000001 -1.940703512682168
4971 99.42 -1.941299843028622
4972 99.44 -1.941377378918025
4973 99.46000000000001 -1.940939207781089
4974 99.48 -1.939951768858748
4975 99.5 -1.938436206511909
4976 99.52 -1.93637585099934
4977 99.54000000000001 -1.933866780158581
4978 99.56 -1.930777576025045
4979 99.58 -1.927151411923367
4980 99.60000000000001 -1.923016618424075
4981 99.62 -1.918340559719521
4982 99.64 -1.913167974655104
4983 99.66 -1.907462483575501
4984 99.68000000000001 -1.90124834973677
4985 99.7 -1.894524032848873
4986 99.72 -1.887235877813604
4987 99.74000000000001 -1.879435110518678
4988 99.76000000000001 -1.871080343825865
4989 99.78 -1.862239017713532
4990 99.8 -1.85291427421977
4991 99.82000000000001 -1.843043933668778
4992 99.84 -1.832648357764333
4993 99.86 -1.82172882702815
4994 99.88 -1.810288560309377
4995 99.90000000000001 -1.798370160224543
4996 99.92 -1.785933604106135
4997 99.94 -1.772948970222932
4998 99.96000000000001 -1.75947394802404
4999 99.98 -1.745469348596966
5000 100 -1.730964325694706
5001 100.02 -1.715963284794965
5002 100.04 -1.700498919687399
5003 100.06 -1.684582833323804
5004 100.08 -1.668189758022226
5005 100.1 -1.651268151936713
5006 100.12 -1.633803176016064
5007 100.14 -1.615914773656504
5008 100.16 -1.597596265769017
5009 100.18 -1.578788812363698
5010 100.2 -1.55948520651168
5011 100.22 -1.539666818429898
5012 100.24 -1.519385403741693
5013 100.26 -1.498741323593072
5014 100.28 -1.477622154365986
5015 100.3 -1.455991003335985
5016 100.32 -1.433982885542748
5017 100.34 -1.411541331902689
5018 100.36 -1.388731401215892
5019 100.38 -1.365461064263072
5020 100.4 -1.341806340943984
5021 100.42 -1.317729847843645
5022 100.44 -1.29331697712762
5023 100.46 -1.268458689459545
5024 100.48 -1.243155731557285
5025 100.5 -1.217444209525468
5026 100.52 -1.19130835445875
5027 100.54 -1.164805100899257
5028 100.56 -1.138070485885499
5029 100.58 -1.110994674103689
5030 100.6 -1.083560455934786
5031 100.62 -1.055770415275413
5032 100.64 -1.027704312103173
5033 100.66 -0.9992968660685415
5034 100.68 -0.9705119996598658
5035 100.7 -0.9414922919987968
5036 100.72 -0.9121952715053554
5037 100.74 -0.8826155483872056
5038 100.76 -0.8526388492274152
5039 100.78 -0.8223276724670943
5040 100.8 -0.7917793764746096
5041 100.82 -0.7611728642599094
5042 100.84 -0.7303017385282574
5043 100.86 -0.6991650035207544
5044 100.88 -0.6678181664824441
5045 100.9 -0.6361779082218852
5046 100.92 -0.6042655840603234
5047 100.94 -0.5722242886385073
5048 100.96 -0.5399687918931709
5049 100.98 -0.5074751313112631
5050 101 -0.474874277952221
5051 101.02 -0.4420787764726711
5052 101.04 -0.4090940579822661
5053 101.06 -0.3758807494458789
5054 101.08 -0.3425546185242417
5055 101.1 -0.3091625086523029
5056 101.12 -0.2755736965143608
5057 101.14 -0.2418642970803539
5058 101.16 -0.2080981295851984
5059 101.18 -0.1742526278510559
5060 101.2 -0.1402890912641766
5061 101.22 -0.1062475862873786
5062 101.24 -0.07221183247449731
5063 101.26 -0.03812473829215786
5064 101.28 -0.003949070360857706
5065 101.3 0.03024833275120777
5066 101.32 0.06441198798165583
5067 101.34 0.09866409428636454
5068 101.36 0.1328777216376693
5069 101.38 0.1670923085380669
5070 101.4 0.201327223361621
5071 101.42 0.2355786556648693
5072 101.44 0.2697751831909144
5073 101.46 0.3039413901561159
5074 101.48 0.3380126780330758
5075 101.5 0.3721144752865075
5076 101.52 0.4060680049273684
5077 101.54 0.4398578104263783
5078 101.56 0.4735764934381519
5079 101.58 0.5071437004698902
5080 101.6 0.5405941919440904
5081 101.62 0.5739676885556326
5082 101.64 0.6071463210808346
5083 101.66 0.640098225468543
5084 101.68 0.6728853962463267
5085 101.7 0.7054886480966405
5086 101.72 0.7378838482173073
5087 101.74 0.7701131382775508
5088 101.76 0.8020965811771967
5089 101.78 0.8338410154966339
5090 101.8 0.8653393418261944
5091 101.82 0.8965617187046055
5092 101.84 0.9275586283534296
5093 101.86 0.9582371914456854
5094 101.88 0.9885989839639848
5095 101.9 1.018695328016507
5096 101.92 1.048454952016213
5097 101.94 1.077822369114484
5098 101.96 1.106799093074762
5099 101.98 1.135459765096145
5100 102 1.163758896581638
5101 102.02 1.191709858754324
5102 102.04 1.219206572076582
5103 102.06 1.246274739068202
5104 102.08 1.272884707220205
5105 102.1 1.299632426282583
5106 102.12 1.324801687783612
5107 102.14 1.35015149172244
5108 102.16 1.37517863645115
5109 102.18 1.400301924438887
5110 102.2 1.4238278935742
5111 102.22 1.447466541562346
5112 102.24 1.470613986080299
5113 102.26 1.493296509171002
5114 102.28 1.515605049709444
5115 102.3 1.537454486746656
5116 102.32 1.558830606635163
5117 102.34 1.579700549832224
5118 102.36 1.59995728199602
5119 102.38 1.6196720117534
5120 102.4 1.638944414088483
5121 102.42 1.657665231749988
5122 102.44 1.675879572914822
5123 102.46 1.69351710150164
5124 102.48 1.711211248607521
5125 102.5 1.727090054127701
5126 102.52 1.742931560965301
5127 102.54 1.758253133494428
5128 102.56 1.772954150656614
5129 102.58 1.787064531295303
5130 102.6 1.800670884941439
5131 102.62 1.813751624921534
5132 102.64 1.826170273189976
5133 102.66 1.838077199959753
5134 102.68 1.849297698761386
5135 102.7 1.859868913934805
5136 102.72 1.869842178483619
5137 102.74 1.879247735377886
5138 102.76 1.88812120059466
5139 102.78 1.896383990925501
5140 102.8 1.904076199780693
5141 102.82 1.911175245164053
5142 102.84 1.917599551697835
5143 102.86 1.923443936610525
5144 102.88 1.92871966941355
5145 102.9 1.933494411269093
5146 102.92 1.937692119849407
5147 102.94 1.94131048759041
5148 102.96 1.944333770538735
5149 102.98 1.946850970957077
5150 103 1.948810774807694
5151 103.02 1.950239688350926
5152 103.04 1.951061267326027
5153 103.06 1.951299841160239
5154 103.08 1.950991395638535
5155 103.1 1.950185388385344
5156 103.12 1.948840117473811
5157 103.14 1.946971675448815
5158 103.16 1.944650171185957
5159 103.18 1.941738875725102
5160 103.2 1.938283836626418
5161 103.22 1.9343019526511
5162 103.24 1.929797649115592
5163 103.26 1.924845701938519
5164 103.28 1.91935132837999
5165 103.3 1.913301747228009
5166 103.32 1.906689370666801
5167 103.34 1.899556170259002
5168 103.36 1.891935321510208
5169 103.38 1.88379749144437
5170 103.4 1.875127124895079
5171 103.42 1.865968712614026
5172 103.44 1.85627391782504
5173 103.46 1.84607108328677
5174 103.48 1.83531322085165
5175 103.5 1.824024033962551
5176 103.52 1.812241752535986
5177 103.54 1.799997103053204
5178 103.56 1.78726536502816
5179 103.58 1.774009914488915
5180 103.6 1.760134283391694
5181 103.62 1.745775861619812
5182 103.64 1.730928642331309
5183 103.66 1.715640696022462
5184 103.68 1.699850141627636
5185 103.7 1.683569678936457
5186 103.72 1.666824767104994
5187 103.74 1.649558298391904
5188 103.76 1.631847244901028
5189 103.78 1.613676645328227
5190 103.8 1.595021436645463
5191 103.82 1.575872221858723
5192 103.84 1.556239404019561
5193 103.86 1.536168352779427
5194 103.88 1.5156030453538
5195 103.9 1.494577605774839
5196 103.92 1.473099508030329
5197 103.94 1.451192183979317
5198 103.96 1.428923760840711
5199 103.98 1.406190076176655
5200 104 1.383109470101953
5201 104.02 1.359581998916783
5202 104.04 1.335641283969355
5203 104.06 1.311226869805994
5204 104.08 1.28650566830568
5205 104.1 1.261359516352905
5206 104.12 1.235874220745371
5207 104.14 1.209944412215531
5208 104.16 1.183530539010759
5209 104.18 1.156825598731697
5210 104.2 1.129770658251492
5211 104.22 1.102424046362173
5212 104.24 1.074751324211253
5213 104.26 1.046728005497639
5214 104.28 1.018322808700005
5215 104.3 0.9896709905026174
5216 104.32 0.9607654216696854
5217 104.34 0.9315525132254358
5218 104.36 0.9020088722836226
5219 104.38 0.8721623524850272
5220 104.4 0.8420085896884646
5221 104.42 0.8115827589276042
5222 104.44 0.7809154999806052
5223 104.46 0.7501270017344976
5224 104.48 0.7190364083372951
5225 104.5 0.6876564609232249
5226 104.52 0.6560564841861025
5227 104.54 0.6243063174723551
5228 104.56 0.592286695579854
5229 104.58 0.5600554950803612
5230 104.6 0.52760981154744
5231 104.62 0.4950144740343225
5232 104.64 0.4622294493992561
5233 104.66 0.4293546041745465
5234 104.68 0.3962795000117598
5235 104.7 0.3629652334437266
5236 104.72 0.3295176190451966
5237 104.74 0.2959548707657039
5238 104.76 0.2622958641611736
5239 104.78 0.2286053780248591
5240 104.8 0.194810037806492
5241 104.82 0.1608873136273522
5242 104.84 0.1267897802450565
5243 104.86 0.09266564073375243
5244 104.88 0.05859423581372351
5245 104.9 0.02448377760092172
5246 104.92 -0.009684165196271849
5247 104.94 -0.04388339700494887
5248 104.96 -0.07811264075793632
5249 104.98 -0.1122861897879287
5250 105 -0.1465069564243033
5251 105.02 -0.1807689236803207
5252 105.04 -0.2150022445711292
5253 105.06 -0.2492294846531115
5254 105.08 -0.2833625325966073
5255 105.1 -0.3174321261919538
5256 105.12 -0.3515011519206742
5257 105.14 -0.385529041818067
5258 105.16 -0.4194533637530785
5259 105.18 -0.4532180535345207
5260 105.2 -0.4868481980244239
5261 105.22 -0.5203517066776311
5262 105.24 -0.5537494123074334
5263 105.26 -0.5869953962485753
5264 105.28 -0.6200497518629976
5265 105.3 -0.6528758462189526
5266 105.32 -0.685585616648737
5267 105.34 -0.7181005724184419
5268 105.36 -0.7503811325887939
5269 105.38 -0.7824667720372309
5270 105.4 -0.8142783513879081
5271 105.42 -0.8458443583076474
5272 105.44 -0.8772089518019958
5273 105.46 -0.9083413748387594
5274 105.48 -0.9391960110498886
5275 105.5 -0.9697633743352972
5276 105.52 -0.9999807417947341
5277 105.54 -1.029865429485904
5278 105.56 -1.05940425431299
5279 105.58 -1.088549062382617
5280 105.6 -1.117388547052343
5281 105.62 -1.145831961497122
5282 105.64 -1.173996225722774
5283 105.66 -1.201720434845672
5284 105.68 -1.228955413001974
5285 105.7 -1.25575370560489
5286 105.72 -1.28218936066037
5287 105.74 -1.308179610784573
5288 105.76 -1.333803163190137
5289 105.78 -1.359026371296614
5290 105.8 -1.38376628630709
5291 105.82 -1.408109305677145
5292 105.84 -1.432003521163626
5293 105.86 -1.45549169945577
5294 105.88 -1.478521461949102
5295 105.9 -1.501070991829956
5296 105.92 -1.523152963546633
5297 105.94 -1.544804025733782
5298 105.96 -1.565903810378542
5299 105.98 -1.586525091574444
5300 106 -1.606608765826443
5301 106.02 -1.626190395557448
5302 106.04 -1.645227402231074
5303 106.06 -1.663734562037726
5304 106.08 -1.681691596628884
5305 106.1 -1.699129940182745
5306 106.12 -1.715996111784828
5307 106.14 -1.732307020382548
5308 106.16 -1.748045633176073
5309 106.18 -1.763151660591717
5310 106.2 -1.777651295363246
5311 106.22 -1.791501745716782
5312 106.24 -1.804917302920672
5313 106.26 -1.817755709327854
5314 106.28 -1.829981415556795
5315 106.3 -1.841629693331548
5316 106.32 -1.85259048424487
5317 106.34 -1.86295571625218
5318 106.36 -1.872792684665308
5319 106.38 -1.882000945015338
5320 106.4 -1.890654865363387
5321 106.42 -1.898729380047032
5322 106.44 -1.906207398873187
5323 106.46 -1.913036676962087
5324 106.48 -1.919321415879802
5325 106.5 -1.925027495049662
5326 106.52 -1.930141163832359
5327 106.54 -1.934758788071213
5328 106.56 -1.93878524780116
5329 106.58 -1.942196610044695
5330 106.6 -1.945045233750791
5331 106.62 -1.947424942420095
5332 106.64 -1.949239018899357
5333 106.66 -1.950486485618234
5334 106.68 -1.951133088398732
5335 106.7 -1.951253236746442
5336 106.72 -1.950852903047069
5337 106.74 -1.949903058801585
5338 106.76 -1.948437494230646
5339 106.78 -1.946424067617975
5340 106.8 -1.943939192212663
5341 106.82 -1.94091902326353
5342 106.84 -1.937301716254513
5343 106.86 -1.933221629834462
5344 106.88 -1.928629231076855
5345 106.9 -1.923486715501167
5346 106.92 -1.917851699567738
5347 106.94 -1.91168537265287
5348 106.96 -1.904980577865882
5349 106.98 -1.897728935820894
5350 107 -1.890001100618418
5351 107.02 -1.881739545915128
5352 107.04 -1.872950531414888
5353 107.06 -1.863666884679767
5354 107.08 -1.853842248132501
5355 107.1 -1.843509559852512
5356 107.12 -1.83268386989673
5357 107.14 -1.821295431069633
5358 107.16 -1.809425977455634
5359 107.18 -1.79707048304588
5360 107.2 -1.784169728483279
5361 107.22 -1.770768852268108
5362 107.24 -1.756822803344997
5363 107.26 -1.742426358853871
5364 107.28 -1.727509645218877
5365 107.3 -1.71212899306042
5366 107.32 -1.696230805996958
5367 107.34 -1.679920905788087
5368 107.36 -1.663125418591582
5369 107.38 -1.645768421385724
5370 107.4 -1.627932774212546
5371 107.42 -1.60968347534203
5372 107.44 -1.590975267950614
5373 107.46 -1.571767028527896
5374 107.48 -1.552090612147998
5375 107.5 -1.531931164692249
5376 107.52 -1.511309257340294
5377 107.54 -1.490285538342353
5378 107.56 -1.468741978708607
5379 107.58 -1.446767702374092
5380 107.6 -1.424414883850191
5381 107.62 -1.401642560032618
5382 107.64 -1.378444918669875
5383 107.66 -1.354896250415856
5384 107.68 -1.330898053082199
5385 107.7 -1.306540272476648
5386 107.72 -1.281759136727812
5387 107.74 -1.256566884098256
5388 107.76 -1.23097041235612
5389 107.78 -1.204918452404829
5390 107.8 -1.17845191772677
5391 107.82 -1.151721586702325
5392 107.84 -1.124694242107815
5393 107.86 -1.097297721495402
5394 107.88 -1.0695465510436
5395 107.9 -1.041511779051164
5396 107.92 -1.013185300578202
5397 107.94 -0.9844773176940498
5398 107.96 -0.9554430841810519
5399 107.98 -0.9261658612192584
5400 108 -0.8966403628055085
5401 108.02 -0.8667777043006188
5402 108.04 -0.8365191971918534
5403 108.06 -0.8060118590210212
5404 108.08 -0.7752672928954529
5405 108.1 -0.7444707046657147
5406 108.12 -0.7133477084247505
5407 108.14 -0.6820359893036989
5408 108.16 -0.6504661802283149
5409 108.18 -0.618612323231975
5410 108.2 -0.5865513334368477
5411 108.22 -0.5543144194811481
5412 108.24 -0.5218574780336479
5413 108.26 -0.4892450254725742
5414 108.28 -0.456481715900678
5415 108.3 -0.4235030719272526
5416 108.32 -0.3903228750777943
5417 108.34 -0.3569855994158624
5418 108.36 -0.3235920580552313
5419 108.38 -0.289993378397977
5420 108.4 -0.2562799970041053
5421 108.42 -0.2224734577103397
5422 108.44 -0.1886059677331004
5423 108.46 -0.1546434898866113
5424 108.48 -0.120570228402803
5425 108.5 -0.08647999215361048
5426 108.52 -0.0523605899878944
5427 108.54 -0.0181420135638338
5428 108.56 0.01609041426198533
5429 108.58 0.05031699603030268
5430 108.6 0.0845786569194648
5431 108.62 0.118881470411071
5432 108.64 0.1531413416242983
5433 108.66 0.1874092081531978
5434 108.68 0.2216997820594294
5435 108.7 0.2559759939522362
5436 108.72 0.2902299274374652
5437 108.74 0.3243855338790891
5438 108.76 0.3585654184936069
5439 108.78 0.3926424829097132
5440 108.8 0.4265771399830265
5441 108.82 0.4604085075359601
5442 108.84 0.4940834142613498
5443 108.86 0.5276520044218367
5444 108.88 0.5611281928489822
5445 108.9 0.5944939609365862
5446 108.92 0.6275806324094182
5447 108.94 0.660510200053966
5448 108.96 0.6932536016563083
5449 108.98 0.7258138903149693
5450 109 0.7582069299627586
5451 109.02 0.7903248675607474
5452 109.04 0.8222934343725331
5453 109.06 0.8539529151291023
5454 109.08 0.8853655484494692
5455 109.1 0.9165620554549624
5456 109.12 0.9474715104680158
5457 109.14 0.9780474895950825
5458 109.16 1.008357295672198
5459 109.18 1.03832425833278
5460 109.2 1.067930109211158
5461 109.22 1.097142932499075
5462 109.24 1.126017803947197
5463 109.26 1.154533399427951
5464 109.28 1.182695642294801
5465 109.3 1.210500473835315
5466 109.32 1.237809027006923
5467 109.34 1.264734129192319
5468 109.36 1.291760680845189
5469 109.38 1.317196483030455
5470 109.4 1.342753755594124
5471 109.42 1.36803383967253
5472 109.44 1.393479683749337
5473 109.46 1.417286859096863
5474 109.48 1.441217419332446
5475 109.5 1.464687064352335
5476 109.52 1.487648233772327
5477 109.54 1.51020235541715
5478 109.56 1.532359615972269
5479 109.58 1.554005676366147
5480 109.6 1.575799192688932
5481 109.62 1.595807817510328
5482 109.64 1.61582979767518
5483 109.66 1.635376950418239
5484 109.68 1.654401407083158
5485 109.7 1.672892575485319
5486 109.72 1.690909811668725
5487 109.74 1.708294640771048
5488 109.76 1.725122269160348
5489 109.78 1.741302956225969
5490 109.8 1.756953035871773
5491 109.82 1.771979314835238
5492 109.84 1.786390593096739
5493 109.86 1.800284844037678
5494 109.88 1.813655923229254
5495 109.9 1.826441347959876
5496 109.92 1.838600342510737
5497 109.94 1.850161861756463
5498 109.96 1.861065440016518
5499 109.98 1.871365492586704
5500 110 1.881024703434765
5501 110.02 1.890180370834674
5502 110.04 1.898743380626674
5503 110.06 1.906748878764002
5504 110.08 1.914117118882316
5505 110.1 1.920906792573022
5506 110.12 1.927051545306257
5507 110.14 1.932639022505134
5508 110.16 1.937653026077865
5509 110.18 1.942159529280949
5510 110.2 1.946064350703163
5511 110.22 1.94937472471128
5512 110.24 1.952104573698333
5513 110.26 1.954372831600627
5514 110.28 1.95605452959489
5515 110.3 1.957184780631413
5516 110.32 1.957751013366877
5517 110.34 1.957695865700545
5518 110.36 1.957129168912058
5519 110.38 1.95603695479708
5520 110.4 1.954437454197226
5521 110.42 1.952321387823297
5522 110.44 1.949723274248658
5523 110.46 1.946507828216873
5524 110.48 1.942814975783067
5525 110.5 1.938567459735814
5526 110.52 1.933819287875085
5527 110.54 1.928574490922831
5528 110.56 1.922765229250187
5529 110.58 1.916423525175129
5530 110.6 1.909516745802675
5531 110.62 1.902113800581265
5532 110.64 1.894217752846701
5533 110.66 1.885784853077695
5534 110.68 1.876848013018894
5535 110.7 1.867393636298006
5536 110.72 1.857415387104502
5537 110.74 1.846921465132734
5538 110.76 1.835901270000813
5539 110.78 1.824320097596487
5540 110.8 1.812256927261915
5541 110.82 1.799700648924391
5542 110.84 1.786680364472204
5543 110.86 1.77310270126746
5544 110.88 1.758944150643936
5545 110.9 1.744312145334843
5546 110.92 1.729222168945415
5547 110.94 1.713631299121797
5548 110.96 1.697571126352584
5549 110.98 1.681031051028193
5550 111 1.663953277995317
5551 111.02 1.646440932458294
5552 111.04 1.62844804659592
5553 111.06 1.60999668232599
5554 111.08 1.591064841130498
5555 111.1 1.571617088256763
5556 111.12 1.551705999557927
5557 111.14 1.531377158464365
5558 111.16 1.51051690149948
5559 111.18 1.489226154935353
5560 111.2 1.467466783419623
5561 111.22 1.445298820292874
5562 111.24 1.422744325611131
5563 111.26 1.399784715737986
5564 111.28 1.376420696720826
5565 111.3 1.352619195755252
5566 111.32 1.328396411477052
5567 111.34 1.303746614442074
5568 111.36 1.278748035068278
5569 111.38 1.253373202052806
5570 111.4 1.227618275164888
5571 111.42 1.20138212772588
5572 111.44 1.174725533322381
5573 111.46 1.147788006734553
5574 111.48 1.120504649119346
5575 111.5 1.092923063749621
5576 111.52 1.064991625651537
5577 111.54 1.036686088614227
5578 111.56 1.008075945735543
5579 111.58 0.9792440381544398
5580 111.6 0.9500786282994813
5581 111.62 0.9206249602032018
5582 111.64 0.8908284437416141
5583 111.66 0.8607877858996286
5584 111.68 0.8304150049920941
5585 111.7 0.7998136757181977
5586 111.72 0.7688949604855313
5587 111.74 0.7379133956736678
5588 111.76 0.7065801173798539
5589 111.78 0.6750034613281011
5590 111.8 0.6432485759072633
5591 111.82 0.6112945995746003
5592 111.84 0.5790466199377662
5593 111.86 0.5466174012138216
5594 111.88 0.5139992820991467
5595 111.9 0.481214219594749
5596 111.92 0.4483012528954599
5597 111.94 0.4152496806435395
5598 111.96 0.3819546887906313
5599 111.98 0.3484667447135629
5600 112 0.3148631879169232
5601 112.02 0.2811584727844912
5602 112.04 0.2474045631008374
5603 112.06 0.213555373131036
5604 112.08 0.1796059619461365
5605 112.1 0.1455093532744486
5606 112.12 0.1112868076012351
5607 112.14 0.07708642641748541
5608 112.16 0.04290398169858398
5609 112.18 0.008653369373521454
5610 112.2 -0.02561687651927252
5611 112.22 -0.05995097477665504
5612 112.24 -0.09424129003392352
5613 112.26 -0.1285088315331692
5614 112.28 -0.162861781422462
5615 112.3 -0.1972129141088999
5616 112.32 -0.2315278791573118
5617 112.34 -0.2658225580182574
5618 112.36 -0.2999996436906389
5619 112.38 -0.3341732046165731
5620 112.4 -0.3683446929902144
5621 112.42 -0.4024213571996831
5622 112.44 -0.4363927615287708
5623 112.46 -0.4701393124804383
5624 112.48 -0.5038071437924562
5625 112.5 -0.5373609441154986
5626 112.52 -0.570811080485956
5627 112.54 -0.6040429928624221
5628 112.56 -0.6370690520178425
5629 112.58 -0.6699230272381194
5630 112.6 -0.7026675686640033
5631 112.62 -0.7351519798987484
5632 112.64 -0.7674239277902698
5633 112.66 -0.7994780457175991
5634 112.68 -0.8312963529113758
5635 112.7 -0.8628274829343008
5636 112.72 -0.8941832373099996
5637 112.74 -0.925301787325596
5638 112.76 -0.9561266153407277
5639 112.78 -0.9866190746914134
5640 112.8 -1.016740926618388
5641 112.82 -1.046555066948059
5642 112.84 -1.075979021291872
5643 112.86 -1.105039085263851
5644 112.88 -1.133783952353377
5645 112.9 -1.162151899892499
5646 112.92 -1.190188365158082
5647 112.94 -1.217776960577464
5648 112.96 -1.244879695980467
5649 112.98 -1.271570201595241
5650 113 -1.297862986797063
5651 113.02 -1.323763757842179
5652 113.04 -1.349252060279971
5653 113.06 -1.374347266315204
5654 113.08 -1.398958361305128
5655 113.1 -1.423183278721919
5656 113.12 -1.446925282178352
5657 113.14 -1.470296927811977
5658 113.16 -1.493154832812867
5659 113.18 -1.515565759302069
5660 113.2 -1.537516595068349
5661 113.22 -1.558939963408123
5662 113.24 -1.579905550187223
5663 113.26 -1.600325781305935
5664 113.28 -1.620254633511619
5665 113.3 -1.639637471938463
5666 113.32 -1.658501983632164
5667 113.34 -1.676807349705744
5668 113.36 -1.694576281238422
5669 113.38 -1.711804414602532
5670 113.4 -1.728460894826194
5671 113.42 -1.744520146876881
5672 113.44 -1.760015957124998
5673 113.46 -1.774844344656952
5674 113.48 -1.789088332038016
5675 113.5 -1.802764928059931
5676 113.52 -1.815947316207571
5677 113.54 -1.82850445978387
5678 113.56 -1.840490311434998
5679 113.58 -1.851862674833554
5680 113.6 -1.862530982296052
5681 113.62 -1.872667628542587
5682 113.64 -1.882218180987616
5683 113.66 -1.891187726166353
5684 113.68 -1.899601445345969
5685 113.7 -1.907393255746136
5686 113.72 -1.91459193535987
5687 113.74 -1.921165985693265
5688 113.76 -1.927203539396468
5689 113.78 -1.932647817286532
5690 113.8 -1.937558711730118
5691 113.82 -1.941926954072019
5692 113.84 -1.945666796471105
5693 113.86 -1.948785572494646
5694 113.88 -1.951405318736863
5695 113.9 -1.953509698501647
5696 113.92 -1.955103794790778
5697 113.94 -1.956092543634399
5698 113.96 -1.956534716342425
5699 113.98 -1.956400104115309
5700 114 -1.955758669445453
5701 114.02 -1.954579441276604
5702 114.04 -1.95287763592975
5703 114.06 -1.950645937644503
5704 114.08 -1.947952302086572
5705 114.1 -1.944662287045868
5706 114.12 -1.940831007125805
5707 114.14 -1.936534002698348
5708 114.16 -1.931748984856629
5709 114.18 -1.926383042753902
5710 114.2 -1.920512617313033
5711 114.22 -1.914103712446908
5712 114.24 -1.907161185088749
5713 114.26 -1.899716349548088
5714 114.28 -1.891743508650929
5715 114.3 -1.883271222856894
5716 114.32 -1.874283032238096
5717 114.34 -1.864789680796017
5718 114.36 -1.85474624504835
5719 114.38 -1.844208884350174
5720 114.4 -1.833174054748073
5721 114.42 -1.821571753353343
5722 114.44 -1.809485442445806
5723 114.46 -1.796893424317767
5724 114.48 -1.783793728225555
5725 114.5 -1.770195240661774
5726 114.52 -1.756065442793771
5727 114.54 -1.741463345586146
5728 114.56 -1.726350525969622
5729 114.58 -1.710767370555697
5730 114.6 -1.69468741511657
5731 114.62 -1.678159561238671
5732 114.64 -1.661139802766147
5733 114.66 -1.643600092028713
5734 114.68 -1.625594403033554
5735 114.7 -1.607149991636543
5736 114.72 -1.588256566078142
5737 114.74 -1.568830580422931
5738 114.76 -1.548987745044953
5739 114.78 -1.528660396531681
5740 114.8 -1.507872701867733
5741 114.82 -1.486628235987543
5742 114.84 -1.464883687576051
5743 114.86 -1.442732365817182
5744 114.88 -1.420194087932719
5745 114.9 -1.397221407722641
5746 114.92 -1.373888680739029
5747 114.94 -1.350170408299552
5748 114.96 -1.326001112523106
5749 114.98 -1.301486155104241
5750 115 -1.276512551665803
5751 115.02 -1.251167489114245
5752 115.04 -1.225393519657294
5753 115.06 -1.19917970074257
5754 115.08 -1.172565122309619
5755 115.1 -1.14572117324213
5756 115.12 -1.118537710329578
5757 115.14 -1.090972170538116
5758 115.16 -1.063086772966591
5759 115.18 -1.034931463247746
5760 115.2 -1.006429155975003
5761 115.22 -0.9775765090881736
5762 115.24 -0.9484261391755286
5763 115.26 -0.9190385774613097
5764 115.28 -0.8893913579899565
5765 115.3 -0.8593695717646284
5766 115.32 -0.8290160095653986
5767 115.34 -0.7984319274009449
5768 115.36 -0.7675780395257553
5769 115.38 -0.7366591443315581
5770 115.4 -0.705462481665999
5771 115.42 -0.67406675063962
5772 115.44 -0.6424039518999939
5773 115.46 -0.6104697301960179
5774 115.48 -0.578321859030788
5775 115.5 -0.5460142476595107
5776 115.52 -0.5134768892643006
5777 115.54 -0.480825016080807
5778 115.56 -0.4479946585861081
5779 115.58 -0.4149437198625474
5780 115.6 -0.3816850463745253
5781 115.62 -0.3483378738839298
5782 115.64 -0.3148826981883747
5783 115.66 -0.2812347748388472
5784 115.68 -0.2474748850566199
5785 115.7 -0.21364075125689
5786 115.72 -0.1797592199987973
5787 115.74 -0.1457826499650755
5788 115.76 -0.1116773623820522
5789 115.78 -0.07759408896216394
5790 115.8 -0.04342843595623725
5791 115.82 -0.009209051238836138
5792 115.84 0.02501377639332263
5793 115.86 0.05925193346116677
5794 115.88 0.09349904028410105
5795 115.9 0.1277261202455607
5796 115.92 0.161997846148536
5797 115.94 0.1962702440033064
5798 115.96 0.2305251099951485
5799 115.98 0.2648230476573284
5800 116 0.2990099312471007
5801 116.02 0.3331653791406186
5802 116.04 0.3673346096344279
5803 116.06 0.4013514333006122
5804 116.08 0.4352357667933117
5805 116.1 0.4690009344549577
5806 116.12 0.5026235792856316
5807 116.14 0.5361559967783663
5808 116.16 0.5696064837923706
5809 116.18 0.6028550479569682
5810 116.2 0.6358779814755822
5811 116.22 0.6687464898060937
5812 116.24 0.7014271644590585
5813 116.26 0.7339328095526466
5814 116.28 0.766223964635254
5815 116.3 0.7982744884404199
5816 116.32 0.8301454827413058
5817 116.34 0.861725817849014
5818 116.36 0.8930704400582237
5819 116.38 0.9241646727090723
5820 116.4 0.9549857896833531
5821 116.42 0.9854695885312155
5822 116.44 1.015670826154829
5823 116.46 1.045509450562648
5824 116.48 1.074998739284929
5825 116.5 1.104069608482226
5826 116.52 1.132823672477362
5827 116.54 1.161215270024839
5828 116.56 1.189265029135391
5829 116.58 1.216930753426296
5830 116.6 1.24414096449248
5831 116.62 1.270939927175569
5832 116.64 1.297231682395066
5833 116.66 1.32312239645827
5834 116.68 1.348582144047535
5835 116.7 1.373758671075506
5836 116.72 1.398455305550212
5837 116.74 1.422752507100703
5838 116.76 1.446581889105002
5839 116.78 1.469916141703116
5840 116.8 1.492734426578414
5841 116.82 1.515179955464799
5842 116.84 1.537184714517176
5843 116.86 1.558733569311345
5844 116.88 1.579754754573233
5845 116.9 1.600216787575846
5846 116.92 1.620119606192592
5847 116.94 1.639540111645641
5848 116.96 1.658417738735026
5849 116.98 1.676806236768348
5850 117 1.694634672186152
5851 117.02 1.711909175375183
5852 117.04 1.728582568872511
5853 117.06 1.744626815183693
5854 117.08 1.760116296367567
5855 117.1 1.774967222286518
5856 117.12 1.789260767147156
5857 117.14 1.803020647336921
5858 117.16 1.816282126981027
5859 117.18 1.828860741538347
5860 117.2 1.84092920152149
5861 117.22 1.852301870543773
5862 117.24 1.863028918525508
5863 117.26 1.873177263239461
5864 117.28 1.882746565827201
5865 117.3 1.891767410078555
5866 117.32 1.900192976057789
5867 117.34 1.908053417279683
5868 117.36 1.915301624365773
5869 117.38 1.921915887702281
5870 117.4 1.927962559137801
5871 117.42 1.933398197962892
5872 117.44 1.938335459702592
5873 117.46 1.942695683332746
5874 117.48 1.946488007224393
5875 117.5 1.949655403597239
5876 117.52 1.952315961692569
5877 117.54 1.954449756690758
5878 117.56 1.956030299542613
5879 117.58 1.957046354468643
5880 117.6 1.957478248471921
5881 117.62 1.95731088017188
5882 117.64 1.956665978515278
5883 117.66 1.955467743040999
5884 117.68 1.953772646821002
5885 117.7 1.951562652332719
5886 117.72 1.948851673604917
5887 117.74 1.94553000398319
5888 117.76 1.941729351467624
5889 117.78 1.937379320256939
5890 117.8 1.932574319829525
5891 117.82 1.927207644772126
5892 117.84 1.921306631702606
5893 117.86 1.914858827538491
5894 117.88 1.907860764694028
5895 117.9 1.900374727143977
5896 117.92 1.892396328928372
5897 117.94 1.883857268643972
5898 117.96 1.874844916591814
5899 117.98 1.865290561941301
5900 118 1.855227562367699
5901 118.02 1.844643705683849
5902 118.04 1.833539427207329
5903 118.06 1.821856863271232
5904 118.08 1.809702927521477
5905 118.1 1.797079183865901
5906 118.12 1.783979860685353
5907 118.14 1.770301463737487
5908 118.16 1.756071446499352
5909 118.18 1.74135052635881
5910 118.2 1.726189209687178
5911 118.22 1.710526591996171
5912 118.24 1.694394219181339
5913 118.26 1.677795955986085
5914 118.28 1.660629579194021
5915 118.3 1.643030865368839
5916 118.32 1.624981633716328
5917 118.34 1.606450516214918
5918 118.36 1.587440622982163
5919 118.38 1.567918554476867
5920 118.4 1.547934998250682
5921 118.42 1.527532435933556
5922 118.44 1.50659157533907
5923 118.46 1.48523712433999
5924 118.48 1.463400945892154
5925 118.5 1.4411866127089
5926 118.52 1.418569267703399
5927 118.54 1.395559839401719
5928 118.56 1.372107431579927
5929 118.58 1.348263164855075
5930 118.6 1.32396666640234
5931 118.62 1.299272400881358
5932 118.64 1.274202811763135
5933 118.66 1.248781567082203
5934 118.68 1.22295854315254
5935 118.7 1.196628154290693
5936 118.72 1.169939748736966
5937 118.74 1.142942303477854
5938 118.76 1.115628815003374
5939 118.78 1.087979035570829
5940 118.8 1.060008638681407
5941 118.82 1.031653482354692
5942 118.84 1.003000785739264
5943 118.86 0.9741186123619301
5944 118.88 0.9449237886400896
5945 118.9 0.9154235193758441
5946 118.92 0.8855737520816847
5947 118.94 0.8554793971731592
5948 118.96 0.8250313362000509
5949 118.98 0.7943889571535305
5950 119 0.7634941598753763
5951 119.02 0.7324591587140403
5952 119.04 0.701071311677878
5953 119.06 0.6694522391263522
5954 119.08 0.6376535267165542
5955 119.1 0.6056504951943835
5956 119.12 0.5733905756300294
5957 119.14 0.5409032630744242
5958 119.16 0.5082511238312467
5959 119.18 0.4754323556157663
5960 119.2 0.4424893755737507
5961 119.22 0.4094081312920437
5962 119.24 0.3760605345779531
5963 119.26 0.3425404433763827
5964 119.28 0.3089032982101064
5965 119.3 0.2751611386755197
5966 119.32 0.2413747622068371
5967 119.34 0.2075173528451758
5968 119.36 0.173534638166638
5969 119.38 0.1393764170418421
5970 119.4 0.1051345217095454
5971 119.42 0.07090555200780929
5972 119.44 0.03670484699060154
5973 119.46 0.002430737463812974
5974 119.48 -0.03187328105274435
5975 119.5 -0.06622220022878297
5976 119.52 -0.1005421647466468
5977 119.54 -0.134862129170074
5978 119.56 -0.1692608613544075
5979 119.58 -0.2036271259503775
5980 119.6 -0.2379886881575879
5981 119.62 -0.2723179209899629
5982 119.64 -0.3065237304589636
5983 119.66 -0.3407234400089428
5984 119.68 -0.3749126892517627
5985 119.7 -0.4090247428269299
5986 119.72 -0.443000594039832
5987 119.74 -0.4767918607533027
5988 119.76 -0.5104737133401955
5989 119.78 -0.5440381137008542
5990 119.8 -0.5775147577668513
5991 119.82 -0.6107864159278581
5992 119.84 -0.643812248998362
5993 119.86 -0.6766946584232677
5994 119.88 -0.709442440098528
5995 119.9 -0.7419505689270642
5996 119.92 -0.774246852733163
5997 119.94 -0.8063058966264643
5998 119.96 -0.8381184474991085
5999 119.98 -0.8696964130138028
6000 120 -0.9010663175235687
6001 120.02 -0.9321881148556487
6002 120.04 -0.9630216195561766
6003 120.06 -0.9935025116918708
6004 120.08 -1.023629429537898
6005 120.1 -1.053453691951111
6006 120.12 -1.082870584499488
6007 120.14 -1.111955245206459
6008 120.16 -1.140686093462473
6009 120.18 -1.16906656236005
6010 120.2 -1.197098928360777
6011 120.22 -1.22465125631288
6012 120.24 -1.251731572291816
6013 120.26 -1.2784294869135
6014 120.28 -1.30470869422092
6015 120.3 -1.330588795162873
6016 120.32 -1.356080832526786
6017 120.34 -1.381130319882592
6018 120.36 -1.405746846480878
6019 120.38 -1.429947362724392
6020 120.4 -1.453671433495704
6021 120.42 -1.477004157255874
6022 120.44 -1.499849699402862
6023 120.46 -1.522215529074264
6024 120.48 -1.5441587308355
6025 120.5 -1.565539056556186
6026 120.52 -1.586464173485092
6027 120.54 -1.606832253485449
6028 120.56 -1.62670821862296
6029 120.58 -1.646049779430604
6030 120.6 -1.66485677659975
6031 120.62 -1.683109421074836
6032 120.64 -1.700830132048138
6033 120.66 -1.717984085381671
6034 120.68 -1.734563461018935
6035 120.7 -1.750562377872879
6036 120.72 -1.765985423806596
6037 120.74 -1.78072408938931
6038 120.76 -1.794861098816124
6039 120.78 -1.808512066884513
6040 120.8 -1.821616855447274
6041 120.82 -1.834092685961188
6042 120.84 -1.845993988683903
6043 120.86 -1.857255372453279
6044 120.88 -1.867841233936804
6045 120.9 -1.877856580688592
6046 120.92 -1.887329414520372
6047 120.94 -1.896225335465618
6048 120.96 -1.904531113825664
6049 120.98 -1.912240246795796
6050 121 -1.919321295689181
6051 121.02 -1.925814435327657
6052 121.04 -1.931739371231496
6053 121.06 -1.937100074590272
6054 121.08 -1.941900868987175
6055 121.1 -1.946159654642253
6056 121.12 -1.949783969169359
6057 121.14 -1.952818066345304
6058 121.16 -1.955312571934209
6059 121.18 -1.95732123396928
6060 121.2 -1.958810468640435
6061 121.22 -1.959698773816175
6062 121.24 -1.960000640505176
6063 121.26 -1.959753427433153
6064 121.28 -1.959017614461786
6065 121.3 -1.957728704230483
6066 121.32 -1.955905434349821
6067 121.34 -1.953588137624396
6068 121.36 -1.950755892926235
6069 121.38 -1.947336971108083
6070 121.4 -1.94340517329118
6071 121.42 -1.938999592267471
6072 121.44 -1.934072768396226
6073 121.46 -1.928618924080696
6074 121.48 -1.922613418935503
6075 121.5 -1.916055662417289
6076 121.52 -1.908986338946845
6077 121.54 -1.901409595914651
6078 121.56 -1.893298378377723
6079 121.58 -1.884696189286265
6080 121.6 -1.875583611335995
6081 121.62 -1.865961198650685
6082 121.64 -1.855770448389356
6083 121.66 -1.845100688996969
6084 121.68 -1.833905330670672
6085 121.7 -1.822182726305346
6086 121.72 -1.8099445017361
6087 121.74 -1.797212689950447
6088 121.76 -1.783972297843344
6089 121.78 -1.770226713352004
6090 121.8 -1.755956750340797
6091 121.82 -1.741206939506156
6092 121.84 -1.725977649778711
6093 121.86 -1.710227720412775
6094 121.88 -1.694015902873606
6095 121.9 -1.677330724931449
6096 121.92 -1.660132435796074
6097 121.94 -1.642460245663958
6098 121.96 -1.624315059710699
6099 121.98 -1.605726226863706
6100 122 -1.586677858246237
6101 122.02 -1.567107613307241
6102 122.04 -1.54709894755629
6103 122.06 -1.526642095513038
6104 122.08 -1.505708125445854
6105 122.1 -1.484294798441758
6106 122.12 -1.462401362627382
6107 122.14 -1.440125759887843
6108 122.16 -1.417421096604071
6109 122.18 -1.394303736009574
6110 122.2 -1.370844437470474
6111 122.22 -1.346971726961452
6112 122.24 -1.3226711805643
6113 122.26 -1.297994724632711
6114 122.28 -1.272871214665104
6115 122.3 -1.247368487438545
6116 122.32 -1.221448299370844
6117 122.34 -1.195094278683132
6118 122.36 -1.16836788789409
6119 122.38 -1.141395149065023
6120 122.4 -1.114079844408882
6121 122.42 -1.086372379350845
6122 122.44 -1.058336156768158
6123 122.46 -1.030032177209133
6124 122.48 -1.001436384936276
6125 122.5 -0.9724159761360134
6126 122.52 -0.9431640313511584
6127 122.54 -0.9136689829377074
6128 122.56 -0.883889007749559
6129 122.58 -0.8537293317160151
6130 122.6 -0.8232789933800907
6131 122.62 -0.7925612297486933
6132 122.64 -0.761617146135708
6133 122.66 -0.7305649648084486
6134 122.68 -0.6992976050328822
6135 122.7 -0.667810586355935
6136 122.72 -0.6360094706191218
6137 122.74 -0.6039751868483794
6138 122.76 -0.5717252787311177
6139 122.78 -0.5392841253662298
6140 122.8 -0.5066822195289048
6141 122.82 -0.4739573248878631
6142 122.84 -0.4410390154390443
6143 122.86 -0.4078718177518987
6144 122.88 -0.3745451303641422
6145 122.9 -0.3411245401121536
6146 122.92 -0.3075774938008086
6147 122.94 -0.273844710401985
6148 122.96 -0.2400376010665556
6149 122.98 -0.2061463913292431
6150 123 -0.1722055750394751
6151 123.02 -0.1381803925052194
6152 123.04 -0.1040144655183148
6153 123.06 -0.0698585599863509
6154 123.08 -0.0356314706439569
6155 123.1 -0.001397587368052157
6156 123.12 0.03283459449465496
6157 123.14 0.06712175793175298
6158 123.16 0.1013924675768962
6159 123.18 0.135626852142831
6160 123.2 0.1699327886342749
6161 123.22 0.2042271008265021
6162 123.24 0.2385024904213252
6163 123.26 0.2728238726999554
6164 123.28 0.3070337210119303
6165 123.3 0.3412272263609194
6166 123.32 0.3753449436898209
6167 123.34 0.4093505284240925
6168 123.36 0.4432216880250407
6169 123.38 0.4769630168079995
6170 123.4 0.5105563577381441
6171 123.42 0.5440932899830971
6172 123.44 0.577501064798011
6173 123.46 0.6106938498798929
6174 123.48 0.6437047993992694
6175 123.5 0.6765124578038857
6176 123.52 0.7091817041214942
6177 123.54 0.7416337029560225
6178 123.56 0.7738703335278564
6179 123.58 0.8058809573603881
6180 123.6 0.8376731001551725
6181 123.62 0.8691821060994479
6182 123.64 0.9004921641065889
6183 123.66 0.9315287961724439
6184 123.68 0.9622848367050513
6185 123.7 0.9926844624120157
6186 123.72 1.022766005789974
6187 123.74 1.052505781994927
6188 123.76 1.08186523780796
6189 123.78 1.110862873771248
6190 123.8 1.139504349696874
6191 123.82 1.167793580511389
6192 123.84 1.195757935693621
6193 123.86 1.223280927740929
6194 123.88 1.250415610329601
6195 123.9 1.277065343749072
6196 123.92 1.303242436911118
6197 123.94 1.328994839649921
6198 123.96 1.354359661282497
6199 123.98 1.379391478627533
6200 124 1.404010464511667
6201 124.02 1.428156630135438
6202 124.04 1.451891732598911
6203 124.06 1.475079845724031
6204 124.08 1.497780802952868
6205 124.1 1.52009960502921
6206 124.12 1.541984268334368
6207 124.14 1.563389232331498
6208 124.16 1.584279188358015
6209 124.18 1.60460026716438
6210 124.2 1.624362044640726
6211 124.22 1.643656534615342
6212 124.24 1.662402418954044
6213 124.26 1.680660966808636
6214 124.28 1.69833667509055
6215 124.3 1.71548600294899
6216 124.32 1.73198102025022
6217 124.34 1.747886126085943
6218 124.36 1.763211620822188
6219 124.38 1.777904435619511
6220 124.4 1.792053083473396
6221 124.42 1.805701818190007
6222 124.44 1.818812109338257
6223 124.46 1.831247104168723
6224 124.48 1.843132893314891
6225 124.5 1.854347352639348
6226 124.52 1.864925903612625
6227 124.54 1.874932030678052
6228 124.56 1.884391002098124
6229 124.58 1.893261655484848
6230 124.6 1.9015657090485
6231 124.62 1.909270776725101
6232 124.64 1.916342683174666
6233 124.66 1.922795630098675
6234 124.68 1.928716015731816
6235 124.7 1.934041894429091
6236 124.72 1.938862871078331
6237 124.74 1.943080818936428
6238 124.76 1.946721644809826
6239 124.78 1.949772863056939
6240 124.8 1.952319688991038
6241 124.82 1.954335557177259
6242 124.84 1.955791511282852
6243 124.86 1.956683497040486
6244 124.88 1.957004997861034
6245 124.9 1.956728473393235
6246 124.92 1.955978128550926
6247 124.94 1.954684969885356
6248 124.96 1.9528865086568
6249 124.98 1.950560772601824
6250 125 1.947746916102241
6251 125.02 1.944324302013032
6252 125.04 1.940419332326636
6253 125.06 1.935982859261761
6254 125.08 1.931071128021472
6255 125.1 1.925632182863712
6256 125.12 1.919633228669009
6257 125.14 1.913085077950351
6258 125.16 1.906023572218084
6259 125.18 1.898464505538864
6260 125.2 1.890399462958217
6261 125.22 1.881781976925047
6262 125.24 1.872681419544992
6263 125.26 1.86307061213575
6264 125.28 1.852927189512785
6265 125.3 1.842274661173131
6266 125.32 1.831096641856171
6267 125.34 1.819340399568957
6268 125.36 1.807115827088431
6269 125.38 1.794446271834352
6270 125.4 1.781286268684174
6271 125.42 1.767535201974595
6272 125.44 1.753259981212249
6273 125.46 1.738481873008545
6274 125.48 1.723256411372826
6275 125.5 1.707564476578315
6276 125.52 1.691384840274069
6277 125.54 1.674730208634964
6278 125.56 1.657528788803529
6279 125.58 1.639884712750052
6280 125.6 1.621792013822161
6281 125.62 1.603225661107956
6282 125.64 1.584170821560036
6283 125.66 1.564617298899061
6284 125.68 1.544610752819587
6285 125.7 1.524169256436662
6286 125.72 1.503193101949648
6287 125.74 1.481804847675092
6288 125.76 1.459937444331106
6289 125.78 1.437704954111826
6290 125.8 1.415061703146442
6291 125.82 1.392019753166583
6292 125.84 1.368552286052676
6293 125.86 1.344696215869011
6294 125.88 1.320368516788449
6295 125.9 1.295682899320497
6296 125.92 1.270580358614847
6297 125.94 1.245155320738111
6298 125.96 1.219315884045931
6299 125.98 1.192966721830199
6300 126 1.166288067764513
6301 126.02 1.139282609141243
6302 126.04 1.111967245084221
6303 126.06 1.084316890994125
6304 126.08 1.05633830973675
6305 126.1 1.027979180101046
6306 126.12 0.9993340109653239
6307 126.14 0.9704563618116574
6308 126.16 0.9412964565129167
6309 126.18 0.9117765686988154
6310 126.2 0.8819456771452416
6311 126.22 0.8518501038333699
6312 126.24 0.8214136532936127
6313 126.26 0.7907816817792822
6314 126.28 0.7599339672881871
6315 126.3 0.7288856607140136
6316 126.32 0.6975329625479371
6317 126.34 0.6659404138603877
6318 126.36 0.6341536296481504
6319 126.38 0.602167674940789
6320 126.4 0.5699577366969384
6321 126.42 0.5374871248244186
6322 126.44 0.5048771105231566
6323 126.46 0.472093663590576
6324 126.48 0.4391740995390864
6325 126.5 0.4061217677999526
6326 126.52 0.3727919017033501
6327 126.54 0.3393184314855055
6328 126.56 0.3057073526709836
6329 126.58 0.2719965486278283
6330 126.6 0.2382439012348359
6331 126.62 0.2044359852715441
6332 126.64 0.170482349333669
6333 126.66 0.1363423871705579
6334 126.68 0.1021380195882352
6335 126.7 0.06797219554659702
6336 126.72 0.03380573816241621
6337 126.74 -0.000430684066242117
6338 126.76 -0.03469437382255478
6339 126.78 -0.06900373383556838
6340 126.8 -0.1032737289033445
6341 126.82 -0.1375609699748822
6342 126.84 -0.1719227631872702
6343 126.86 -0.2062615937308007
6344 126.88 -0.240581352717095
6345 126.9 -0.2748711960865813
6346 126.92 -0.3090332987425002
6347 126.94 -0.3431951276160672
6348 126.96 -0.3773487911754695
6349 126.98 -0.4114006663143748
6350 127 -0.4453368525890587
6351 127.02 -0.4790981472178269
6352 127.04 -0.512739522016137
6353 127.06 -0.5462843570040177
6354 127.08 -0.579699648467675
6355 127.1 -0.6129221432832188
6356 127.12 -0.6459071332171054
6357 127.14 -0.6787669626638515
6358 127.16 -0.7114639723323408
6359 127.18 -0.7439399876756136
6360 127.2 -0.7762156352145744
6361 127.22 -0.8082218254790802
6362 127.24 -0.8399867526141409
6363 127.26 -0.8715442939863806
6364 127.28 -0.9028482474497213
6365 127.3 -0.9339328636055897
6366 127.32 -0.9647153218706508
6367 127.34 -0.9951727388743549
6368 127.36 -1.025281607951781
6369 127.38 -1.055048727859135
6370 127.4 -1.084425839670706
6371 127.42 -1.11348808028101
6372 127.44 -1.142182041133812
6373 127.46 -1.170541243270858
6374 127.48 -1.198527038252468
6375 127.5 -1.226032398613226
6376 127.52 -1.253050763838801
6377 127.54 -1.279741789038324
6378 127.56 -1.305981894611742
6379 127.58 -1.331857247154047
6380 127.6 -1.357311077289915
6381 127.62 -1.382323524987602
6382 127.64 -1.40691416237644
6383 127.66 -1.43105508394938
6384 127.68 -1.454756021894105
6385 127.7 -1.478059269326971
6386 127.72 -1.500876953624581
6387 127.74 -1.523213708242168
6388 127.76 -1.545111564189733
6389 127.78 -1.566481398102759
6390 127.8 -1.587360954950332
6391 127.82 -1.607689714745161
6392 127.84 -1.627507579199006
6393 127.86 -1.646820715225517
6394 127.88 -1.665587857535495
6395 127.9 -1.683815510823971
6396 127.92 -1.701485333413503
6397 127.94 -1.718594880381652
6398 127.96 -1.735161597983034
6399 127.98 -1.751126844580612
6400 128 -1.766495637053738
6401 128.02 -1.781214665603304
6402 128.04 -1.795327521469089
6403 128.06 -1.808948313754466
6404 128.08 -1.822005362929718
6405 128.1 -1.834450877118845
6406 128.12 -1.846317054290789
6407 128.14 -1.857521393533885
6408 128.16 -1.868085647634625
6409 128.18 -1.878086115753498
6410 128.2 -1.887530776916517
6411 128.22 -1.896397069071533
6412 128.24 -1.904670082445036
6413 128.26 -1.91233630528282
6414 128.28 -1.919389624341387
6415 128.3 -1.925843132185252
6416 128.32 -1.931751863858918
6417 128.34 -1.93705719159732
6418 128.36 -1.94182897268429
6419 128.38 -1.946052615590491
6420 128.4 -1.949629925067897
6421 128.42 -1.952635568025767
6422 128.44 -1.955143444688604
6423 128.46 -1.957134006250443
6424 128.48 -1.958545880959691
6425 128.5 -1.959388728024559
6426 128.52 -1.95966058070452
6427 128.54 -1.959369259059582
6428 128.56 -1.958604741669359
6429 128.58 -1.957247338776116
6430 128.6 -1.955394631905338
6431 128.62 -1.953028844878501
6432 128.64 -1.950178070352572
6433 128.66 -1.946698940822045
6434 128.68 -1.942734010761595
6435 128.7 -1.93828083032994
6436 128.72 -1.933302387275544
6437 128.74 -1.927784235194393
6438 128.76 -1.921725721840409
6439 128.78 -1.915132370809201
6440 128.8 -1.908001863169713
6441 128.82 -1.900382394579159
6442 128.84 -1.892208787923502
6443 128.86 -1.883550713912462
6444 128.88 -1.874376365151764
6445 128.9 -1.864686187905634
6446 128.92 -1.854436619673487
6447 128.94 -1.843703859991359
6448 128.96 -1.832438999491664
6449 128.98 -1.82065511538157
6450 129 -1.808346462185729
6451 129.02 -1.795548355767627
6452 129.04 -1.782244115534055
6453 129.06 -1.768419562071618
6454 129.08 -1.754096204481122
6455 129.1 -1.739257997878615
6456 129.12 -1.723967180557505
6457 129.14 -1.708151219423192
6458 129.16 -1.691859868974277
6459 129.18 -1.675113519233303
6460 129.2 -1.657839195745395
6461 129.22 -1.640098403455776
6462 129.24 -1.621867126915318
6463 129.26 -1.603235337406979
6464 129.28 -1.584082203549779
6465 129.3 -1.564440339533641
6466 129.32 -1.544356503579275
6467 129.34 -1.523798169194598
6468 129.36 -1.502793251179495
6469 129.38 -1.481298120741545
6470 129.4 -1.45935090442677
6471 129.42 -1.436992303783496
6472 129.44 -1.414231691413659
6473 129.46 -1.391036163145059
6474 129.48 -1.367516405033858
6475 129.5 -1.343536805173108
6476 129.52 -1.319178169734537
6477 129.54 -1.294415730558241
6478 129.56 -1.269214898905301
6479 129.58 -1.243627900077375
6480 129.6 -1.217621994796231
6481 129.62 -1.191185050110287
6482 129.64 -1.164392021813389
6483 129.66 -1.137354690705847
6484 129.68 -1.109954732312929
6485 129.7 -1.082181050377147
6486 129.72 -1.054071200436883
6487 129.74 -1.025711415314019
6488 129.76 -0.9970306820162433
6489 129.78 -0.9679299586244051
6490 129.8 -0.9386185006826863
6491 129.82 -0.9090622214812364
6492 129.84 -0.8791911961154358
6493 129.86 -0.848952795141668
6494 129.88 -0.8183999051732372
6495 129.9 -0.787603545820308
6496 129.92 -0.7566566925675123
6497 129.94 -0.7255339797826041
6498 129.96 -0.6941762579322757
6499 129.98 -0.6626005813878322
6500 130 -0.6307229520761496
6501 130.02 -0.5986003140504335
6502 130.04 -0.5662867420314368
6503 130.06 -0.5337698212427455
6504 130.08 -0.5011019237766442
6505 130.1 -0.4683068099746607
6506 130.12 -0.4353012119229356
6507 130.14 -0.4020586640907887
6508 130.16 -0.3686747329123489
6509 130.18 -0.3351853689665946
6510 130.2 -0.301552335232566
6511 130.22 -0.2677617212417066
6512 130.24 -0.2338889832623717
6513 130.26 -0.1999440491238749
6514 130.28 -0.165936987397498
6515 130.3 -0.1318416331595045
6516 130.32 -0.09762225935436833
6517 130.34 -0.06340122019837732
6518 130.36 -0.0291105188993579
6519 130.38 0.005172780884756475
6520 130.4 0.03946736831564397
6521 130.42 0.07380990647828396
6522 130.44 0.1081349345598123
6523 130.46 0.1424414554077367
6524 130.48 0.1767981269217455
6525 130.5 0.2111486216754584
6526 130.52 0.2454781129877809
6527 130.54 0.2798435029253873
6528 130.56 0.3141040421275587
6529 130.58 0.3483591667630586
6530 130.6 0.3825087510684304
6531 130.62 0.4165451923655128
6532 130.64 0.4504425861664231
6533 130.66 0.4842116095061774
6534 130.68 0.5178309375794243
6535 130.7 0.5514058309057753
6536 130.72 0.5848393306376075
6537 130.74 0.6180630801326971
6538 130.76 0.6510766367742828
6539 130.78 0.6839252640880228
6540 130.8 0.7166034321207208
6541 130.82 0.7490617349559777
6542 130.84 0.7813131546595167
6543 130.86 0.8133434046302638
6544 130.88 0.8451165169392597
6545 130.9 0.8766665056233366
6546 130.92 0.9079705313508889
6547 130.94 0.9395556742251825
6548 130.96 0.9697633394625211
6549 130.98 1.000143965095454
6550 131 1.030204846586798
6551 131.02 1.059931256108289
6552 131.04 1.089276482786111
6553 131.06 1.118231765168598
6554 131.08 1.146855614435437
6555 131.1 1.175137755597601
6556 131.12 1.203065001089259
6557 131.14 1.230541755304164
6558 131.16 1.257624381773322
6559 131.18 1.28420652279256
6560 131.2 1.31033132802015
6561 131.22 1.336055577973835
6562 131.24 1.361394465599204
6563 131.26 1.386392222947645
6564 131.28 1.410955213860791
6565 131.3 1.435049192761115
6566 131.32 1.458706172524067
6567 131.34 1.481842737929624
6568 131.36 1.504479385787212
6569 131.38 1.526754886303543
6570 131.4 1.548562264222224
6571 131.42 1.569912629902729
6572 131.44 1.590698987986188
6573 131.46 1.610952413859258
6574 131.48 1.630641402146793
6575 131.5 1.649844482667285
6576 131.52 1.668537793699194
6577 131.54 1.686700318580153
6578 131.56 1.704281047240232
6579 131.58 1.721296264450405
6580 131.6 1.737699487415331
6581 131.62 1.753507035277598
6582 131.64 1.768717433613212
6583 131.66 1.783323642505144
6584 131.68 1.797346024476819
6585 131.7 1.810923679768706
6586 131.72 1.823898481176668
6587 131.74 1.836227376322638
6588 131.76 1.847981774211842
6589 131.78 1.859085241247781
6590 131.8 1.869555316679921
6591 131.82 1.879426299006217
6592 131.84 1.888789686578259
6593 131.86 1.897523836430424
6594 131.88 1.905694225414723
6595 131.9 1.91329065995718
6596 131.92 1.920222322370449
6597 131.94 1.926562755543861
6598 131.96 1.932334655942401
6599 131.98 1.937560007392892
6600 132 1.942244977578656
6601 132.02 1.94634403799374
6602 132.04 1.949848643168509
6603 132.06 1.95276894301931
6604 132.08 1.955185339541722
6605 132.1 1.957056599139657
6606 132.12 1.958413673116764
6607 132.14 1.959166778596213
6608 132.16 1.959347719994035
6609 132.18 1.958972083745965
6610 132.2 1.95808355915634
6611 132.22 1.956671530130758
6612 132.24 1.954744945838862
6613 132.26 1.952331216597254
6614 132.28 1.949377626017062
6615 132.3 1.945827125205684
6616 132.32 1.941824269451013
6617 132.34 1.937274171328896
6618 132.36 1.932257708978425
6619 132.38 1.926673862189686
6620 132.4 1.92056668368928
6621 132.42 1.913886047003248
6622 132.44 1.906712429925404
6623 132.46 1.899033885447934
6624 132.48 1.890848705297302
6625 132.5 1.882125267253161
6626 132.52 1.872909558871649
6627 132.54 1.863166759724979
6628 132.56 1.852916158674531
6629 132.58 1.842159652594205
6630 132.6 1.830853384966454
6631 132.62 1.81900253654394
6632 132.64 1.806646897387314
6633 132.66 1.793856700262669
6634 132.68 1.780577173897475
6635 132.7 1.766745430819454
6636 132.72 1.752349751568233
6637 132.74 1.737472565057315
6638 132.76 1.722136483402371
6639 132.78 1.706319679601617
6640 132.8 1.690048222747855
6641 132.82 1.673259420755339
6642 132.84 1.655963708092821
6643 132.86 1.638226342985574
6644 132.88 1.620011685349487
6645 132.9 1.601354700570679
6646 132.92 1.582183443695099
6647 132.94 1.562520916950096
6648 132.96 1.542427741051026
6649 132.98 1.521890801573712
6650 133 1.500819961811843
6651 133.02 1.479318723092362
6652 133.04 1.45734056113455
6653 133.06 1.435013363610352
6654 133.08 1.412283354995742
6655 133.1 1.389145879113287
6656 133.12 1.365592436290947
6657 133.14 1.341635527845631
6658 133.16 1.31721266616086
6659 133.18 1.292452833766524
6660 133.2 1.267277899495699
6661 133.22 1.241767228194504
6662 133.24 1.215837706674205
6663 133.26 1.189403609050837
6664 133.28 1.162656128979221
6665 133.3 1.135582358055824
6666 133.32 1.108168878195016
6667 133.34 1.080461508145055
6668 133.36 1.052388666985294
6669 133.38 1.023955428910267
6670 133.4 0.9952711872130272
6671 133.42 0.9663208171792311
6672 133.44 0.9371053607185907
6673 133.46 0.9074971042300195
6674 133.48 0.8776264119851502
6675 133.5 0.847472817157327
6676 133.52 0.8170316132560707
6677 133.54 0.7863431242980853
6678 133.56 0.7554110282212274
6679 133.58 0.724322086434055
6680 133.6 0.6929238681541277
6681 133.62 0.6613047848052725
6682 133.64 0.6295309553208256
6683 133.66 0.5974948132515899
6684 133.68 0.5652282559216779
6685 133.7 0.5327396321631542
6686 133.72 0.5001073008308389
6687 133.74 0.4673143504167862
6688 133.76 0.4344174453363978
6689 133.78 0.4013224789630285
6690 133.8 0.3679504723204561
6691 133.82 0.3344822945016009
6692 133.84 0.3008735356781095
6693 133.86 0.2671809574233005
6694 133.88 0.2334385242572592
6695 133.9 0.1996135085141437
6696 133.92 0.1656685621139601
6697 133.94 0.1315380411909249
6698 133.96 0.09735779797562305
6699 133.98 0.0632394853727995
6700 134 0.02907520043092762
6701 134.02 -0.005145704315254159
6702 134.04 -0.03939098720340248
6703 134.06 -0.07366355926107716
6704 134.08 -0.1078697138320651
6705 134.1 -0.1421297297051832
6706 134.12 -0.176456048148939
6707 134.14 -0.2107343383202741
6708 134.16 -0.2450147566145258
6709 134.18 -0.2792241498654882
6710 134.2 -0.3133584777501881
6711 134.22 -0.347490381530013
6712 134.24 -0.3815878501259963
6713 134.26 -0.41558375827947
6714 134.28 -0.4494362051112032
6715 134.3 -0.4831317312781581
6716 134.32 -0.5167139025007274
6717 134.34 -0.5501879018104289
6718 134.36 -0.5835163222653771
6719 134.38 -0.6166540446562105
6720 134.4 -0.6495605595878913
6721 134.42 -0.6823729847890744
6722 134.44 -0.7149811556461961
6723 134.46 -0.7473712874834241
6724 134.48 -0.77954482763193
6725 134.5 -0.8114615206807074
6726 134.52 -0.8431304178992135
6727 134.54 -0.8746011452476499
6728 134.56 -0.9058206505722681
6729 134.58 -0.9368072154355774
6730 134.6 -0.9674939142485574
6731 134.62 -0.9978307046265906
6732 134.64 -1.02782536663279
6733 134.66 -1.057482893244042
6734 134.68 -1.086748907443053
6735 134.7 -1.115687282281632
6736 134.72 -1.144286665105112
6737 134.74 -1.172530621197162
6738 134.76 -1.200409692848743
6739 134.78 -1.227785585874519
6740 134.8 -1.254711771182886
6741 134.82 -1.281268544879158
6742 134.84 -1.307403000069586
6743 134.86 -1.333191780214285
6744 134.88 -1.358549130486184
6745 134.9 -1.383432623684781
6746 134.92 -1.407916696391995
6747 134.94 -1.431932774278093
6748 134.96 -1.455539158311192
6749 134.98 -1.478742344506474
6750 135 -1.501445724051754
6751 135.02 -1.523670632989204
6752 135.04 -1.545470108632253
6753 135.06 -1.566697365319038
6754 135.08 -1.587483201820278
6755 135.1 -1.607691500650938
6756 135.12 -1.62741633430803
6757 135.14 -1.646646424980319
6758 135.16 -1.665276926532234
6759 135.18 -1.683381226101753
6760 135.2 -1.700978801367084
6761 135.22 -1.717977186302374
6762 135.24 -1.73444331208772
6763 135.26 -1.750304911584368
6764 135.28 -1.765569868619554
6765 135.3 -1.780198616384209
6766 135.32 -1.794209669833477
6767 135.34 -1.807731844160898
6768 135.36 -1.820703967851415
6769 135.38 -1.833056484426567
6770 135.4 -1.844826233976392
6771 135.42 -1.855927234242185
6772 135.44 -1.866397250902849
6773 135.46 -1.876348887350218
6774 135.48 -1.885711414855396
6775 135.5 -1.894493979098669
6776 135.52 -1.902669385582962
6777 135.54 -1.910266293730833
6778 135.56 -1.91722626885256
6779 135.58 -1.923628563587426
6780 135.6 -1.92945613526376
6781 135.62 -1.934690682761151
6782 135.64 -1.939406901645391
6783 135.66 -1.943564167481726
6784 135.68 -1.947073215938935
6785 135.7 -1.950028711838225
6786 135.72 -1.952494328057082
6787 135.74 -1.954422745228393
6788 135.76 -1.955778907335888
6789 135.78 -1.956570236583119
6790 135.8 -1.956798423221727
6791 135.82 -1.956459710802007
6792 135.84 -1.955641023505052
6793 135.86 -1.954260144696113
6794 135.88 -1.952345505707854
6795 135.9 -1.949953086778202
6796 135.92 -1.947030599881164
6797 135.94 -1.943523316780383
6798 135.96 -1.939518917957502
6799 135.98 -1.935029699268956
6800 136 -1.929985464642606
6801 136.02 -1.924446402306308
6802 136.04 -1.918362456362477
6803 136.06 -1.911727194394849
6804 136.08 -1.904572403025322
6805 136.1 -1.896927709194326
6806 136.12 -1.88873522266569
6807 136.14 -1.880040038986927
6808 136.16 -1.870841158085783
6809 136.18 -1.861111278301149
6810 136.2 -1.850842620827694
6811 136.22 -1.840099102540272
6812 136.24 -1.828803961077165
6813 136.26 -1.816999413103478
6814 136.28 -1.804684208606686
6815 136.3 -1.791850813764115
6816 136.32 -1.778535465520323
6817 136.34 -1.764675368007272
6818 136.36 -1.750346064790888
6819 136.38 -1.735512790025264
6820 136.4 -1.720176693267927
6821 136.42 -1.704346879003649
6822 136.44 -1.68807904725304
6823 136.46 -1.67135220134065
6824 136.48 -1.654062737836477
6825 136.5 -1.636296157951666
6826 136.52 -1.618072065412166
6827 136.54 -1.599432480580046
6828 136.56 -1.580272862961796
6829 136.58 -1.560633350226332
6830 136.6 -1.540545197529058
6831 136.62 -1.51996026029159
6832 136.64 -1.498969033202101
6833 136.66 -1.477470026445552
6834 136.68 -1.455537946132618
6835 136.7 -1.433188009504884
6836 136.72 -1.410434456728408
6837 136.74 -1.387238571269187
6838 136.76 -1.363730700447105
6839 136.78 -1.339760451003407
6840 136.8 -1.315406976551814
6841 136.82 -1.290663557516491
6842 136.84 -1.265466770976411
6843 136.86 -1.239895922339787
6844 136.88 -1.213878340799804
6845 136.9 -1.187432492509753
6846 136.92 -1.160659331543858
6847 136.94 -1.13364692142692
6848 136.96 -1.106244061298789
6849 136.98 -1.078483252137597
6850 137 -1.050418741039876
6851 137.02 -1.022084335794474
6852 137.04 -0.993379405581336
6853 137.06 -0.9643146173823363
6854 137.08 -0.9350394801649433
6855 137.1 -0.905477085075469
6856 137.12 -0.8756155652412404
6857 137.14 -0.8453617191445647
6858 137.16 -0.8148145239241017
6859 137.18 -0.7840355341357619
6860 137.2 -0.7531629953724007
6861 137.22 -0.7220274179823347
6862 137.24 -0.6906803938364928
6863 137.26 -0.6590938023135581
6864 137.28 -0.6272317810181186
6865 137.3 -0.595124694751371
6866 137.32 -0.5628522396008382
6867 137.34 -0.5303486725513183
6868 137.36 -0.4976797138911083
6869 137.38 -0.4649041952018859
6870 137.4 -0.4318845580376056
6871 137.42 -0.3986701305569709
6872 137.44 -0.3652738612252069
6873 137.46 -0.3318183182378047
6874 137.48 -0.2981959459152738
6875 137.5 -0.2644185006644644
6876 137.52 -0.2305321133507542
6877 137.54 -0.1966053571729325
6878 137.56 -0.1626006995904221
6879 137.58 -0.1284935789042921
6880 137.6 -0.09429076445772706
6881 137.62 -0.06009597125399223
6882 137.64 -0.02582502642775666
6883 137.66 0.008470471182067618
6884 137.68 0.04278547216664828
6885 137.7 0.07712024755344098
6886 137.72 0.1114643079158825
6887 137.74 0.1457977042482064
6888 137.76 0.1801397186444524
6889 137.78 0.2145096880093966
6890 137.8 0.2488466565423051
6891 137.82 0.2832103745495011
6892 137.84 0.3174472141171141
6893 137.86 0.3517190226064514
6894 137.88 0.385894950758319
6895 137.9 0.4199327778819895
6896 137.92 0.4538405573815165
6897 137.94 0.4876126945395122
6898 137.96 0.5212780693009775
6899 137.98 0.5548530980505145
6900 138 0.5883003508736443
6901 138.02 0.6215238381514336
6902 138.04 0.6545658218509387
6903 138.06 0.6874197364360357
6904 138.08 0.7200961954665055
6905 138.1 0.7525845454149193
6906 138.12 0.7848320015605709
6907 138.14 0.8168989403414567
6908 138.16 0.8487033879610919
6909 138.18 0.8802430405723339
6910 138.2 0.9115455421035418
6911 138.22 0.9426044404452918
6912 138.24 0.973344708805882
6913 138.26 1.003761242886442
6914 138.28 1.033836881104331
6915 138.3 1.063587422196862
6916 138.32 1.092973223572295
6917 138.34 1.121935561599473
6918 138.36 1.150575034528249
6919 138.38 1.178890443492644
6920 138.4 1.206829861471518
6921 138.42 1.234318907849244
6922 138.44 1.261387481680962
6923 138.46 1.288580405317746
6924 138.48 1.314113344564518
6925 138.5 1.339844369237473
6926 138.52 1.36523933574996
6927 138.54 1.390254126511834
6928 138.56 1.41480050619301
6929 138.58 1.438886430078943
6930 138.6 1.462545589744535
6931 138.62 1.485665970121052
6932 138.64 1.508328530341865
6933 138.66 1.530636901483639
6934 138.68 1.552436292271868
6935 138.7 1.573782957161971
6936 138.72 1.59454954006728
6937 138.74 1.614770282284363
6938 138.76 1.634447794628814
6939 138.78 1.653658342224341
6940 138.8 1.672324491760929
6941 138.82 1.690486253065446
6942 138.84 1.708043159755247
6943 138.86 1.725014805091494
6944 138.88 1.741377588669882
6945 138.9 1.757175526836184
6946 138.92 1.772345771937349
6947 138.94 1.78690385768162
6948 138.96 1.800937979571402
6949 138.98 1.814479385015009
6950 139 1.827396959965005
6951 139.02 1.839690829922246
6952 139.04 1.851436299438518
6953 139.06 1.862477545263785
6954 139.08 1.872896267197301
6955 139.1 1.882711741229724
6956 139.12 1.892026157081822
6957 139.14 1.900712016551062
6958 139.16 1.908840442579588
6959 139.18 1.91635099749292
6960 139.2 1.923294734573021
6961 139.22 1.929580202368629
6962 139.24 1.935307883465168
6963 139.26 1.940460125020529
6964 139.28 1.945075122405264
6965 139.3 1.949139660123265
6966 139.32 1.952564533747187
6967 139.34 1.955427799693854
6968 139.36 1.9577826386651
6969 139.38 1.959617461743103
6970 139.4 1.96088496590824
6971 139.42 1.961589809210829
6972 139.44 1.961696373387596
6973 139.46 1.961253881209924
6974 139.48 1.960291023663172
6975 139.5 1.95880986926892
6976 139.52 1.956792013750453
6977 139.54 1.954357496354995
6978 139.56 1.951274980391403
6979 139.58 1.947692605134102
6980 139.6 1.943592198281077
6981 139.62 1.938974465147424
6982 139.64 1.933865250620072
6983 139.66 1.928170783347409
6984 139.68 1.921988244969489
6985 139.7 1.915202914298409
6986 139.72 1.907929930467615
6987 139.74 1.900169687678167
6988 139.76 1.891872400311844
6989 139.78 1.883053164312584
6990 139.8 1.873732427313538
6991 139.82 1.863883745497884
6992 139.84 1.853535684703021
6993 139.86 1.842663174384603
6994 139.88 1.831226722709429
6995 139.9 1.819288585195711
6996 139.92 1.806820994875207
6997 139.94 1.793913279124148
6998 139.96 1.780524854723908
6999 139.98 1.766556815959374
7000 140 1.752043719335336
7001 140.02 1.73706789219545
7002 140.04 1.721591399211954
7003 140.06 1.705642733714142
7004 140.08 1.689261475283176
7005 140.1 1.6723273036761
7006 140.12 1.654918025443169
7007 140.14 1.63704726374664
7008 140.16 1.618693858642061
7009 140.18 1.599922550123769
7010 140.2 1.580614403460524
7011 140.22 1.560824414880053
7012 140.24 1.540603707448475
7013 140.26 1.519936591709224
7014 140.28 1.4987300105484
7015 140.3 1.477100155899139
7016 140.32 1.454998474976029
7017 140.34 1.432543877848975
7018 140.36 1.409690914432518
7019 140.38 1.386427789610202
7020 140.4 1.362737472599061
7021 140.42 1.338636606944734
7022 140.44 1.314091666817778
7023 140.46 1.289195000660132
7024 140.48 1.263907362304959
7025 140.5 1.238283604556654
7026 140.52 1.212196277482161
7027 140.54 1.185623809914072
7028 140.56 1.158755680897235
7029 140.58 1.131557780367738
7030 140.6 1.104043841807162
7031 140.62 1.07620135339784
7032 140.64 1.047990334002391
7033 140.66 1.01944528204179
7034 140.68 0.9906685380706078
7035 140.7 0.9616026176837579
7036 140.72 0.93223161297166
7037 140.74 0.9025141591855834
7038 140.76 0.8725401938983691
7039 140.78 0.8422745617097447
7040 140.8 0.8117667540110367
7041 140.82 0.7809412644551444
7042 140.84 0.7499135152964015
7043 140.86 0.7186822918220976
7044 140.88 0.6871828371582617
7045 140.9 0.6554809189641768
7046 140.92 0.6236178210551581
7047 140.94 0.5914704399274394
7048 140.96 0.5590831245733057
7049 140.98 0.5264918343485041
7050 141 0.4937838385210384
7051 141.02 0.4609156838410354
7052 141.04 0.427921233387944
7053 141.06 0.3947020301441875
7054 141.08 0.3612700640540924
7055 141.1 0.3277165352548993
7056 141.12 0.2940478959465714
7057 141.14 0.2603075806354926
7058 141.16 0.2264891326159599
7059 141.18 0.1925789562092962
7060 141.2 0.1585557515658724
7061 141.22 0.1243526281620513
7062 141.24 0.09014867265891939
7063 141.26 0.0559890300573718
7064 141.28 0.02175016880486308
7065 141.3 -0.01250528332778259
7066 141.32 -0.0467998702869722
7067 141.34 -0.08109385419978202
7068 141.36 -0.1153211668689539
7069 141.38 -0.1496497354012532
7070 141.4 -0.1839979690170074
7071 141.42 -0.2182953579534141
7072 141.44 -0.2525930360887865
7073 141.46 -0.2867782966477331
7074 141.48 -0.3209566143549161
7075 141.5 -0.3551293320847482
7076 141.52 -0.3892294422978974
7077 141.54 -0.4232220509072607
7078 141.56 -0.4570352235369541
7079 141.58 -0.4907300817961243
7080 141.6 -0.5242969422216462
7081 141.62 -0.5577628981735742
7082 141.64 -0.5910618852076629
7083 141.66 -0.6241664498084014
7084 141.68 -0.6570544542050689
7085 141.7 -0.6898377151827217
7086 141.72 -0.7224156986882831
7087 141.74 -0.7547463290655686
7088 141.76 -0.7868597571959479
7089 141.78 -0.8187569529164488
7090 141.8 -0.8503674257942746
7091 141.82 -0.8817841555751659
7092 141.84 -0.9129658331157733
7093 141.86 -0.9438986111381956
7094 141.88 -0.9745116771433113
7095 141.9 -1.004745021060118
7096 141.92 -1.03468122506884
7097 141.94 -1.064214195469982
7098 141.96 -1.093399664074009
7099 141.98 -1.122257985220234
7100 142 -1.150714621481882
7101 142.02 -1.178891067755983
7102 142.04 -1.20663951972466
7103 142.06 -1.233914898810196
7104 142.08 -1.260750572902867
7105 142.1 -1.287181214054649
7106 142.12 -1.313215073018025
7107 142.14 -1.338861665791312
7108 142.16 -1.364133648729421
7109 142.18 -1.388879252498335
7110 142.2 -1.413272203507546
7111 142.22 -1.437184533807477
7112 142.24 -1.460696884922648
7113 142.26 -1.483757126468102
7114 142.28 -1.506340413657046
7115 142.3 -1.528447748782132
7116 142.32 -1.550070378166379
7117 142.34 -1.571183589539363
7118 142.36 -1.591825761077662
7119 142.38 -1.61193160510168
7120 142.4 -1.631532882518161
7121 142.42 -1.650609902089912
7122 142.44 -1.669106743619488
7123 142.46 -1.687086656359328
7124 142.48 -1.704536714501233
7125 142.5 -1.721405879626774
7126 142.52 -1.73771510155087
7127 142.54 -1.753428571798424
7128 142.56 -1.768493833422615
7129 142.58 -1.782999243292319
7130 142.6 -1.796871426259506
7131 142.62 -1.810280777308156
7132 142.64 -1.823086645585752
7133 142.66 -1.835308752993185
7134 142.68 -1.84690425095983
7135 142.7 -1.857858978413462
7136 142.72 -1.868204953159768
7137 142.74 -1.878007714746226
7138 142.76 -1.887221771577247
7139 142.78 -1.895854927969143
7140 142.8 -1.903898553221637
7141 142.82 -1.91135835736273
7142 142.84 -1.918163079605143
7143 142.86 -1.924427920458488
7144 142.88 -1.930113094271658
7145 142.9 -1.935227857643221
7146 142.92 -1.939819117782462
7147 142.94 -1.943834415865701
7148 142.96 -1.947215929735515
7149 142.98 -1.950034269882702
7150 143 -1.952367639412948
7151 143.02 -1.954171762616405
7152 143.04 -1.955440181837237
7153 143.06 -1.956091735475604
7154 143.08 -1.956207056215863
7155 143.1 -1.955777702407198
7156 143.12 -1.954851794273779
7157 143.14 -1.953386484904648
7158 143.16 -1.951359281840881
7159 143.18 -1.948834983675084
7160 143.2 -1.945832381698234
7161 143.22 -1.942217341680824
7162 143.24 -1.938127162462862
7163 143.26 -1.933554072116519
7164 143.28 -1.928429969169691
7165 143.3 -1.922804457917724
7166 143.32 -1.91661911477911
7167 143.34 -1.909916402492094
7168 143.36 -1.902669358404121
7169 143.38 -1.894947351031912
7170 143.4 -1.886694527069985
7171 143.42 -1.877911175880281
7172 143.44 -1.86866254391676
7173 143.46 -1.858846330364362
7174 143.48 -1.848523597555774
7175 143.5 -1.837724125090899
7176 143.52 -1.826361192049956
7177 143.54 -1.814483957490257
7178 143.56 -1.802112118253113
7179 143.58 -1.789227351190676
7180 143.6 -1.775870259387991
7181 143.62 -1.761951275600786
7182 143.64 -1.747584106800866
7183 143.66 -1.732685042501252
7184 143.68 -1.71731538893618
7185 143.7 -1.701443126347533
7186 143.72 -1.685137071601449
7187 143.74 -1.668358549996039
7188 143.76 -1.651041659151465
7189 143.78 -1.633241339509188
7190 143.8 -1.614981811995808
7191 143.82 -1.596319080722326
7192 143.84 -1.577111444044466
7193 143.86 -1.557461882824322
7194 143.88 -1.537347840881236
7195 143.9 -1.516746031502365
7196 143.92 -1.495722774019179
7197 143.94 -1.47419007268016
7198 143.96 -1.452230553145426
7199 143.98 -1.429860742874233
7200 144 -1.407089784140285
7201 144.02 -1.383885894940439
7202 144.04 -1.360366740458719
7203 144.06 -1.336396494126768
7204 144.08 -1.312026665668489
7205 144.1 -1.287265981314391
7206 144.12 -1.262079958978148
7207 144.14 -1.236517961276015
7208 144.16 -1.210487771153327
7209 144.18 -1.184039617759057
7210 144.2 -1.157288882992881
7211 144.22 -1.130260594035525
7212 144.24 -1.102859003372208
7213 144.26 -1.075117345590712
7214 144.28 -1.047081618170728
7215 144.3 -1.018746627096529
7216 144.32 -0.9900467280514229
7217 144.34 -0.9610125902678972
7218 144.36 -0.9317428208997186
7219 144.38 -0.9022216470468947
7220 144.4 -0.8723622212664457
7221 144.42 -0.8421243138146902
7222 144.44 -0.8116206009688173
7223 144.46 -0.7808654225619388
7224 144.48 -0.7500301290536988
7225 144.5 -0.7189286208693875
7226 144.52 -0.6876071462426401
7227 144.54 -0.656059336436651
7228 144.56 -0.6242391001557112
7229 144.58 -0.5921695908301779
7230 144.6 -0.5599414785900151
7231 144.62 -0.5274803453213887
7232 144.64 -0.4948807317909816
7233 144.66 -0.4621238580518777
7234 144.68 -0.4291528993768891
7235 144.7 -0.3959823997672078
7236 144.72 -0.3626389998933323
7237 144.74 -0.3292408164653879
7238 144.76 -0.2956541999410388
7239 144.78 -0.2619399895253536
7240 144.8 -0.2281183109473112
7241 144.82 -0.194239003999101
7242 144.84 -0.1602851129000959
7243 144.86 -0.1262186300422276
7244 144.88 -0.09209775415118643
7245 144.9 -0.05796179960691004
7246 144.92 -0.02374063216514954
7247 144.94 0.01050238089451905
7248 144.96 0.04476020320084641
7249 144.98 0.07902040448768174
7250 145 0.1133014357926861
7251 145.02 0.1475954707779367
7252 145.04 0.1818928813055098
7253 145.06 0.2161788205378864
7254 145.08 0.2504816412279597
7255 145.1 0.2847598308478293
7256 145.12 0.3189420024795165
7257 145.14 0.3531463733800939
7258 145.16 0.3872691172962174
7259 145.18 0.4212533466741727
7260 145.2 0.4551080630673042
7261 145.22 0.488815934939658
7262 145.24 0.5224198002350284
7263 145.26 0.5559424892419423
7264 145.28 0.5893482438706329
7265 145.3 0.6224952371450393
7266 145.32 0.6554761598740318
7267 145.34 0.6882691994112359
7268 145.36 0.7208903545714314
7269 145.38 0.7533302133333003
7270 145.4 0.7855118169505751
7271 145.42 0.8175320150393099
7272 145.44 0.8492670641818503
7273 145.46 0.8807513381267935
7274 145.48 0.9120021667300254
7275 145.5 0.9430067320911338
7276 145.52 0.973660309211229
7277 145.54 1.004033745979058
7278 145.56 1.034074485578232
7279 145.58 1.063768206711327
7280 145.6 1.093086108318629
7281 145.62 1.122017335906667
7282 145.64 1.150617170998892
7283 145.66 1.178873745277436
7284 145.68 1.206770104467973
7285 145.7 1.234198361788618
7286 145.72 1.261225938170438
7287 145.74 1.287775555617568
7288 145.76 1.313890329904996
7289 145.78 1.339552423664705
7290 145.8 1.364925662628619
7291 145.82 1.389879252405761
7292 145.84 1.414405503289776
7293 145.86 1.438457496081692
7294 145.88 1.462050282096773
7295 145.9 1.485135782540762
7296 145.92 1.507766512556349
7297 145.94 1.530048006230193
7298 145.96 1.551807374394906
7299 145.98 1.573104017565705
7300 146 1.593846263118885
7301 146.02 1.614024476890998
7302 146.04 1.63365738472797
7303 146.06 1.652826194772054
7304 146.08 1.671449831389439
7305 146.1 1.689584075223263
7306 146.12 1.707108067745774
7307 146.14 1.724054724138461
7308 146.16 1.740389204715519
7309 146.18 1.756146943185118
7310 146.2 1.771314371250181
7311 146.22 1.785842875470674
7312 146.24 1.79984849899794
7313 146.26 1.81334730305003
7314 146.28 1.826257274471147
7315 146.3 1.838543792582953
7316 146.32 1.850251499714158
7317 146.34 1.861282216218457
7318 146.36 1.871668443994125
7319 146.38 1.881492703694843
7320 146.4 1.890755804413085
7321 146.42 1.899431734532449
7322 146.44 1.907552436786083
7323 146.46 1.915053055751448
7324 146.48 1.921965409692269
7325 146.5 1.928231414439316
7326 146.52 1.933969610324139
7327 146.54 1.939081644367571
7328 146.56 1.943698744957996
7329 146.58 1.947726019185413
7330 146.6 1.951154248776813
7331 146.62 1.95400420614424
7332 146.64 1.956370563495331
7333 146.66 1.958186110228653
7334 146.68 1.959422028464139
7335 146.7 1.960108955290441
7336 146.72 1.960177950024912
7337 146.74 1.959713623633926
7338 146.76 1.958732554072362
7339 146.78 1.957236518107853
7340 146.8 1.955204799660261
7341 146.82 1.952734283498948
7342 146.84 1.949635717065757
7343 146.86 1.946030588205644
7344 146.88 1.941901505067034
7345 146.9 1.937251500229136
7346 146.92 1.93210864683835
7347 146.94 1.926388019919072
7348 146.96 1.920175643429673
7349 146.98 1.913360570855036
7350 147 1.906060045085552
7351 147.02 1.898247650857099
7352 147.04 1.889936282476246
7353 147.06 1.881083078843352
7354 147.08 1.871726334749859
7355 147.1 1.861841030943512
7356 147.12 1.851455031942669
7357 147.14 1.840537673784289
7358 147.16 1.829057350530272
7359 147.18 1.817066753782655
7360 147.2 1.804588445478681
7361 147.22 1.791658175442024
7362 147.24 1.778203386483815
7363 147.26 1.764157287893125
7364 147.28 1.749596036121035
7365 147.3 1.734588737594612
7366 147.32 1.719089704462601
7367 147.34 1.703091092831393
7368 147.36 1.686657003778928
7369 147.38 1.669682844129664
7370 147.4 1.65222787804681
7371 147.42 1.634320063034983
7372 147.44 1.615942578518577
7373 147.46 1.597098565882956
7374 147.48 1.577726195245479
7375 147.5 1.557884451766712
7376 147.52 1.537634433740358
7377 147.54 1.516871009693329
7378 147.56 1.495621172806544
7379 147.58 1.473952871935865
7380 147.6 1.451823672934063
7381 147.62 1.429336452430993
7382 147.64 1.406423796459517
7383 147.66 1.383118168500957
7384 147.68 1.359378289382026
7385 147.7 1.335224326601707
7386 147.72 1.310620537476827
7387 147.74 1.285669950178708
7388 147.76 1.260325643079715
7389 147.78 1.234646203290546
7390 147.8 1.208485171888168
7391 147.82 1.181857778741987
7392 147.84 1.154940186431712
7393 147.86 1.127692258264961
7394 147.88 1.10014229683775
7395 147.9 1.072243389091244
7396 147.92 1.043980512004664
7397 147.94 1.015389492969261
7398 147.96 0.9865596546728818
7399 147.98 0.9574325830860941
7400 148 0.9280104191987044
7401 148.02 0.8982378637961967
7402 148.04 0.8682164170503152
7403 148.06 0.8378596162624928
7404 148.08 0.80727403788107
7405 148.1 0.7763651079657065
7406 148.12 0.7453765062366378
7407 148.14 0.7140668693439067
7408 148.16 0.6824916629755138
7409 148.18 0.6507206902345419
7410 148.2 0.6187910931969099
7411 148.22 0.586562867911858
7412 148.24 0.5541293975603186
7413 148.26 0.5214803636707458
7414 148.28 0.4887038525207097
7415 148.3 0.4557635990670723
7416 148.32 0.4227019938660319
7417 148.34 0.3894150945966061
7418 148.36 0.3559240008769269
7419 148.38 0.3222999119725328
7420 148.4 0.288557941511648
7421 148.42 0.2547806066004738
7422 148.44 0.220899843394308
7423 148.46 0.1869258185406994
7424 148.48 0.1528252820986159
7425 148.5 0.1185547690956205
7426 148.52 0.08429751149796089
7427 148.54 0.05008262956980689
7428 148.56 0.01579551414962243
7429 148.58 -0.01852182519458329
7430 148.6 -0.05288676273550031
7431 148.62 -0.08723998239066955
7432 148.64 -0.1215429293437115
7433 148.66 -0.1559376821392285
7434 148.68 -0.1903577263999967
7435 148.7 -0.2247165252628119
7436 148.72 -0.2590745880818726
7437 148.74 -0.2933131087874713
7438 148.76 -0.3275524617275042
7439 148.78 -0.3617762620060271
7440 148.8 -0.395919495345534
7441 148.82 -0.4299599641357816
7442 148.84 -0.4638114836408057
7443 148.86 -0.4975658105096477
7444 148.88 -0.5311752697097812
7445 148.9 -0.5646826335468655
7446 148.92 -0.5980247310957744
7447 148.94 -0.6311617642718104
7448 148.96 -0.6640945153631387
7449 148.98 -0.6969148258142595
7450 149 -0.7295120119008716
7451 149.02 -0.7618615023362987
7452 149.04 -0.7940278160335342
7453 149.06 -0.8259464152396062
7454 149.08 -0.8575887195179192
7455 149.1 -0.8890407641528577
7456 149.12 -0.9202501485257034
7457 149.14 -0.9512000895217365
7458 149.16 -0.9818179681582173
7459 149.18 -1.012063768486142
7460 149.2 -1.041997455610244
7461 149.22 -1.071539998153039
7462 149.24 -1.100739197231922
7463 149.26 -1.129603057532234
7464 149.28 -1.15805986362202
7465 149.3 -1.186225437374203
7466 149.32 -1.21398517483263
7467 149.34 -1.241208676959023
7468 149.36 -1.268023161886505
7469 149.38 -1.294443772272256
7470 149.4 -1.320470108308059
7471 149.42 -1.346096976462932
7472 149.44 -1.371329694514848
7473 149.46 -1.396065670284658
7474 149.48 -1.420434790073021
7475 149.5 -1.444299140972429
7476 149.52 -1.467804888272119
7477 149.54 -1.490817054046033
7478 149.56 -1.513356651254701
7479 149.58 -1.535434848188982
7480 149.6 -1.557010035579159
7481 149.62 -1.578093887052768
7482 149.64 -1.598674728159855
7483 149.66 -1.61872736930783
7484 149.68 -1.638266773442838
7485 149.7 -1.65728654805894
7486 149.72 -1.675717525329061
7487 149.74 -1.693635999173593
7488 149.76 -1.71101586122845
7489 149.78 -1.727804730728524
7490 149.8 -1.744027196615987
7491 149.82 -1.75964431030348
7492 149.84 -1.774628746685893
7493 149.86 -1.789013813892216
7494 149.88 -1.80282178105122
7495 149.9 -1.816149179478561
7496 149.92 -1.82885474290908
7497 149.94 -1.840968285054631
7498 149.96 -1.852468567061724
7499 149.98 -1.86330653123518
7500 150 -1.873538215717875
7501 150.02 -1.883233104518579
7502 150.04 -1.892337326748239
7503 150.06 -1.900886760094917
7504 150.08 -1.908803533982999
7505 150.1 -1.916140839773281
7506 150.12 -1.922823219119414
7507 150.14 -1.928999101011707
7508 150.16 -1.934532452513732
7509 150.18 -1.939572446803136
7510 150.2 -1.944032224584693
7511 150.22 -1.947914365844496
7512 150.24 -1.951190029754987
7513 150.26 -1.953888004763737
7514 150.28 -1.956089360073923
7515 150.3 -1.95776753302287
7516 150.32 -1.958896630050476
7517 150.34 -1.959430631893756
7518 150.36 -1.95942627910302
7519 150.38 -1.958876593338393
7520 150.4 -1.957841154403424
7521 150.42 -1.956240232047159
7522 150.44 -1.954094624283953
7523 150.46 -1.951486099704965
7524 150.48 -1.94831465285793
7525 150.5 -1.944591078660885
7526 150.52 -1.940403030239076
7527 150.54 -1.935702080892245
7528 150.56 -1.930466235159841
7529 150.58 -1.924718206123271
7530 150.6 -1.918392111154146
7531 150.62 -1.91155875016755
7532 150.64 -1.904201772644616
7533 150.66 -1.896332863606745
7534 150.68 -1.887957890861695
7535 150.7 -1.879068787090449
7536 150.72 -1.869695777108825
7537 150.74 -1.859751778052778
7538 150.76 -1.849318329526772
7539 150.78 -1.838378262202288
7540 150.8 -1.826899373334866
7541 150.82 -1.814898317670158
7542 150.84 -1.802401034021141
7543 150.86 -1.789388980125033
7544 150.88 -1.775911114170383
7545 150.9 -1.761884705841928
7546 150.92 -1.747378224654492
7547 150.94 -1.732349776978253
7548 150.96 -1.716889707719398
7549 150.98 -1.70089999579297
7550 151 -1.684442429974572
7551 151.02 -1.667509854688089
7552 151.04 -1.650073451887934
7553 151.06 -1.632143413838502
7554 151.08 -1.613780675954267
7555 151.1 -1.594995481996607
7556 151.12 -1.575661575221823
7557 151.14 -1.555900879142263
7558 151.16 -1.535674917856791
7559 151.18 -1.514972894176355
7560 151.2 -1.49381819052893
7561 151.22 -1.472146908749483
7562 151.24 -1.450070334136585
7563 151.26 -1.427577242718465
7564 151.28 -1.404680871720248
7565 151.3 -1.38138472209425
7566 151.32 -1.357768035072223
7567 151.34 -1.3336823395794
7568 151.36 -1.309218289864621
7569 151.38 -1.284317643352325
7570 151.4 -1.259021117635258
7571 151.42 -1.233342282556166
7572 151.44 -1.207220427695432
7573 151.46 -1.180667810664596
7574 151.48 -1.15384276974773
7575 151.5 -1.126731777806849
7576 151.52 -1.099230437688173
7577 151.54 -1.071382091303055
7578 151.56 -1.043238348913653
7579 151.58 -1.014805540384065
7580 151.6 -0.9860120287718698
7581 151.62 -0.9568951603234527
7582 151.64 -0.9275517504915904
7583 151.66 -0.8979460879372488
7584 151.68 -0.8680033114638209
7585 151.7 -0.837703671196466
7586 151.72 -0.8071567930508941
7587 151.74 -0.7763110779713497
7588 151.76 -0.7453911568758099
7589 151.78 -0.7142362070244106
7590 151.8 -0.6828931111933516
7591 151.82 -0.6512847573068596
7592 151.84 -0.6193989797441048
7593 151.86 -0.5872839505827618
7594 151.88 -0.555003043953048
7595 151.9 -0.5224792348390752
7596 151.92 -0.4898608050745353
7597 151.94 -0.4570888756258387
7598 151.96 -0.4240543569528069
7599 151.98 -0.3908430868904867
7600 152 -0.3574996755774693
7601 152.02 -0.3240728326809884
7602 152.04 -0.2904550087053954
7603 152.06 -0.2567123842001092
7604 152.08 -0.2228864889249176
7605 152.1 -0.1890194972414206
7606 152.12 -0.1550628371181018
7607 152.14 -0.1210002458095974
7608 152.16 -0.08686859451934256
7609 152.18 -0.05273258427618831
7610 152.2 -0.0185181544710765
7611 152.22 0.01570185988125094
7612 152.24 0.04993485814588085
7613 152.26 0.0841688086540149
7614 152.28 0.1183758499026412
7615 152.3 0.1526420341497318
7616 152.32 0.1869086064490617
7617 152.34 0.2211572234908916
7618 152.36 0.2554326396304262
7619 152.38 0.2896645172215657
7620 152.4 0.323829883720297
7621 152.42 0.3579987384276865
7622 152.44 0.3920418046059912
7623 152.46 0.4259440947033346
7624 152.48 0.4597200241424543
7625 152.5 0.4933706078116017
7626 152.52 0.526906473197273
7627 152.54 0.5603725297846752
7628 152.56 0.5936683492300421
7629 152.58 0.6267327667239015
7630 152.6 0.6596437702024017
7631 152.62 0.6923474120971767
7632 152.64 0.7249055938713846
7633 152.66 0.7572327168473771
7634 152.68 0.7893246876279839
7635 152.7 0.8212294978815744
7636 152.72 0.8528702141742585
7637 152.74 0.8842692416371924
7638 152.76 0.9154192217093411
7639 152.78 0.9463307071449449
7640 152.8 0.9768670921988543
7641 152.82 1.007126876273698
7642 152.84 1.037028020943282
7643 152.86 1.066597186971923
7644 152.88 1.095773546109061
7645 152.9 1.124584989375868
7646 152.92 1.15303117695309
7647 152.94 1.181170753790006
7648 152.96 1.208931518029905
7649 152.98 1.236252795630698
7650 153 1.263166901470442
7651 153.02 1.289558012109373
7652 153.04 1.315554584526481
7653 153.06 1.341098961824868
7654 153.08 1.366328041361042
7655 153.1 1.39116126553688
7656 153.12 1.41556151842202
7657 153.14 1.439498824768595
7658 153.16 1.46295605950645
7659 153.18 1.485910097398782
7660 153.2 1.50842146132841
7661 153.22 1.530572321010567
7662 153.24 1.552196343469592
7663 153.26 1.573364189315096
7664 153.28 1.593997067434515
7665 153.3 1.614027080264597
7666 153.32 1.633582096361909
7667 153.34 1.652588892525867
7668 153.36 1.671083196467632
7669 153.38 1.689119608846178
7670 153.4 1.706500347115627
7671 153.42 1.723348342010323
7672 153.44 1.739534740563718
7673 153.46 1.75519568810287
7674 153.48 1.770205567627393
7675 153.5 1.784645125887052
7676 153.52 1.798520127610044
7677 153.54 1.811943269926122
7678 153.56 1.824720499310002
7679 153.58 1.836902679799192
7680 153.6 1.848470346058367
7681 153.62 1.859398494631914
7682 153.64 1.869659208789281
7683 153.66 1.879424677630233
7684 153.68 1.888573774919045
7685 153.7 1.897179689606297
7686 153.72 1.905210493890799
7687 153.74 1.912643333377409
7688 153.76 1.919401684913059
7689 153.78 1.925593931177613
7690 153.8 1.931215956404222
7691 153.82 1.936299050334274
7692 153.84 1.940842264832827
7693 153.86 1.944803968251516
7694 153.88 1.948145975017161
7695 153.9 1.950942024761253
7696 153.92 1.953254282847697
7697 153.94 1.95498881584938
7698 153.96 1.956183535069254
7699 153.98 1.956788095614701
7700 154 1.956792785068558
7701 154.02 1.956308877178375
7702 154.04 1.955277353855407
7703 154.06 1.953741323902047
7704 154.08 1.951666095434093
7705 154.1 1.949135515233945
7706 154.12 1.946003938758598
7707 154.14 1.942336618030783
7708 154.16 1.938161632473948
7709 154.18 1.933479726409331
7710 154.2 1.928305631624032
7711 154.22 1.922573589839551
7712 154.24 1.916321043749478
7713 154.26 1.909472857610151
7714 154.28 1.9021612103818
7715 154.3 1.894322187437189
7716 154.32 1.885990208229344
7717 154.34 1.877123182594746
7718 154.36 1.867752503112413
7719 154.38 1.857857303704715
7720 154.4 1.847451182577112
7721 154.42 1.83653289545631
7722 154.44 1.825014578864567
7723 154.46 1.813022996348782
7724 154.48 1.800551886290338
7725 154.5 1.787620374707584
7726 154.52 1.774141094493694
7727 154.54 1.760098897529208
7728 154.56 1.745546082069523
7729 154.58 1.73053959866707
7730 154.6 1.715051639838748
7731 154.62 1.699083502766895
7732 154.64 1.682658782636193
7733 154.66 1.665670059137662
7734 154.68 1.648242378258572
7735 154.7 1.630351971961603
7736 154.72 1.611984040342444
7737 154.74 1.593151601426073
7738 154.76 1.573808035875023
7739 154.78 1.553986546308096
7740 154.8 1.533754469363917
7741 154.82 1.512977276954129
7742 154.84 1.491774405766246
7743 154.86 1.470110402639624
7744 154.88 1.448014199872351
7745 154.9 1.425574338075129
7746 154.92 1.402686331678912
7747 154.94 1.379400942544997
7748 154.96 1.355708043657754
7749 154.98 1.331581404744762
7750 155 1.307008513587708
7751 155.02 1.282108366615052
7752 155.04 1.256782570371387
7753 155.06 1.231123556500682
7754 155.08 1.204976307596647
7755 155.1 1.178403772038384
7756 155.12 1.151537841898423
7757 155.14 1.124335347273917
7758 155.16 1.09679566791056
7759 155.18 1.068964265376374
7760 155.2 1.04075132176665
7761 155.22 1.012203712679897
7762 155.24 0.9833954688645675
7763 155.26 0.9543252532818238
7764 155.28 0.9249645708570304
7765 155.3 0.8952292875799706
7766 155.32 0.8652221915535814
7767 155.34 0.8348936068844672
7768 155.36 0.8043083376256314
7769 155.38 0.7734921494627699
7770 155.4 0.7425835590463158
7771 155.42 0.7113179488546303
7772 155.44 0.6797756087301448
7773 155.46 0.648025692324288
7774 155.48 0.6161138058557938
7775 155.5 0.583947117548367
7776 155.52 0.5515719548854126
7777 155.54 0.518966388119159
7778 155.56 0.486212367473568
7779 155.58 0.4533007919872614
7780 155.6 0.4202919423192111
7781 155.62 0.3870519214669148
7782 155.64 0.3535665928636563
7783 155.66 0.3199883369524761
7784 155.68 0.2862804666385705
7785 155.7 0.2525087457632112
7786 155.72 0.2186975992958932
7787 155.74 0.1847522994455645
7788 155.76 0.1506562691215191
7789 155.78 0.116429454946286
7790 155.8 0.08218429530934536
7791 155.82 0.04799283798325273
7792 155.84 0.01374504546750169
7793 155.86 -0.02054050629964598
7794 155.88 -0.0548911512920525
7795 155.9 -0.08922052193123632
7796 155.92 -0.1235471774679573
7797 155.94 -0.1579193382215584
7798 155.96 -0.1923157611342258
7799 155.98 -0.2266833777169549
7800 156 -0.261040817796577
7801 156.02 -0.2952996708860547
7802 156.04 -0.329506372198983
7803 156.06 -0.3637035689512032
7804 156.08 -0.3978539683348218
7805 156.1 -0.4318915793052899
7806 156.12 -0.4657465581863546
7807 156.14 -0.4994994102697553
7808 156.16 -0.5331172631561915
7809 156.18 -0.566637220616274
7810 156.2 -0.5999876183269177
7811 156.22 -0.6331178613421832
7812 156.24 -0.6660596062785759
7813 156.26 -0.6989010214534999
7814 156.28 -0.7314917303247234
7815 156.3 -0.7638707799764838
7816 156.32 -0.7960454549149789
7817 156.34 -0.8279726358031289
7818 156.36 -0.8596374970084447
7819 156.38 -0.8911057151835184
7820 156.4 -0.9223273433657242
7821 156.42 -0.9532648554133665
7822 156.44 -0.983924384959867
7823 156.46 -1.014188024412089
7824 156.48 -1.044148189917116
7825 156.5 -1.073717072325562
7826 156.52 -1.102948006585209
7827 156.54 -1.131844652039213
7828 156.56 -1.160354695905533
7829 156.58 -1.188541369149065
7830 156.6 -1.216310324524679
7831 156.62 -1.243529683094222
7832 156.64 -1.270396353248859
7833 156.66 -1.296850892307242
7834 156.68 -1.322892777162043
7835 156.7 -1.348564052282705
7836 156.72 -1.373809284745501
7837 156.74 -1.398548074735789
7838 156.76 -1.42294579806926
7839 156.78 -1.446855493753466
7840 156.8 -1.47035575935984
7841 156.82 -1.493389591102996
7842 156.84 -1.515951289216893
7843 156.86 -1.538046136223075
7844 156.88 -1.559666586051692
7845 156.9 -1.580767542919643
7846 156.92 -1.601352279862623
7847 156.94 -1.621399400115814
7848 156.96 -1.640951639561181
7849 156.98 -1.659957608541943
7850 157 -1.678425327557347
7851 157.02 -1.696343651778778
7852 157.04 -1.713713031395428
7853 157.06 -1.730491927639155
7854 157.08 -1.746736430192319
7855 157.1 -1.762349438837185
7856 157.12 -1.77734087716181
7857 157.14 -1.791701083745323
7858 157.16 -1.8055345608346
7859 157.18 -1.818836137559668
7860 157.2 -1.831529342053493
7861 157.22 -1.843633795255545
7862 157.24 -1.855111220742236
7863 157.26 -1.865953651222513
7864 157.28 -1.876167444259551
7865 157.3 -1.885822428557861
7866 157.32 -1.894936471830822
7867 157.34 -1.903446736896708
7868 157.36 -1.911344721904805
7869 157.38 -1.918664135070206
7870 157.4 -1.92533765703447
7871 157.42 -1.931477583170784
7872 157.44 -1.937018009827075
7873 157.46 -1.941993612238044
7874 157.48 -1.946456606009182
7875 157.5 -1.950277948072364
7876 157.52 -1.953496113882012
7877 157.54 -1.956190229052511
7878 157.56 -1.958369007395601
7879 157.58 -1.960010477532117
7880 157.6 -1.961084469283598
7881 157.62 -1.96157127311536
7882 157.64 -1.961501483667167
7883 157.66 -1.960896025252989
7884 157.68 -1.959795219255124
7885 157.7 -1.958146714507534
7886 157.72 -1.955975626858587
7887 157.74 -1.9533187832232
7888 157.76 -1.950070797288337
7889 157.78 -1.946309405002143
7890 157.8 -1.942045721350411
7891 157.82 -1.937276588233434
7892 157.84 -1.93197356326124
7893 157.86 -1.926138069261678
7894 157.88 -1.919736836925056
7895 157.9 -1.912821580644612
7896 157.92 -1.905375884289786
7897 157.94 -1.897431869315882
7898 157.96 -1.888978574736909
7899 157.98 -1.879992773260338
7900 158 -1.870507409094887
7901 158.02 -1.860485440358058
7902 158.04 -1.849940018279035
7903 158.06 -1.838902685736935
7904 158.08 -1.827320642327926
7905 158.1 -1.815223714573895
7906 158.12 -1.802608722578928
7907 158.14 -1.789498723813595
7908 158.16 -1.775900331703842
7909 158.18 -1.761775017157992
7910 158.2 -1.74713984620327
7911 158.22 -1.732023360287906
7912 158.24 -1.716412151613133
7913 158.26 -1.700333847047365
7914 158.28 -1.683742481778233
7915 158.3 -1.666681756174246
7916 158.32 -1.649124125028905
7917 158.34 -1.631088598262794
7918 158.36 -1.612599101187082
7919 158.38 -1.593679204553331
7920 158.4 -1.574226554295225
7921 158.42 -1.554325350216054
7922 158.44 -1.533981599210223
7923 158.46 -1.513144434684227
7924 158.48 -1.491844146871855
7925 158.5 -1.470048955838076
7926 158.52 -1.447869025288041
7927 158.54 -1.425237366034934
7928 158.56 -1.402218539617611
7929 158.58 -1.378817986681797
7930 158.6 -1.355059319427313
7931 158.62 -1.330831907811753
7932 158.64 -1.306251904647523
7933 158.66 -1.281205697746847
7934 158.68 -1.255762401191426
7935 158.7 -1.229934781195483
7936 158.72 -1.203694145832923
7937 158.74 -1.177018505975292
7938 158.76 -1.150083244808385
7939 158.78 -1.122832872817377
7940 158.8 -1.09521047588387
7941 158.82 -1.067214176835687
7942 158.84 -1.038942908533852
7943 158.86 -1.010406803848932
7944 158.88 -0.9814695608711441
7945 158.9 -0.9522223176565043
7946 158.92 -0.9227574007065926
7947 158.94 -0.8930509437567711
7948 158.96 -0.8629741555293037
7949 158.98 -0.832536343795226
7950 159 -0.8018687284729464
7951 159.02 -0.7708986231552435
7952 159.04 -0.7398788434251519
7953 159.06 -0.7086354750155875
7954 159.08 -0.6771816440588497
7955 159.1 -0.6454235398624003
7956 159.12 -0.6134372644873383
7957 159.14 -0.5811872704504381
7958 159.16 -0.5487712897135375
7959 159.18 -0.5161556887728277
7960 159.2 -0.4834292976772067
7961 159.22 -0.4505498836258534
7962 159.24 -0.4173881882921305
7963 159.26 -0.384080244153972
7964 159.28 -0.3506463221206453
7965 159.3 -0.3171115510503502
7966 159.32 -0.2833884313040904
7967 159.34 -0.2495627367333683
7968 159.36 -0.2156560093662777
7969 159.38 -0.1817188656796071
7970 159.4 -0.1476779060938408
7971 159.42 -0.1135231081305687
7972 159.44 -0.07930078001053449
7973 159.46 -0.04507547092913451
7974 159.48 -0.01079649865205864
7975 159.5 0.02346096639436806
7976 159.52 0.05776123941996096
7977 159.54 0.09205391710326975
7978 159.56 0.1263123882382197
7979 159.58 0.1606412201720961
7980 159.6 0.1949701236580373
7981 159.62 0.2292594177852574
7982 159.64 0.2635843521456905
7983 159.66 0.2978762014704334
7984 159.68 0.3320872136039992
7985 159.7 0.3662890158507585
7986 159.72 0.4003414584149941
7987 159.74 0.4342388977333271
7988 159.76 0.468031272412926
7989 159.78 0.5016783759374622
7990 159.8 0.5352369878266939
7991 159.82 0.5687117161612915
7992 159.84 0.6019882089837969
7993 159.86 0.6350567410284457
7994 159.88 0.6679667618946056
7995 159.9 0.7006695875322358
7996 159.92 0.7331952006875174
7997 159.94 0.7654937491193163
7998 159.96 0.7975685444631435
7999 159.98 0.8294336083813625
8000 160 0.8610429925219919
8001 160.02 0.8924019032959816
8002 160.04 0.9235330190776337
8003 160.06 0.9544136263653512
8004 160.08 0.9848999606213696
8005 160.1 1.015074224953464
8006 160.12 1.044887954119663
8007 160.14 1.07438011846782
8008 160.16 1.103482181588208
8009 160.18 1.132198125017418
8010 160.2 1.160566459651496
8011 160.22 1.188636824582143
8012 160.24 1.216281647790552
8013 160.26 1.243517098377641
8014 160.28 1.27030650183968
8015 160.3 1.296592657577911
8016 160.32 1.322476419721789
8017 160.34 1.347924026492828
8018 160.36 1.373056692629153
8019 160.38 1.397770686672285
8020 160.4 1.422069935189393
8021 160.42 1.44591551628705
8022 160.44 1.469252992944095
8023 160.46 1.49206407722705
8024 160.48 1.514475045521654
8025 160.5 1.536488262136312
8026 160.52 1.558013404828638
8027 160.54 1.579046537957158
8028 160.56 1.599534135050995
8029 160.58 1.619440441755569
8030 160.6 1.638867685207802
8031 160.62 1.657734265198735
8032 160.64 1.676132296333814
8033 160.66 1.693983076872237
8034 160.68 1.711255509383883
8035 160.7 1.727931956221708
8036 160.72 1.74398158457732
8037 160.74 1.759480310954703
8038 160.76 1.774338111258767
8039 160.78 1.788621168234926
8040 160.8 1.802379552368395
8041 160.82 1.815663658888807
8042 160.84 1.828256806832798
8043 160.86 1.840315980763782
8044 160.88 1.85167966866721
8045 160.9 1.862458832291653
8046 160.92 1.872595504500161
8047 160.94 1.882198792477255
8048 160.96 1.891213261477364
8049 160.98 1.899677682741961
8050 161 1.907565387008873
8051 161.02 1.914795902280504
8052 161.04 1.92141582765408
8053 161.06 1.927448839558096
8054 161.08 1.932934504895692
8055 161.1 1.937897556868401
8056 161.12 1.942273974917006
8057 161.14 1.946073822580747
8058 161.16 1.949272877313337
8059 161.18 1.951926049013336
8060 161.2 1.954104497971616
8061 161.22 1.955702675184896
8062 161.24 1.956771893300792
8063 161.26 1.957241096844186
8064 161.28 1.957120917667747
8065 161.3 1.956504449501587
8066 161.32 1.955358648940441
8067 161.34 1.953708125217848
8068 161.36 1.951522880406624
8069 161.38 1.94885239808076
8070 161.4 1.94560907577332
8071 161.42 1.941815878649649
8072 161.44 1.937555871808671
8073 161.46 1.932777272574869
8074 161.48 1.927489225069882
8075 161.5 1.921662829362199
8076 161.52 1.915302110917302
8077 161.54 1.908364435937236
8078 161.56 1.900979647406671
8079 161.58 1.893053455067868
8080 161.6 1.884610365243098
8081 161.62 1.875660298349464
8082 161.64 1.866210072948948
8083 161.66 1.856231618845235
8084 161.68 1.845751524174484
8085 161.7 1.834753279113402
8086 161.72 1.823175305215391
8087 161.74 1.811094616669701
8088 161.76 1.79855522055044
8089 161.78 1.785551426738688
8090 161.8 1.772007066609625
8091 161.82 1.757907516211936
8092 161.84 1.743299301880055
8093 161.86 1.728232806730359
8094 161.88 1.712683402484545
8095 161.9 1.696671844960638
8096 161.92 1.680184726804996
8097 161.94 1.663153786672036
8098 161.96 1.645645293024261
8099 161.98 1.627730356635227
8100 162 1.609315290003806
8101 162.02 1.590443638595333
8102 162.04 1.571044717980246
8103 162.06 1.551189782070779
8104 162.08 1.53092792204167
8105 162.1 1.510140411372417
8106 162.12 1.488889252249931
8107 162.14 1.467183640516921
8108 162.16 1.445066512914395
8109 162.18 1.422575903114223
8110 162.2 1.399666523502695
8111 162.22 1.376349503048388
8112 162.24 1.35264380534774
8113 162.26 1.328486549286889
8114 162.28 1.303923622542301
8115 162.3 1.278979135032394
8116 162.32 1.253669563016075
8117 162.34 1.227992670439359
8118 162.36 1.201823666756348
8119 162.38 1.175269812009263
8120 162.4 1.148386792713634
8121 162.42 1.121186403645806
8122 162.44 1.09364602621683
8123 162.46 1.065811647711558
8124 162.48 1.037582527605645
8125 162.5 1.009051320207619
8126 162.52 0.9802676298098109
8127 162.54 0.9512158841603039
8128 162.56 0.9218420924437465
8129 162.58 0.8921368814307304
8130 162.6 0.8621341660420316
8131 162.62 0.8318370524229428
8132 162.64 0.8013089101491611
8133 162.66 0.7704878059913233
8134 162.68 0.7395963398836128
8135 162.7 0.7083614019765384
8136 162.72 0.6768598295045655
8137 162.74 0.6451678030876489
8138 162.76 0.6132971261010303
8139 162.78 0.5811746888331581
8140 162.8 0.5488238808565696
8141 162.82 0.5162848887973486
8142 162.84 0.4835914163247619
8143 162.86 0.4507283786149601
8144 162.88 0.4177821659267405
8145 162.9 0.3845609846711576
8146 162.92 0.3511370880875774
8147 162.94 0.3176119677234736
8148 162.96 0.2839584915292779
8149 162.98 0.2502609362722789
8150 163 0.21651496981196
8151 163.02 0.1826272881247595
8152 163.04 0.1485839171491569
8153 163.06 0.1144302781465802
8154 163.08 0.08026918483973826
8155 163.1 0.04613190476505186
8156 163.12 0.01195797299773654
8157 163.14 -0.02226331594067096
8158 163.16 -0.05654204813866824
8159 163.18 -0.09077505538175434
8160 163.2 -0.1250250853710645
8161 163.22 -0.1593237109829667
8162 163.24 -0.1936475836910762
8163 163.26 -0.2279499265335668
8164 163.28 -0.2622310863952445
8165 163.3 -0.2963980448755764
8166 163.32 -0.3305331014757611
8167 163.34 -0.3646687187373763
8168 163.36 -0.3987365444925564
8169 163.38 -0.4326889881141001
8170 163.4 -0.4664644850440831
8171 163.42 -0.5001276359844355
8172 163.44 -0.5336815908164818
8173 163.46 -0.5671234990264861
8174 163.48 -0.6003846036082433
8175 163.5 -0.6334270191979038
8176 163.52 -0.6662940301326279
8177 163.54 -0.6990527267796203
8178 163.56 -0.7315847013761692
8179 163.58 -0.7638931007200711
8180 163.6 -0.7959792783410919
8181 163.62 -0.8278119854841085
8182 163.64 -0.859415303982049
8183 163.66 -0.8907941985148086
8184 163.68 -0.921926659458835
8185 163.7 -0.9528019955208777
8186 163.72 -0.9833670872974803
8187 163.74 -1.013564991352505
8188 163.76 -1.04345768870193
8189 163.78 -1.072930549806003
8190 163.8 -1.102105361209192
8191 163.82 -1.130910519758394
8192 163.84 -1.159385200482847
8193 163.86 -1.187493626562053
8194 163.88 -1.21516039449308
8195 163.9 -1.242345070562481
8196 163.92 -1.269137548012042
8197 163.94 -1.295525018799846
8198 163.96 -1.321530198021526
8199 163.98 -1.347115642413554
8200 164 -1.3723067421169
8201 164.02 -1.396998438569443
8202 164.04 -1.421335942636211
8203 164.06 -1.445160563167072
8204 164.08 -1.468622584159784
8205 164.1 -1.491610052484087
8206 164.12 -1.514108288963329
8207 164.14 -1.536165929752223
8208 164.16 -1.557706995140456
8209 164.18 -1.578783804656624
8210 164.2 -1.599288101803962
8211 164.22 -1.619308370886966
8212 164.24 -1.638799531434487
8213 164.26 -1.657754158030964
8214 164.28 -1.676159742300346
8215 164.3 -1.694034877701621
8216 164.32 -1.711375680611637
8217 164.34 -1.728118691612018
8218 164.36 -1.744327049990832
8219 164.38 -1.759918588531116
8220 164.4 -1.774874210940707
8221 164.42 -1.789213087054904
8222 164.44 -1.802994550695997
8223 164.46 -1.816275634798919
8224 164.48 -1.828949955432289
8225 164.5 -1.841040486886575
8226 164.52 -1.852490241422484
8227 164.54 -1.863293119070545
8228 164.56 -1.873510893988872
8229 164.58 -1.883162403306053
8230 164.6 -1.892247731703632
8231 164.62 -1.900757764058028
8232 164.64 -1.908633398512609
8233 164.66 -1.915941813778501
8234 164.68 -1.922613813830164
8235 164.7 -1.928725597976239
8236 164.72 -1.934259460108726
8237 164.74 -1.939243661373634
8238 164.76 -1.943668866921729
8239 164.78 -1.947512277742039
8240 164.8 -1.950716513977182
8241 164.82 -1.953418286483048
8242 164.84 -1.95560918784417
8243 164.86 -1.957258636539943
8244 164.88 -1.958293927642239
8245 164.9 -1.958794071423902
8246 164.92 -1.958725919767845
8247 164.94 -1.958106028221849
8248 164.96 -1.956988565336087
8249 164.98 -1.955330034699915
8250 165 -1.953153497473384
8251 165.02 -1.950515058863664
8252 165.04 -1.947249556236792
8253 165.06 -1.94345845314669
8254 165.08 -1.939206210754198
8255 165.1 -1.934424741144302
8256 165.12 -1.929092843060784
8257 165.14 -1.923254047456562
8258 165.16 -1.91684046997461
8259 165.18 -1.909926565626861
8260 165.2 -1.902483267853755
8261 165.22 -1.894505772862825
8262 165.24 -1.886050215734328
8263 165.26 -1.877053823224349
8264 165.28 -1.867555340816812
8265 165.3 -1.857509873020012
8266 165.32 -1.846955177973166
8267 165.34 -1.835899267247911
8268 165.36 -1.824280393880681
8269 165.38 -1.812163650397679
8270 165.4 -1.799567497959806
8271 165.42 -1.786433365174797
8272 165.44 -1.772810902540469
8273 165.46 -1.758662313386862
8274 165.48 -1.744016457503132
8275 165.5 -1.728867780676653
8276 165.52 -1.713245492851135
8277 165.54 -1.697128970250986
8278 165.56 -1.680558202624553
8279 165.58 -1.663483391379554
8280 165.6 -1.645906184135596
8281 165.62 -1.627848336335808
8282 165.64 -1.609338323652637
8283 165.66 -1.590388469274784
8284 165.68 -1.570908173614973
8285 165.7 -1.550995049459022
8286 165.72 -1.530592874032867
8287 165.74 -1.509725588093463
8288 165.76 -1.488427096774413
8289 165.78 -1.466625291119241
8290 165.8 -1.444426974433981
8291 165.82 -1.421794192323077
8292 165.84 -1.398759160262911
8293 165.86 -1.375347101213139
8294 165.88 -1.35154456462058
8295 165.9 -1.327299869584743
8296 165.92 -1.302699208302801
8297 165.94 -1.277640390311825
8298 165.96 -1.252190809007046
8299 165.98 -1.226316302364622
8300 166 -1.200026701085081
8301 166.02 -1.173319022537896
8302 166.04 -1.146381982128182
8303 166.06 -1.119120884434883
8304 166.08 -1.091461295870364
8305 166.1 -1.063460677846811
8306 166.12 -1.035185320697348
8307 166.14 -1.00662545111878
8308 166.16 -0.9776353226906589
8309 166.18 -0.9483895203465093
8310 166.2 -0.9189061359521623
8311 166.22 -0.8891649329512922
8312 166.24 -0.8590487342641273
8313 166.26 -0.8285655154499331
8314 166.28 -0.7978612664952495
8315 166.3 -0.7669150286279923
8316 166.32 -0.7358757048676595
8317 166.34 -0.704568127356183
8318 166.36 -0.673063714348243
8319 166.38 -0.6412664989373829
8320 166.4 -0.6092207991696265
8321 166.42 -0.5769427395371053
8322 166.44 -0.5444994204232385
8323 166.46 -0.511826812019085
8324 166.48 -0.4790645729649952
8325 166.5 -0.4461216242995345
8326 166.52 -0.4129390227481258
8327 166.54 -0.3795693526092483
8328 166.56 -0.3460812898766418
8329 166.58 -0.3125056991571889
8330 166.6 -0.2787257451746807
8331 166.62 -0.2448578260167071
8332 166.64 -0.210894788983368
8333 166.66 -0.1769173961814357
8334 166.68 -0.1428025143822991
8335 166.7 -0.1085961610698315
8336 166.72 -0.0743394960656182
8337 166.74 -0.04006705742945889
8338 166.76 -0.005742966381123168
8339 166.78 0.02857723040454957
8340 166.8 0.06293203416780037
8341 166.82 0.0973002113099643
8342 166.84 0.1316452746389062
8343 166.86 0.1660378940991623
8344 166.88 0.2004027786925955
8345 166.9 0.2347722371907873
8346 166.92 0.2691639507952479
8347 166.94 0.3034889796401992
8348 166.96 0.3377688314225151
8349 166.98 0.3720214852266143
8350 167 0.4061302734916285
8351 167.02 0.4400917870131171
8352 167.04 0.4739429639459584
8353 167.06 0.5076410739033699
8354 167.08 0.5412690842713224
8355 167.1 0.5747957339433092
8356 167.12 0.6081353242935478
8357 167.14 0.6412475128352949
8358 167.16 0.6741967135342473
8359 167.18 0.706948474645801
8360 167.2 0.7395283763355021
8361 167.22 0.7718857338787387
8362 167.24 0.8040030549524871
8363 167.26 0.8359357031690408
8364 167.28 0.867569566324602
8365 167.3 0.8989789056019721
8366 167.32 0.9301583502922092
8367 167.34 0.9610513507855842
8368 167.36 0.9915842977008599
8369 167.38 1.021809345475076
8370 167.4 1.051668759914193
8371 167.42 1.081187069580179
8372 167.44 1.110310251695813
8373 167.46 1.139063830444707
8374 167.48 1.167494395561049
8375 167.5 1.195568412060932
8376 167.52 1.223239630482332
8377 167.54 1.250479741190923
8378 167.56 1.277247813571486
8379 167.58 1.303541699172143
8380 167.6 1.329442818489748
8381 167.62 1.354911567799863
8382 167.64 1.380073046352644
8383 167.66 1.404779118184419
8384 167.68 1.429082983612992
8385 167.7 1.452894191831531
8386 167.72 1.476223761289462
8387 167.74 1.499025141364889
8388 167.76 1.521443008607309
8389 167.78 1.543480577007361
8390 167.8 1.564970471786756
8391 167.82 1.585981472834641
8392 167.84 1.60641588178673
8393 167.86 1.626295813780241
8394 167.88 1.645693406503681
8395 167.9 1.664544467489657
8396 167.92 1.682903329270671
8397 167.94 1.700703078099816
8398 167.96 1.717916081742972
8399 167.98 1.734531481345038
8400 168 1.750504551252694
8401 168.02 1.765922282243022
8402 168.04 1.780729548392672
8403 168.06 1.794939886246948
8404 168.08 1.808663915277149
8405 168.1 1.821843935109041
8406 168.12 1.834373261243095
8407 168.14 1.846354268169344
8408 168.16 1.857637063907794
8409 168.18 1.868318447095267
8410 168.2 1.878382676472671
8411 168.22 1.887868404721862
8412 168.24 1.89679313114006
8413 168.26 1.905169760713
8414 168.28 1.912952324372803
8415 168.3 1.920091105988815
8416 168.32 1.926595771695087
8417 168.34 1.932555196317267
8418 168.36 1.937934115445157
8419 168.38 1.942779659868882
8420 168.4 1.947057983110198
8421 168.42 1.950748702608344
8422 168.44 1.953840101036801
8423 168.46 1.956384173632462
8424 168.48 1.958434063075164
8425 168.5 1.959920321919363
8426 168.52 1.960870584580948
8427 168.54 1.961217512254683
8428 168.56 1.960997705298055
8429 168.58 1.960271404355272
8430 168.6 1.959003699049449
8431 168.62 1.957227000586903
8432 168.64 1.954948053554769
8433 168.66 1.952162547063133
8434 168.68 1.948772201026185
8435 168.7 1.944912583906177
8436 168.72 1.940512101771899
8437 168.74 1.935638048978179
8438 168.76 1.930218894756097
8439 168.78 1.924242550372532
8440 168.8 1.917757703810353
8441 168.82 1.910698666492323
8442 168.84 1.90315218012857
8443 168.86 1.895114292130236
8444 168.88 1.88654954610311
8445 168.9 1.877461963175406
8446 168.92 1.867867091245194
8447 168.94 1.857757322944062
8448 168.96 1.847152816857654
8449 168.98 1.836011162608664
8450 169 1.824307705273956
8451 169.02 1.812100759143469
8452 169.04 1.799388450060513
8453 169.06 1.786255861725952
8454 169.08 1.772582675028018
8455 169.1 1.758346333739001
8456 169.12 1.743591743165595
8457 169.14 1.728399536593468
8458 169.16 1.712679365540027
8459 169.18 1.696521039381269
8460 169.2 1.67989477456254
8461 169.22 1.662718324534647
8462 169.24 1.645093760243957
8463 169.26 1.626996324922068
8464 169.28 1.608447998406604
8465 169.3 1.589436122745802
8466 169.32 1.569879781590713
8467 169.34 1.549893183124274
8468 169.36 1.529483866729358
8469 169.38 1.50855790171578
8470 169.4 1.487182422348452
8471 169.42 1.465323493909831
8472 169.44 1.443063291409619
8473 169.46 1.42042040507519
8474 169.48 1.39739875782011
8475 169.5 1.373935089836735
8476 169.52 1.350074879312218
8477 169.54 1.325774960974033
8478 169.56 1.301076498913421
8479 169.58 1.276004617501536
8480 169.6 1.250591307919232
8481 169.62 1.224767266522866
8482 169.64 1.198457755969494
8483 169.66 1.171775197843388
8484 169.68 1.144775755964981
8485 169.7 1.117460263756235
8486 169.72 1.089800030501593
8487 169.74 1.061817598418103
8488 169.76 1.033454447806879
8489 169.78 1.004827623906967
8490 169.8 0.9759499972572345
8491 169.82 0.9467636297316152
8492 169.84 0.9172597396685428
8493 169.86 0.8874430718873069
8494 169.88 0.8573704108973772
8495 169.9 0.8270067890797301
8496 169.92 0.7964248286857394
8497 169.94 0.7654389287105151
8498 169.96 0.7344123761046837
8499 169.98 0.7030992196106797
8500 170 0.6715290477650542
8501 170.02 0.6398010159543558
8502 170.04 0.6078578972506894
8503 170.06 0.5756236390994787
8504 170.08 0.5431864168205479
8505 170.1 0.5105844335526015
8506 170.12 0.4778355949247289
8507 170.14 0.4449759141353331
8508 170.16 0.4119303784321997
8509 170.18 0.3786302576939674
8510 170.2 0.3451723383568436
8511 170.22 0.3116066579516042
8512 170.24 0.277944218746675
8513 170.26 0.2442182813503646
8514 170.28 0.2104265878780438
8515 170.3 0.1764973873865562
8516 170.32 0.1424194527864139
8517 170.34 0.1082626751641012
8518 170.36 0.07413808835974167
8519 170.38 0.03998680582425857
8520 170.4 0.005769798607242662
8521 170.42 -0.02845133888382513
8522 170.44 -0.06271289774298719
8523 170.46 -0.0969208379731943
8524 170.48 -0.1311227850289942
8525 170.5 -0.1654344596168737
8526 170.52 -0.1997069926560998
8527 170.54 -0.2339730062257969
8528 170.56 -0.2681952257777339
8529 170.58 -0.3023178707254243
8530 170.6 -0.3364420236371781
8531 170.62 -0.370548958760285
8532 170.64 -0.4045667592070372
8533 170.66 -0.4384402174439261
8534 170.68 -0.4721380738072525
8535 170.7 -0.5057237194758381
8536 170.72 -0.5392329869473854
8537 170.74 -0.5725957116543671
8538 170.76 -0.6057679981153621
8539 170.78 -0.6387092228558602
8540 170.8 -0.671506978255144
8541 170.82 -0.7041838655621913
8542 170.84 -0.7366162239283057
8543 170.86 -0.7688200594861518
8544 170.88 -0.800794578252883
8545 170.9 -0.8325129371158125
8546 170.92 -0.864012514267448
8547 170.94 -0.8952922422748208
8548 170.96 -0.9263461500400445
8549 170.98 -0.9571020927037438
8550 171 -0.9874981494396483
8551 171.02 -1.017588283813788
8552 171.04 -1.047312980116162
8553 171.06 -1.076646642879287
8554 171.08 -1.105661754895535
8555 171.1 -1.134311632557919
8556 171.12 -1.162632557603895
8557 171.14 -1.190610555956382
8558 171.16 -1.218123108334977
8559 171.18 -1.245169454244747
8560 171.2 -1.271800166532394
8561 171.22 -1.298049567937992
8562 171.24 -1.323901185734189
8563 171.26 -1.349360807734167
8564 171.28 -1.374381876727894
8565 171.3 -1.398946084536905
8566 171.32 -1.423083493095286
8567 171.34 -1.446805737709431
8568 171.36 -1.470116176788467
8569 171.38 -1.492962995705892
8570 171.4 -1.51529177682278
8571 171.42 -1.537204377117608
8572 171.44 -1.558575226364239
8573 171.46 -1.57948573203999
8574 171.48 -1.599851621346563
8575 171.5 -1.619730800163707
8576 171.52 -1.639097592836337
8577 171.54 -1.657883806818369
8578 171.56 -1.676149717910322
8579 171.58 -1.693869471509486
8580 171.6 -1.711063789502511
8581 171.62 -1.727707362644353
8582 171.64 -1.74372427923616
8583 171.66 -1.759172730990092
8584 171.68 -1.773985076847171
8585 171.7 -1.788175018656508
8586 171.72 -1.801854576827793
8587 171.74 -1.814985417997972
8588 171.76 -1.827526228494788
8589 171.78 -1.839484927201753
8590 171.8 -1.85079719182026
8591 171.82 -1.86143895164856
8592 171.84 -1.871557482303213
8593 171.86 -1.881086548010307
8594 171.88 -1.890055340704323
8595 171.9 -1.898444118079742
8596 171.92 -1.906223921270348
8597 171.94 -1.913400402287901
8598 171.96 -1.91996534007812
8599 171.98 -1.925960984741513
8600 172 -1.931413121746107
8601 172.02 -1.936296736192177
8602 172.04 -1.940647795269319
8603 172.06 -1.94436546986547
8604 172.08 -1.947496804355915
8605 172.1 -1.950122539335433
8606 172.12 -1.952255494692752
8607 172.14 -1.953814295835008
8608 172.16 -1.954769275693462
8609 172.18 -1.955207893466735
8610 172.2 -1.955076016198446
8611 172.22 -1.954422362438496
8612 172.24 -1.953236731604227
8613 172.26 -1.951523026075068
8614 172.28 -1.9492908892123
8615 172.3 -1.946561544396601
8616 172.32 -1.94326738347576
8617 172.34 -1.939412777358088
8618 172.36 -1.935120849601321
8619 172.38 -1.930277524929531
8620 172.4 -1.924923110962375
8621 172.42 -1.919046308891266
8622 172.44 -1.912607287836295
8623 172.46 -1.905660493904103
8624 172.48 -1.898196697317197
8625 172.5 -1.890199110070626
8626 172.52 -1.88170194876209
8627 172.54 -1.872697739289011
8628 172.56 -1.863184852079656
8629 172.58 -1.853120682708465
8630 172.6 -1.84256223272779
8631 172.62 -1.831492134699868
8632 172.64 -1.81987342280988
8633 172.66 -1.807762959736149
8634 172.68 -1.795148172600088
8635 172.7 -1.782029305390627
8636 172.72 -1.768380058469651
8637 172.74 -1.754241483296735
8638 172.76 -1.73960883677735
8639 172.78 -1.724478121111008
8640 172.8 -1.708842325343667
8641 172.82 -1.692767747998469
8642 172.84 -1.676242743177631
8643 172.86 -1.659195798050055
8644 172.88 -1.641630075429077
8645 172.9 -1.623585258801754
8646 172.92 -1.605132663138042
8647 172.94 -1.586195087594767
8648 172.96 -1.56674168281455
8649 172.98 -1.546867631359599
8650 173 -1.52647614854419
8651 173.02 -1.505661952863687
8652 173.04 -1.484386655894908
8653 173.06 -1.462641444195852
8654 173.08 -1.440470852200487
8655 173.1 -1.417910749242549
8656 173.12 -1.394902244586695
8657 173.14 -1.371538496043923
8658 173.16 -1.347779780265723
8659 173.18 -1.323592591149099
8660 173.2 -1.29903537209524
8661 173.22 -1.27403622505279
8662 173.24 -1.248664469965436
8663 173.26 -1.222842047037047
8664 173.28 -1.1965823641252
8665 173.3 -1.169931635535635
8666 173.32 -1.143059111465007
8667 173.34 -1.115842841819062
8668 173.36 -1.088231580848923
8669 173.38 -1.060331474400906
8670 173.4 -1.032144794513121
8671 173.42 -1.003618806918434
8672 173.44 -0.9747185005341307
8673 173.46 -0.9455610203040085
8674 173.48 -0.9161323647269826
8675 173.5 -0.8864240826845395
8676 173.52 -0.8563572721796593
8677 173.54 -0.825925399390733
8678 173.56 -0.7952894770441827
8679 173.58 -0.7644723711350572
8680 173.6 -0.733510349030009
8681 173.62 -0.702243837215317
8682 173.64 -0.6707791259151608
8683 173.66 -0.6390496670034774
8684 173.68 -0.6070515709863246
8685 173.7 -0.5748712283261252
8686 173.72 -0.5425006310394502
8687 173.74 -0.5099345638519276
8688 173.76 -0.4772196759388317
8689 173.78 -0.4443187673563001
8690 173.8 -0.411211893492012
8691 173.82 -0.3779032065990131
8692 173.84 -0.3444863283102179
8693 173.86 -0.310954966436366
8694 173.88 -0.2772569959114167
8695 173.9 -0.2434364963712853
8696 173.92 -0.2095494444473466
8697 173.94 -0.1755901746813013
8698 173.96 -0.1415405611897894
8699 173.98 -0.107376379266525
8700 174 -0.07323283385890697
8701 174.02 -0.03899757529176871
8702 174.04 -0.004703354089667779
8703 174.06 0.02956941437489291
8704 174.08 0.06388778462287967
8705 174.1 0.09822396621287169
8706 174.12 0.1325834445175596
8707 174.14 0.166916956509241
8708 174.16 0.2012562131284808
8709 174.18 0.2356053223087058
8710 174.2 0.269960535154433
8711 174.22 0.3042177110461848
8712 174.24 0.3384591677070274
8713 174.26 0.3726972926419326
8714 174.28 0.4068001393311633
8715 174.3 0.4407607627819372
8716 174.32 0.4745996972546819
8717 174.34 0.5082895053855864
8718 174.36 0.541908134912841
8719 174.38 0.5754233478596055
8720 174.4 0.6087468188490358
8721 174.42 0.6418522845438057
8722 174.44 0.6747923051531471
8723 174.46 0.7075369879817222
8724 174.48 0.7401179233856996
8725 174.5 0.7724777457355141
8726 174.52 0.8046005630535675
8727 174.54 0.8365344325740431
8728 174.56 0.868204264379998
8729 174.58 0.8996133601855117
8730 174.6 0.9307684493131397
8731 174.62 0.961643744668594
8732 174.64 0.9921832013737589
8733 174.66 1.022444480180375
8734 174.68 1.052357331558402
8735 174.7 1.081894500650443
8736 174.72 1.111018788236705
8737 174.74 1.139823374425565
8738 174.76 1.168291450092972
8739 174.78 1.196384514861051
8740 174.8 1.224092694144594
8741 174.82 1.251339818308701
8742 174.84 1.27812455267626
8743 174.86 1.304441858966953
8744 174.88 1.330395465038469
8745 174.9 1.355909216708751
8746 174.92 1.381128334333275
8747 174.94 1.405837178788167
8748 174.96 1.430166072908076
8749 174.98 1.454000902268346
8750 175 1.477332742747069
8751 175.02 1.500178047656799
8752 175.04 1.522666915369625
8753 175.06 1.544694110602511
8754 175.08 1.566229662241952
8755 175.1 1.587252184483743
8756 175.12 1.607700587077312
8757 175.14 1.627595840330789
8758 175.16 1.647014307011192
8759 175.18 1.665900738905626
8760 175.2 1.684268266581556
8761 175.22 1.702082020308686
8762 175.24 1.719309896080729
8763 175.26 1.735931376559809
8764 175.28 1.751934781122641
8765 175.3 1.767380529241237
8766 175.32 1.782189744565919
8767 175.34 1.796428465690946
8768 175.36 1.810167834744974
8769 175.38 1.82336661080729
8770 175.4 1.835892813328757
8771 175.42 1.847902073676831
8772 175.44 1.85919562381985
8773 175.46 1.869883598938819
8774 175.48 1.879947045532881
8775 175.5 1.889425992359293
8776 175.52 1.898372398542881
8777 175.54 1.90672411666052
8778 175.56 1.914503115535264
8779 175.58 1.921666688144573
8780 175.6 1.928203910640306
8781 175.62 1.934163839336591
8782 175.64 1.93951301766164
8783 175.66 1.944353310519741
8784 175.68 1.94862702755418
8785 175.7 1.952313719728786
8786 175.72 1.955376607248042
8787 175.74 1.95793077679196
8788 175.76 1.959955751893956
8789 175.78 1.961432040227777
8790 175.8 1.962346363121758
8791 175.82 1.962674623400144
8792 175.84 1.962425598882578
8793 175.86 1.961662688952678
8794 175.88 1.960349004475147
8795 175.9 1.95854011445654
8796 175.92 1.95625383523323
8797 175.94 1.953413329551771
8798 175.96 1.950005365772103
8799 175.98 1.946093748956549
8800 176 1.941655582005753
8801 176.02 1.936712591925278
8802 176.04 1.931220358941329
8803 176.06 1.925203523042267
8804 176.08 1.91863203334876
8805 176.1 1.911512318765315
8806 176.12 1.903891153647188
8807 176.14 1.895804080649884
8808 176.16 1.887149250350864
8809 176.18 1.877988928356145
8810 176.2 1.868328761128223
8811 176.22 1.858128242118798
8812 176.24 1.847420892184349
8813 176.26 1.836180810119348
8814 176.28 1.824399980436327
8815 176.3 1.812098663024166
8816 176.32 1.799309940839705
8817 176.34 1.786087340721325
8818 176.36 1.772291356314788
8819 176.38 1.757937437822315
8820 176.4 1.743090177824561
8821 176.42 1.72778346952899
8822 176.44 1.711958024883507
8823 176.46 1.695707932591985
8824 176.48 1.678936302500744
8825 176.5 1.661660653724097
8826 176.52 1.643924403008857
8827 176.54 1.625709829443645
8828 176.56 1.607065062817278
8829 176.58 1.587914150084936
8830 176.6 1.568231710890113
8831 176.62 1.548128729058398
8832 176.64 1.52759081257025
8833 176.66 1.506522343385313
8834 176.68 1.485012780494174
8835 176.7 1.46303864860681
8836 176.72 1.440686687785805
8837 176.74 1.417921401600932
8838 176.76 1.394777299904102
8839 176.78 1.371185874889823
8840 176.8 1.347177435594521
8841 176.82 1.322751240685454
8842 176.84 1.297936831714284
8843 176.86 1.27274601040675
8844 176.88 1.247187233954029
8845 176.9 1.221217739552072
8846 176.92 1.194770654304328
8847 176.94 1.167950416719726
8848 176.96 1.140827642063056
8849 176.98 1.11339173452546
8850 177 1.085613315217399
8851 177.02 1.05748637904778
8852 177.04 1.029005628521127
8853 177.06 1.000267159636357
8854 177.08 0.9712630017602319
8855 177.1 0.9419340804200069
8856 177.12 0.9122786298300241
8857 177.14 0.8823594809433221
8858 177.16 0.852169903158443
8859 177.18 0.8217053758037213
8860 177.2 0.7909387362472176
8861 177.22 0.7598626897734253
8862 177.24 0.7287171437692663
8863 177.26 0.6972411413700658
8864 177.28 0.6655524974909351
8865 177.3 0.6337292662076861
8866 177.32 0.6016250537429325
8867 177.34 0.5692537243786675
8868 177.36 0.536683405556538
8869 177.38 0.5039688227419329
8870 177.4 0.4710994696437621
8871 177.42 0.4381268145844318
8872 177.44 0.4049333953427071
8873 177.46 0.3715284238432527
8874 177.48 0.3379595061304556
8875 177.5 0.3042916578978651
8876 177.52 0.2705266488283452
8877 177.54 0.2366940857360002
8878 177.56 0.2027784229639262
8879 177.58 0.1687412146846296
8880 177.6 0.1345540587465356
8881 177.62 0.1003212348460397
8882 177.64 0.06612824537381386
8883 177.66 0.03186848830784073
8884 177.68 -0.002441754196691132
8885 177.7 -0.0367419603480702
8886 177.72 -0.07109937038930494
8887 177.74 -0.1053663277947835
8888 177.76 -0.1396745393778443
8889 177.78 -0.1740629085044975
8890 177.8 -0.208406786186344
8891 177.82 -0.2427309492710157
8892 177.84 -0.2769921852030405
8893 177.86 -0.3111868122741545
8894 177.88 -0.3453954129412595
8895 177.9 -0.37955814437023
8896 177.92 -0.4136095193816279
8897 177.94 -0.4475227053486489
8898 177.96 -0.4812384883036853
8899 177.98 -0.5148629474806062
8900 178 -0.5483930014368862
8901 178.02 -0.5817943287598037
8902 178.04 -0.6149716610125372
8903 178.06 -0.6479345363547235
8904 178.08 -0.6807450407078107
8905 178.1 -0.7134122326848914
8906 178.12 -0.7458347163719738
8907 178.14 -0.7780524340699284
8908 178.16 -0.8100261216713394
8909 178.18 -0.8417216238251749
8910 178.2 -0.87320246622721
8911 178.22 -0.9044969240175791
8912 178.24 -0.9355278842768681
8913 178.26 -0.9662480728012345
8914 178.28 -0.9966029800902486
8915 178.3 -1.026631508839821
8916 178.32 -1.056287984883375
8917 178.34 -1.085581588732927
8918 178.36 -1.114528261863054
8919 178.38 -1.143122813956462
8920 178.4 -1.171365377217711
8921 178.42 -1.199260511871915
8922 178.44 -1.226686162281412
8923 178.46 -1.253636178689347
8924 178.48 -1.28019024780985
8925 178.5 -1.306341777065728
8926 178.52 -1.332114006829207
8927 178.54 -1.35748658543961
8928 178.56 -1.382382821204908
8929 178.58 -1.406879974959935
8930 178.6 -1.430898782307161
8931 178.62 -1.454534915362166
8932 178.64 -1.477746520644903
8933 178.66 -1.500498344079361
8934 178.68 -1.522698005210636
8935 178.7 -1.544482290973179
8936 178.72 -1.565719987653629
8937 178.74 -1.586517921234663
8938 178.76 -1.60677240543872
8939 178.78 -1.626537981934316
8940 178.8 -1.645757014249087
8941 178.82 -1.664426652775967
8942 178.84 -1.682552385330246
8943 178.86 -1.700151791258154
8944 178.88 -1.717189695623484
8945 178.9 -1.733661283028222
8946 178.92 -1.749526930608478
8947 178.94 -1.764816033954612
8948 178.96 -1.779439722144177
8949 178.98 -1.793512435399472
8950 179 -1.807040880285063
8951 179.02 -1.820014770337196
8952 179.04 -1.832410520356127
8953 179.06 -1.844193228049947
8954 179.08 -1.855332664679733
8955 179.1 -1.865835516422807
8956 179.12 -1.875780353589149
8957 179.14 -1.885154482600806
8958 179.16 -1.893953956429721
8959 179.18 -1.902186269288088
8960 179.2 -1.909779681866998
8961 179.22 -1.916794561107859
8962 179.24 -1.923207969019573
8963 179.26 -1.929040064612094
8964 179.28 -1.934312582057426
8965 179.3 -1.939059506258008
8966 179.32 -1.943233509799097
8967 179.34 -1.94680915969337
8968 179.36 -1.949779431291892
8969 179.38 -1.952228982853249
8970 179.4 -1.95417135383228
8971 179.42 -1.955593666302372
8972 179.44 -1.956428071816349
8973 179.46 -1.956685525835208
8974 179.48 -1.956438842968988
8975 179.5 -1.955657243174782
8976 179.52 -1.954321127472164
8977 179.54 -1.952469729674068
8978 179.56 -1.95007630747729
8979 179.58 -1.947228103480437
8980 179.6 -1.943784360253941
8981 179.62 -1.939819102821787
8982 179.64 -1.935407304626215
8983 179.66 -1.930454416966416
8984 179.68 -1.924983210595661
8985 179.7 -1.918977044767186
8986 179.72 -1.912417109459579
8987 179.74 -1.905356311016968
8988 179.76 -1.897783326251741
8989 179.78 -1.889683189197721
8990 179.8 -1.881073959567852
8991 179.82 -1.871968266869861
8992 179.84 -1.86235795825362
8993 179.86 -1.852191509028265
8994 179.88 -1.841539516834129
8995 179.9 -1.830383497809684
8996 179.92 -1.818677218766544
8997 179.94 -1.806467866551566
8998 179.96 -1.793741954323949
8999 179.98 -1.780549519293564
9000 180 -1.766830057008884
9001 180.02 -1.752614389627161
9002 180.04 -1.737900772266621
9003 180.06 -1.722688314838983
9004 180.08 -1.706994149806246
9005 180.1 -1.690833013383212
9006 180.12 -1.674225537685653
9007 180.14 -1.657090739983948
9008 180.16 -1.63945571869567
9009 180.18 -1.621359866188258
9010 180.2 -1.602841973603822
9011 180.22 -1.583838519913219
9012 180.24 -1.564332330298284
9013 180.26 -1.544405687446768
9014 180.28 -1.523985579972756
9015 180.3 -1.503112886890741
9016 180.32 -1.481760239499371
9017 180.34 -1.45995019826676
9018 180.36 -1.437720138784561
9019 180.38 -1.415097101953977
9020 180.4 -1.392031937775031
9021 180.42 -1.368648796776679
9022 180.44 -1.344848842348848
9023 180.46 -1.320626433650385
9024 180.48 -1.296030616495851
9025 180.5 -1.270994142080923
9026 180.52 -1.245593689701289
9027 180.54 -1.219748505286677
9028 180.56 -1.1934492882864
9029 180.58 -1.166794995146661
9030 180.6 -1.139890677888859
9031 180.62 -1.11265212243706
9032 180.64 -1.085024089189295
9033 180.66 -1.057119818065443
9034 180.68 -1.028917004090087
9035 180.7 -1.000354048192673
9036 180.72 -0.9714570590818431
9037 180.74 -0.9422779442208165
9038 180.76 -0.9128599098082095
9039 180.78 -0.8831612319130944
9040 180.8 -0.8530745782690325
9041 180.82 -0.8226816072601372
9042 180.84 -0.7920687741556957
9043 180.86 -0.7612275690491767
9044 180.88 -0.7302765219197718
9045 180.9 -0.6990522845198338
9046 180.92 -0.6676217919735404
9047 180.94 -0.6359264017092474
9048 180.96 -0.6039699347193136
9049 180.98 -0.5718184656650932
9050 181 -0.5394682482775738
9051 181.02 -0.5069508754198797
9052 181.04 -0.4742851257927539
9053 181.06 -0.4414208346183988
9054 181.08 -0.4083547133205446
9055 181.1 -0.3750902636180823
9056 181.12 -0.3417536885408997
9057 181.14 -0.3082703160590995
9058 181.16 -0.2746262571859694
9059 181.18 -0.2408617773557091
9060 181.2 -0.2070344009257648
9061 181.22 -0.1731439242495512
9062 181.24 -0.1391613196366862
9063 181.26 -0.1050772552988409
9064 181.28 -0.07100037940824995
9065 181.3 -0.03682673857026114
9066 181.32 -0.00262052750643785
9067 181.34 0.0315754512237461
9068 181.36 0.06582557243986585
9069 181.38 0.100072041440388
9070 181.4 0.1342931913216409
9071 181.42 0.1685540987385592
9072 181.44 0.2028115773729771
9073 181.46 0.2370748963862699
9074 181.48 0.271345372448442
9075 181.5 0.305506128914697
9076 181.52 0.3396846131832061
9077 181.54 0.3738261016443553
9078 181.56 0.4078074845960094
9079 181.58 0.441672493635461
9080 181.6 0.4754091557092293
9081 181.62 0.5090093977781621
9082 181.64 0.5425405998325203
9083 181.66 0.5759592152103761
9084 181.68 0.6091566520272024
9085 181.7 0.6421751111262904
9086 181.72 0.6750119750801182
9087 181.74 0.7076711349658472
9088 181.76 0.7401487539158158
9089 181.78 0.7724002711725149
9090 181.8 0.8044391175799331
9091 181.82 0.8362498666817401
9092 181.84 0.867810767477446
9093 181.86 0.8991157175806601
9094 181.88 0.9301776588269488
9095 181.9 0.9609394239060027
9096 181.92 0.9913868674005132
9097 181.94 1.021538315079602
9098 181.96 1.051345474919876
9099 181.98 1.080768445615051
9100 182 1.109803483602292
9101 182.02 1.138510513511932
9102 182.04 1.166857378830651
9103 182.06 1.194879672588199
9104 182.08 1.222453864079983
9105 182.1 1.249635893145462
9106 182.12 1.276329799932283
9107 182.14 1.302578709249326
9108 182.16 1.328416200954463
9109 182.18 1.353850326697677
9110 182.2 1.378975405835715
9111 182.22 1.403628202896677
9112 182.24 1.42783779118743
9113 182.26 1.451612414637351
9114 182.28 1.47487900894565
9115 182.3 1.497639300105768
9116 182.32 1.520032203359927
9117 182.34 1.541970760083678
9118 182.36 1.563459924971475
9119 182.38 1.58439771142275
9120 182.4 1.604760579169891
9121 182.42 1.624578010244416
9122 182.44 1.643941383802781
9123 182.46 1.662747714785635
9124 182.48 1.681060875444591
9125 182.5 1.698782148010893
9126 182.52 1.7159832735049
9127 182.54 1.732539035482904
9128 182.56 1.748502618359984
9129 182.58 1.763895173805539
9130 182.6 1.778671087455078
9131 182.62 1.792871885855581
9132 182.64 1.806545857034657
9133 182.66 1.819720372593842
9134 182.68 1.832229243153172
9135 182.7 1.844176761876841
9136 182.72 1.855457448874641
9137 182.74 1.866089175042217
9138 182.76 1.87613065977527
9139 182.78 1.885604993084701
9140 182.8 1.894538879939573
9141 182.82 1.902862367249524
9142 182.84 1.910624842266996
9143 182.86 1.917752526409383
9144 182.88 1.924278804724418
9145 182.9 1.930243274851682
9146 182.92 1.935575966560578
9147 182.94 1.940406091156006
9148 182.96 1.944677018545373
9149 182.98 1.948346832692465
9150 183 1.951419983585367
9151 183.02 1.953983385533778
9152 183.04 1.956029153676851
9153 183.06 1.957501670544234
9154 183.08 1.958417503262318
9155 183.1 1.958716674076528
9156 183.12 1.958459953756933
9157 183.14 1.957690185340469
9158 183.16 1.956417949778837
9159 183.18 1.954594675096406
9160 183.2 1.952317345138109
9161 183.22 1.94945768151731
9162 183.24 1.946036166798659
9163 183.26 1.942135106848969
9164 183.28 1.937675238236582
9165 183.3 1.932736425358789
9166 183.32 1.927269094289073
9167 183.34 1.921257412875873
9168 183.36 1.914683819337643
9169 183.38 1.907571543563425
9170 183.4 1.899965726369414
9171 183.42 1.891868469073759
9172 183.44 1.88320336726443
9173 183.46 1.874066963066774
9174 183.48 1.864403418404855
9175 183.5 1.854209442492199
9176 183.52 1.843497628297122
9177 183.54 1.832246701546503
9178 183.56 1.820437729558902
9179 183.58 1.808170422442769
9180 183.6 1.79543308751245
9181 183.62 1.782200585160926
9182 183.64 1.768364367250729
9183 183.66 1.753995839222975
9184 183.68 1.739164709944069
9185 183.7 1.723872695647245
9186 183.72 1.708069537554197
9187 183.74 1.691818317442518
9188 183.76 1.675066921768959
9189 183.78 1.657775799494057
9190 183.8 1.640049999571715
9191 183.82 1.621866877379212
9192 183.84 1.603221467930079
9193 183.86 1.584049699062356
9194 183.88 1.564392624874582
9195 183.9 1.544285482012286
9196 183.92 1.523728510871312
9197 183.94 1.502653867770227
9198 183.96 1.481166360880235
9199 183.98 1.459202592875282
9200 184 1.436890286481985
9201 184.02 1.414128096824557
9202 184.04 1.390993075536716
9203 184.06 1.367413862622556
9204 184.08 1.343434258547583
9205 184.1 1.318993212151666
9206 184.12 1.294193904504486
9207 184.14 1.268973583984765
9208 184.16 1.24343144529223
9209 184.18 1.21746589605201
9210 184.2 1.190982423625358
9211 184.22 1.164189245422067
9212 184.24 1.137069534111837
9213 184.26 1.109644468129966
9214 184.28 1.081887063085455
9215 184.3 1.053778289206847
9216 184.32 1.025304736714632
9217 184.34 0.9965519055790433
9218 184.36 0.967549411145567
9219 184.38 0.9382386468980902
9220 184.4 0.9086089809696055
9221 184.42 0.8786625509297415
9222 184.44 0.8484363108736757
9223 184.46 0.817886799411437
9224 184.48 0.7871200534018662
9225 184.5 0.7561748042436499
9226 184.52 0.7250054659715447
9227 184.54 0.6935038906939516
9228 184.56 0.6617794493030144
9229 184.58 0.6299069437803624
9230 184.6 0.5977885864540915
9231 184.62 0.5654176997277535
9232 184.64 0.5328290469194403
9233 184.66 0.5000927623666757
9234 184.68 0.4671889285900959
9235 184.7 0.4341758862023089
9236 184.72 0.4009792644110693
9237 184.74 0.3675390148758386
9238 184.76 0.3339325205217809
9239 184.78 0.3002206892496954
9240 184.8 0.2664255613795069
9241 184.82 0.2325693150169643
9242 184.84 0.1986321929532839
9243 184.86 0.1645604795904535
9244 184.88 0.1303207637732642
9245 184.9 0.09602792587509892
9246 184.92 0.06178633352286622
9247 184.94 0.02750466144009649
9248 184.96 -0.006832404289517918
9249 184.98 -0.04119024121730681
9250 185 -0.07558453793008883
9251 185.02 -0.1099330731483981
9252 185.04 -0.1443183303742917
9253 185.06 -0.1787607255793069
9254 185.08 -0.2131664280999266
9255 185.1 -0.2475644155415787
9256 185.12 -0.2819021422640426
9257 185.14 -0.3161506669963134
9258 185.16 -0.3503982629314583
9259 185.18 -0.3846079708495356
9260 185.2 -0.4187306618778193
9261 185.22 -0.4526970128420763
9262 185.24 -0.4865039537083267
9263 185.26 -0.5201897277400134
9264 185.28 -0.5537540760698153
9265 185.3 -0.5872187767979208
9266 185.32 -0.6204756080944055
9267 185.34 -0.6534860180134052
9268 185.36 -0.6863728062835212
9269 185.38 -0.7190968852334385
9270 185.4 -0.7515861543184963
9271 185.42 -0.7838807020316814
9272 185.44 -0.8158929754533063
9273 185.46 -0.8476571024399498
9274 185.48 -0.8792218718856756
9275 185.5 -0.9105600875718785
9276 185.52 -0.9416417188015482
9277 185.54 -0.9724256756382958
9278 185.56 -1.002837630065883
9279 185.58 -1.03292054588344
9280 185.6 -1.06262649451735
9281 185.62 -1.092005037542835
9282 185.64 -1.121012344697118
9283 185.66 -1.149669146248789
9284 185.68 -1.177971676130477
9285 185.7 -1.205914303006337
9286 185.72 -1.233357903980808
9287 185.74 -1.260326418645807
9288 185.76 -1.28693724810518
9289 185.78 -1.313133418789912
9290 185.8 -1.338920730469811
9291 185.82 -1.364323606765994
9292 185.84 -1.389254401936401
9293 185.86 -1.413799916442342
9294 185.88 -1.437871211061535
9295 185.9 -1.4615155209718
9296 185.92 -1.484737262259343
9297 185.94 -1.507467011781555
9298 185.96 -1.529719548852362
9299 185.98 -1.551524739069865
9300 186 -1.572807698954228
9301 186.02 -1.59357785205527
9302 186.04 -1.613829434859022
9303 186.06 -1.633579776251119
9304 186.08 -1.652783078911151
9305 186.1 -1.671443613121039
9306 186.12 -1.689574392105625
9307 186.14 -1.707145168870945
9308 186.16 -1.724150125817228
9309 186.18 -1.740582885401998
9310 186.2 -1.756415647600696
9311 186.22 -1.771670945275133
9312 186.24 -1.786220425570617
9313 186.26 -1.800237381245407
9314 186.28 -1.813751823043554
9315 186.3 -1.826681096569004
9316 186.32 -1.838996531162003
9317 186.34 -1.850731114997946
9318 186.36 -1.861805471232975
9319 186.38 -1.872230711228296
9320 186.4 -1.882107213702559
9321 186.42 -1.891410387019169
9322 186.44 -1.900134304731091
9323 186.46 -1.908265178454525
9324 186.48 -1.915820739488426
9325 186.5 -1.922701859179549
9326 186.52 -1.929024352537305
9327 186.54 -1.934789460184545
9328 186.56 -1.939986352662349
9329 186.58 -1.944643876407667
9330 186.6 -1.948713884620819
9331 186.62 -1.95217670161948
9332 186.64 -1.955056161903933
9333 186.66 -1.957417791564942
9334 186.68 -1.959240680934779
9335 186.7 -1.960572222938608
9336 186.72 -1.961287409165664
9337 186.74 -1.961442201302649
9338 186.76 -1.9610416696281
9339 186.78 -1.960177419960111
9340 186.8 -1.958722717670058
9341 186.82 -1.956750220609116
9342 186.84 -1.954302522528655
9343 186.86 -1.951298383970633
9344 186.88 -1.94774267498823
9345 186.9 -1.943678699575975
9346 186.92 -1.939138094259752
9347 186.94 -1.934060578349059
9348 186.96 -1.928471216978503
9349 186.98 -1.922311718415408
9350 187 -1.915615378054525
9351 187.02 -1.908399933460038
9352 187.04 -1.900683023124713
9353 187.06 -1.892441726187402
9354 187.08 -1.883704179495195
9355 187.1 -1.874461663150166
9356 187.12 -1.864699526809628
9357 187.14 -1.854387157257503
9358 187.16 -1.843580696552166
9359 187.18 -1.832254313578996
9360 187.2 -1.82040426528815
9361 187.22 -1.808041408981337
9362 187.24 -1.795164610908452
9363 187.26 -1.781807601108438
9364 187.28 -1.767943955771596
9365 187.3 -1.753543629329236
9366 187.32 -1.738666309596434
9367 187.34 -1.723337855913
9368 187.36 -1.70747285077735
9369 187.38 -1.691139594983957
9370 187.4 -1.674324272719999
9371 187.42 -1.656994470224659
9372 187.44 -1.639217379689365
9373 187.46 -1.620957904958271
9374 187.48 -1.602274512314813
9375 187.5 -1.583102551298624
9376 187.52 -1.563432473528704
9377 187.54 -1.543321913611841
9378 187.56 -1.522763865398268
9379 187.58 -1.501717394543031
9380 187.6 -1.480181136855429
9381 187.62 -1.458183499087736
9382 187.64 -1.435790303043626
9383 187.66 -1.413004523299768
9384 187.68 -1.389785946421286
9385 187.7 -1.366259316882898
9386 187.72 -1.342279400888333
9387 187.74 -1.317905005171756
9388 187.76 -1.293116875040118
9389 187.78 -1.267889840056102
9390 187.8 -1.242308472581005
9391 187.82 -1.216307295544368
9392 187.84 -1.189874784693997
9393 187.86 -1.163095966692451
9394 187.88 -1.136052732589608
9395 187.9 -1.108655008577596
9396 187.92 -1.080869458410955
9397 187.94 -1.052776268976397
9398 187.96 -1.024397239956022
9399 187.98 -0.9957196466898584
9400 188 -0.966645057252068
9401 188.02 -0.9373550106657229
9402 188.04 -0.9077971620169841
9403 188.06 -0.8779577754974165
9404 188.08 -0.8477370127503109
9405 188.1 -0.8172474071702764
9406 188.12 -0.7864967051384685
9407 188.14 -0.7555046059178823
9408 188.16 -0.7244324843427717
9409 188.18 -0.69313471018218
9410 188.2 -0.6616135871636737
9411 188.22 -0.6297823730056473
9412 188.24 -0.5977151336607167
9413 188.26 -0.565435771174527
9414 188.28 -0.5329636834934581
9415 188.3 -0.5003816120044969
9416 188.32 -0.4676458495656188
9417 188.34 -0.4346824647079686
9418 188.36 -0.4014987081160856
9419 188.38 -0.3681704151534889
9420 188.4 -0.3347649505123881
9421 188.42 -0.3012028868289545
9422 188.44 -0.267478382531966
9423 188.46 -0.2336646620250215
9424 188.48 -0.1997993572947125
9425 188.5 -0.1658659080687536
9426 188.52 -0.1318458834421665
9427 188.54 -0.0977017177064808
9428 188.56 -0.06358002027532086
9429 188.58 -0.02935513685301617
9430 188.6 0.00484791327589898
9431 188.62 0.03905378692065942
9432 188.64 0.07331448149235997
9433 188.66 0.1075062058471542
9434 188.68 0.1417316553003598
9435 188.7 0.1759976598595713
9436 188.72 0.2102549643584748
9437 188.74 0.24450914051535
9438 188.76 0.2787802892022007
9439 188.78 0.3129445029404364
9440 188.8 0.3471125089684653
9441 188.82 0.3811741564487918
9442 188.84 0.4150834074764924
9443 188.86 0.448905138804688
9444 188.88 0.482576878993394
9445 188.9 0.5161186013295295
9446 188.92 0.5495967844898627
9447 188.94 0.5829370964757862
9448 188.96 0.616061298052837
9449 188.98 0.6489981449636665
9450 189 0.6817265293839426
9451 189.02 0.714320036900028
9452 189.04 0.7467043368817577
9453 189.06 0.7788448871364794
9454 189.08 0.810795871926408
9455 189.1 0.8424763361028531
9456 189.12 0.8739151151707011
9457 189.14 0.9051425713003848
9458 189.16 0.9360928095115797
9459 189.18 0.9667365496273053
9460 189.2 0.9970429907989975
9461 189.22 1.027024258282857
9462 189.24 1.056644894351378
9463 189.26 1.085928229644239
9464 189.28 1.114806821076188
9465 189.3 1.143334879505142
9466 189.32 1.171511096230083
9467 189.34 1.199388487725219
9468 189.36 1.226781684852833
9469 189.38 1.253821461735105
9470 189.4 1.280950980121962
9471 189.42 1.306432738862346
9472 189.44 1.332079935027986
9473 189.46 1.357339281306238
9474 189.48 1.382882996389765
9475 189.5 1.406812086147806
9476 189.52 1.430828481726426
9477 189.54 1.454438952602967
9478 189.56 1.477528990718905
9479 189.58 1.500136136787997
9480 189.6 1.522346293700168
9481 189.62 1.544108728606769
9482 189.64 1.565411955669107
9483 189.66 1.586164953508201
9484 189.68 1.606378327368809
9485 189.7 1.626041660294838
9486 189.72 1.645194130950692
9487 189.74 1.663846110101912
9488 189.76 1.681988849417486
9489 189.78 1.700175092007298
9490 189.8 1.716576597319664
9491 189.82 1.732934342204838
9492 189.84 1.748756768105762
9493 189.86 1.763937347274466
9494 189.88 1.778540996240382
9495 189.9 1.792563212565768
9496 189.92 1.806132290638651
9497 189.94 1.819107440765147
9498 189.96 1.831452392496529
9499 189.98 1.843205073268803
9500 190 1.854335632512143
9501 190.02 1.86479017050857
9502 190.04 1.874716657852597
9503 190.06 1.884067942197674
9504 190.08 1.892829233881432
9505 190.1 1.901040461708492
9506 190.12 1.908622589255432
9507 190.14 1.915614076523479
9508 190.16 1.921965587584324
9509 190.18 1.927805995069763
9510 190.2 1.933025630127646
9511 190.22 1.937754156396545
9512 190.24 1.941886157973077
9513 190.26 1.945430888223399
9514 190.28 1.948407966779953
9515 190.3 1.950895014584171
9516 190.32 1.952815731768033
9517 190.34 1.954199729363044
9518 190.36 1.954983934603541
9519 190.38 1.955197128630684
9520 190.4 1.954872627061607
9521 190.42 1.954042299502016
9522 190.44 1.952686328894489
9523 190.46 1.950805819772662
9524 190.48 1.948412093920229
9525 190.5 1.945490682083075
9526 190.52 1.942004019249526
9527 190.54 1.938021769748968
9528 190.56 1.933510116372771
9529 190.58 1.928511507718215
9530 190.6 1.923002782940005
9531 190.62 1.916930385757808
9532 190.64 1.910302464182543
9533 190.66 1.903184095664883
9534 190.68 1.895543639468362
9535 190.7 1.887401503254507
9536 190.72 1.878708393570321
9537 190.74 1.869547094697618
9538 190.76 1.859857272820708
9539 190.78 1.849648043382495
9540 190.8 1.838917467752132
9541 190.82 1.827661525398573
9542 190.84 1.815824907200654
9543 190.86 1.803533945157067
9544 190.88 1.790824288921077
9545 190.9 1.777569930210078
9546 190.92 1.763737964343169
9547 190.94 1.749391914566095
9548 190.96 1.734561120063804
9549 190.98 1.719268481657032
9550 191 1.703519085136808
9551 191.02 1.687280459768707
9552 191.04 1.670549223497631
9553 191.06 1.653293653283684
9554 191.08 1.635593456022455
9555 191.1 1.617449647756385
9556 191.12 1.598805058662199
9557 191.14 1.57967707388105
9558 191.16 1.560068422914207
9559 191.18 1.540009745746031
9560 191.2 1.519475917551962
9561 191.22 1.498460902341442
9562 191.24 1.477002178969096
9563 191.26 1.455089532615592
9564 191.28 1.43283439123845
9565 191.3 1.410119215644624
9566 191.32 1.387031194454388
9567 191.34 1.363521778256027
9568 191.36 1.339603230767507
9569 191.38 1.315216938893123
9570 191.4 1.29049957756062
9571 191.42 1.265342967364159
9572 191.44 1.239850625836904
9573 191.46 1.213937839895993
9574 191.48 1.187553656214756
9575 191.5 1.160832674284618
9576 191.52 1.133796457124931
9577 191.54 1.106434327475546
9578 191.56 1.078767615897055
9579 191.58 1.050744485472939
9580 191.6 1.02234358016431
9581 191.62 0.9936660704947008
9582 191.64 0.9647470140836768
9583 191.66 0.9355560073287448
9584 191.68 0.9060037593995134
9585 191.7 0.8761236383979853
9586 191.72 0.8459574740255359
9587 191.74 0.8154819434387905
9588 191.76 0.7847929587967174
9589 191.78 0.7540124286438165
9590 191.8 0.7229175743191167
9591 191.82 0.6915099502970242
9592 191.84 0.6598820265892262
9593 191.86 0.6280648715619563
9594 191.88 0.5960328936892713
9595 191.9 0.5637982126335804
9596 191.92 0.5313160565959996
9597 191.94 0.4986718994295513
9598 191.96 0.465834333049337
9599 191.98 0.4329117046450244
9600 192 0.3998262952452117
9601 192.02 0.3664558415578763
9602 192.04 0.3329476972695595
9603 192.06 0.2993212570949862
9604 192.08 0.2655790332357891
9605 192.1 0.2318329578100417
9606 192.12 0.1980036772120774
9607 192.14 0.1640020950313082
9608 192.16 0.1298366690440253
9609 192.18 0.09561296577966009
9610 192.2 0.06143378785487659
9611 192.22 0.02726092431779032
9612 192.24 -0.00699220218436796
9613 192.26 -0.04127770944699691
9614 192.28 -0.0755973900536227
9615 192.3 -0.1099058225930385
9616 192.32 -0.1442241798571852
9617 192.34 -0.1786134064066867
9618 192.36 -0.2129686096198889
9619 192.38 -0.2473178101761034
9620 192.4 -0.2816143593655774
9621 192.42 -0.3158169185088515
9622 192.44 -0.3499788771421346
9623 192.46 -0.3841494961031846
9624 192.48 -0.4182054472451733
9625 192.5 -0.4521437725723427
9626 192.52 -0.4859191800005141
9627 192.54 -0.5195618125227301
9628 192.56 -0.5531105552385628
9629 192.58 -0.5865400632476855
9630 192.6 -0.6197552200909957
9631 192.62 -0.6527507334507119
9632 192.64 -0.6856292728627191
9633 192.66 -0.7183066368413525
9634 192.68 -0.7507784577469482
9635 192.7 -0.7830568692774311
9636 192.72 -0.8150659653481627
9637 192.74 -0.8468226310408127
9638 192.76 -0.8783773574285191
9639 192.78 -0.909677497548675
9640 192.8 -0.9407453370188179
9641 192.82 -0.9715189566901712
9642 192.84 -1.001944058992313
9643 192.86 -1.032046397811093
9644 192.88 -1.061785072732551
9645 192.9 -1.091148257935297
9646 192.92 -1.120206607079128
9647 192.94 -1.148891684478562
9648 192.96 -1.177209225940099
9649 192.98 -1.205162389477785
9650 193 -1.232591763733697
9651 193.02 -1.259595857947498
9652 193.04 -1.28624757952432
9653 193.06 -1.312480272755269
9654 193.08 -1.338321272879058
9655 193.1 -1.363719100565312
9656 193.12 -1.388680785363249
9657 193.14 -1.413250635923005
9658 193.16 -1.43734504173958
9659 193.18 -1.461016685080849
9660 193.2 -1.484253920547074
9661 193.22 -1.507020583707335
9662 193.24 -1.529302483036295
9663 193.26 -1.551164893409514
9664 193.28 -1.572482653571166
9665 193.3 -1.593282499598605
9666 193.32 -1.61353928987204
9667 193.34 -1.633299125126042
9668 193.36 -1.652532476943408
9669 193.38 -1.67122644286644
9670 193.4 -1.689379466615313
9671 193.42 -1.706967445688667
9672 193.44 -1.723985022843701
9673 193.46 -1.740472052864585
9674 193.48 -1.756353441727487
9675 193.5 -1.771629361615762
9676 193.52 -1.786244060215946
9677 193.54 -1.800266967621396
9678 193.56 -1.813801635003037
9679 193.58 -1.826776554302305
9680 193.6 -1.839104225517304
9681 193.62 -1.850869191154386
9682 193.64 -1.861966676277822
9683 193.66 -1.872431912160797
9684 193.68 -1.882316473728383
9685 193.7 -1.891662290163331
9686 193.72 -1.900443415232636
9687 193.74 -1.908584000963067
9688 193.76 -1.91615059767766
9689 193.78 -1.923081205349839
9690 193.8 -1.929435337228826
9691 193.82 -1.935231917705093
9692 193.84 -1.94041844233944
9693 193.86 -1.945072667416864
9694 193.88 -1.949185494849793
9695 193.9 -1.952626625212631
9696 193.92 -1.955562810164642
9697 193.94 -1.957926614016929
9698 193.96 -1.959789777326207
9699 193.98 -1.961087198528595
9700 194 -1.961780916870893
9701 194.02 -1.961952216961769
9702 194.04 -1.961532643531306
9703 194.06 -1.960633150070345
9704 194.08 -1.959171700451985
9705 194.1 -1.957204672731346
9706 194.12 -1.954743803242883
9707 194.14 -1.951734072411184
9708 194.16 -1.948159902272699
9709 194.18 -1.944070153631691
9710 194.2 -1.939499290896162
9711 194.22 -1.934386031336248
9712 194.24 -1.928733736391133
9713 194.26 -1.922537700953531
9714 194.28 -1.915809254758777
9715 194.3 -1.908542601515082
9716 194.32 -1.900777642660737
9717 194.34 -1.892493824610958
9718 194.36 -1.883684161400711
9719 194.38 -1.874402378833926
9720 194.4 -1.864546439778316
9721 194.42 -1.854171407919468
9722 194.44 -1.843296229751141
9723 194.46 -1.831894498400184
9724 194.48 -1.819954854627131
9725 194.5 -1.807520986664249
9726 194.52 -1.794570960396958
9727 194.54 -1.781136072779651
9728 194.56 -1.767180731926071
9729 194.58 -1.752698319500483
9730 194.6 -1.73772831538497
9731 194.62 -1.722293420931871
9732 194.64 -1.706342648047909
9733 194.66 -1.689905950746484
9734 194.68 -1.672996195282027
9735 194.7 -1.655563561596988
9736 194.72 -1.637697904466068
9737 194.74 -1.619335684476572
9738 194.76 -1.600543719420365
9739 194.78 -1.58124470029146
9740 194.8 -1.561469216106407
9741 194.82 -1.541247485273795
9742 194.84 -1.520539745176019
9743 194.86 -1.49938399883737
9744 194.88 -1.477727849515981
9745 194.9 -1.455653931658497
9746 194.92 -1.433147340155393
9747 194.94 -1.410252889098787
9748 194.96 -1.386938073568543
9749 194.98 -1.363290059820772
9750 195 -1.339153686147322
9751 195.02 -1.314679824014821
9752 195.04 -1.289766116049463
9753 195.06 -1.264406961015044
9754 195.08 -1.238682348162389
9755 195.1 -1.212553572722511
9756 195.12 -1.185994280287643
9757 195.14 -1.159089031625907
9758 195.16 -1.131931458812108
9759 195.18 -1.104402377792207
9760 195.2 -1.076501487006837
9761 195.22 -1.048266050957648
9762 195.24 -1.019790215108114
9763 195.26 -0.9909571154793583
9764 195.28 -0.9617682715239492
9765 195.3 -0.9323419229891161
9766 195.32 -0.902681468513493
9767 195.34 -0.8726964450206642
9768 195.36 -0.8423380936727913
9769 195.38 -0.811686083148955
9770 195.4 -0.7807928488914546
9771 195.42 -0.7497536754089151
9772 195.44 -0.7185548685325297
9773 195.46 -0.687119215039633
9774 195.48 -0.65541643817151
9775 195.5 -0.6234670647111316
9776 195.52 -0.5912481743949637
9777 195.54 -0.5588205601853109
9778 195.56 -0.5262219403468054
9779 195.58 -0.4935126633059623
9780 195.6 -0.4606339361006869
9781 195.62 -0.4275399436450403
9782 195.64 -0.3942200178939716
9783 195.66 -0.360778210459126
9784 195.68 -0.3272285433144252
9785 195.7 -0.293527286025527
9786 195.72 -0.259688944225513
9787 195.74 -0.2257857165196771
9788 195.76 -0.1917890254603095
9789 195.78 -0.157753131934058
9790 195.8 -0.1236145969070072
9791 195.82 -0.0893379946268365
9792 195.84 -0.05508842521700059
9793 195.86 -0.02076388737796319
9794 195.88 0.01354616100106916
9795 195.9 0.04787359408639548
9796 195.92 0.08220139745906693
9797 195.94 0.1165019149032047
9798 195.96 0.1508534313134944
9799 195.98 0.1852090397255715
9800 196 0.2195512356651943
9801 196.02 0.2539127165771491
9802 196.04 0.2882699883263592
9803 196.06 0.3225048143254741
9804 196.08 0.3567681968196864
9805 196.1 0.3908743119568414
9806 196.12 0.4248561678813358
9807 196.14 0.458728842711015
9808 196.16 0.4924651822301228
9809 196.18 0.5260547386291389
9810 196.2 0.5596058729319306
9811 196.22 0.5929713349907665
9812 196.24 0.6261251422171762
9813 196.26 0.6591092045304022
9814 196.28 0.6919018740364601
9815 196.3 0.7245136451713652
9816 196.32 0.7569004433807078
9817 196.34 0.7890913780086197
9818 196.36 0.8210491030257707
9819 196.38 0.852742498731649
9820 196.4 0.8841919556482228
9821 196.42 0.9154246445366938
9822 196.44 0.94695406140907
9823 196.46 0.9770453034383889
9824 196.48 1.007331435865162
9825 196.5 1.037277673436142
9826 196.52 1.066870483587255
9827 196.54 1.096106321617548
9828 196.56 1.124950865059436
9829 196.58 1.15343175734367
9830 196.6 1.181597614755626
9831 196.62 1.209404295289626
9832 196.64 1.236748698287995
9833 196.66 1.263690224781607
9834 196.68 1.290739994379033
9835 196.7 1.316153439421837
9836 196.72 1.341715871415065
9837 196.74 1.36694249650176
9838 196.76 1.391801676460294
9839 196.78 1.416240713674938
9840 196.8 1.440195614464332
9841 196.82 1.463700861635477
9842 196.84 1.486677479814446
9843 196.86 1.509204118832509
9844 196.88 1.531346048979723
9845 196.9 1.553006473065834
9846 196.92 1.574188140929488
9847 196.94 1.594832145222241
9848 196.96 1.614923008326017
9849 196.98 1.634478461757781
9850 197 1.653510411296557
9851 197.02 1.672058627355706
9852 197.04 1.690048203404005
9853 197.06 1.707506096268508
9854 197.08 1.724363119588423
9855 197.1 1.740571788849385
9856 197.12 1.756219297403106
9857 197.14 1.771254277263917
9858 197.16 1.785695754571595
9859 197.18 1.799598818464108
9860 197.2 1.813022406136007
9861 197.22 1.825831992901585
9862 197.24 1.838010139777112
9863 197.26 1.849582418291807
9864 197.28 1.860513927215835
9865 197.3 1.870842996145531
9866 197.32 1.880589782015721
9867 197.34 1.889778339788337
9868 197.36 1.898381068377453
9869 197.38 1.906430715594714
9870 197.4 1.913816325849916
9871 197.42 1.920606770620997
9872 197.44 1.926782899052878
9873 197.46 1.932435150067183
9874 197.48 1.937525417584859
9875 197.5 1.942065588145737
9876 197.52 1.946019195056572
9877 197.54 1.949390433015745
9878 197.56 1.952164169136608
9879 197.58 1.95447198041103
9880 197.6 1.956214094252036
9881 197.62 1.9574100958856
9882 197.64 1.958063661238026
9883 197.66 1.958111931830166
9884 197.68 1.957622283860889
9885 197.7 1.956621701590114
9886 197.72 1.9551112276555
9887 197.74 1.953060414657049
9888 197.76 1.950522768517387
9889 197.78 1.947455893740892
9890 197.8 1.943802433668054
9891 197.82 1.93968044537836
9892 197.84 1.935044743946651
9893 197.86 1.929917123892946
9894 197.88 1.924222040403585
9895 197.9 1.918045432323951
9896 197.92 1.91124206557043
9897 197.94 1.903997396742839
9898 197.96 1.896225338283478
9899 197.98 1.887937828328397
9900 198 1.879142919202923
9901 198.02 1.869836720585982
9902 198.04 1.860016380476698
9903 198.06 1.849684118003172
9904 198.08 1.838858700269768
9905 198.1 1.82745505200889
9906 198.12 1.815530147137442
9907 198.14 1.803089485711301
9908 198.16 1.790253387792189
9909 198.18 1.77688520511821
9910 198.2 1.762968091537683
9911 198.22 1.748527345820149
9912 198.24 1.733585186048972
9913 198.26 1.718185908057275
9914 198.28 1.702309431787094
9915 198.3 1.685981586825246
9916 198.32 1.669128638034204
9917 198.34 1.651766117430377
9918 198.36 1.633986597667863
9919 198.38 1.61571587873655
9920 198.4 1.597013033101143
9921 198.42 1.577775603864479
9922 198.44 1.55807659919241
9923 198.46 1.537942795430449
9924 198.48 1.517343170878029
9925 198.5 1.496236213708477
9926 198.52 1.474692912713446
9927 198.54 1.452669433968321
9928 198.56 1.430317658620349
9929 198.58 1.407540784998884
9930 198.6 1.384361937655269
9931 198.62 1.360781066441673
9932 198.64 1.336798855957025
9933 198.66 1.312335928500816
9934 198.68 1.28756175055959
9935 198.7 1.262362253064461
9936 198.72 1.236825608680359
9937 198.74 1.210843681622244
9938 198.76 1.184418818658168
9939 198.78 1.157644968780134
9940 198.8 1.130555261495658
9941 198.82 1.103135233274712
9942 198.84 1.075408728339798
9943 198.86 1.047324092658474
9944 198.88 1.018882363435852
9945 198.9 0.9901964531795775
9946 198.92 0.9612503907081063
9947 198.94 0.932026634903257
9948 198.96 0.9024170656244176
9949 198.98 0.8725287431841842
9950 199 0.8423647320606458
9951 199.02 0.8119313288843567
9952 199.04 0.7812257201825109
9953 199.06 0.7503677650806018
9954 199.08 0.7192675540867715
9955 199.1 0.6878850891966033
9956 199.12 0.6562785273440765
9957 199.14 0.6245147043746521
9958 199.16 0.5924937257944803
9959 199.18 0.5602557133035437
9960 199.2 0.5277857013896223
9961 199.22 0.4951709665291926
9962 199.24 0.4623923897709423
9963 199.26 0.4295278786392987
9964 199.28 0.3964366280344147
9965 199.3 0.3630758958361058
9966 199.32 0.3296341277811215
9967 199.34 0.296066853954369
9968 199.36 0.262386339244727
9969 199.38 0.2287159949000499
9970 199.4 0.1949193974131816
9971 199.42 0.1609619340412675
9972 199.44 0.1268690682193174
9973 199.46 0.09274206950816939
9974 199.48 0.05865432138775158
9975 199.5 0.02452961808842023
9976 199.52 -0.009651765744483381
9977 199.54 -0.04387367670984087
9978 199.56 -0.07807926258910934
9979 199.58 -0.1122518249753217
9980 199.6 -0.1464926243279608
9981 199.62 -0.1807910917457854
9982 199.64 -0.2150423527035237
9983 199.66 -0.2492846638978763
9984 199.68 -0.2834491603809531
9985 199.7 -0.3175494927378308
9986 199.72 -0.3516436016053583
9987 199.74 -0.3856971342261778
9988 199.76 -0.4196486074535868
9989 199.78 -0.4534276965916726
9990 199.8 -0.4870969905844663
9991 199.82 -0.5206406628621445
9992 199.84 -0.5540912395667327
9993 199.86 -0.5873633881274168
9994 199.88 -0.6204416641807221
9995 199.9 -0.6533136583781445
9996 199.92 -0.6860927252555633
9997 199.94 -0.7186472018146413
9998 199.96 -0.7509916853714724
9999 199.98 -0.783126136057317
10000 200 -0.8149909512310914
10001 200.02 -0.8466136148737536
10002 200.04 -0.8780367568968646
10003 200.06 -0.9092015000804038
10004 200.08 -0.940137132528254
10005 200.1 -0.9707821375541962
10006 200.12 -1.001062488080964
10007 200.14 -1.031020709199344
10008 200.16 -1.060605259923388
10009 200.18 -1.089838936797783
10010 200.2 -1.118736625478687
10011 200.22 -1.147278272229605
10012 200.24 -1.17547852714019
10013 200.26 -1.203297590517263
10014 200.28 -1.230614498924157
10015 200.3 -1.257505664001305
10016 200.32 -1.283996624646647
10017 200.34 -1.310107412855336
10018 200.36 -1.33581896240692
10019 200.38 -1.361143542292786
10020 200.4 -1.385952666776898
10021 200.42 -1.410397965466638
10022 200.44 -1.434387881909984
10023 200.46 -1.457959487809477
10024 200.48 -1.481071926127102
10025 200.5 -1.503726154046889
10026 200.52 -1.525895716341458
10027 200.54 -1.547634834631332
10028 200.56 -1.568834110016196
